brand;model;price;rating;reviews_count;diagonal;h_resolution;v_resolution;refresh_rate;panel_type;brightness;contrast;h_view_angle;v_view_angle;curvature_radius;hdmi_count;hdmi_version;dp_count;dp_version;has_vga;has_dvi;has_usbc;usb_count;has_amd_sync;has_nvidia_sync;has_adaptive_sync;is_smart
MSI;PRO MP273A;10999;4.82;2400;27.0;1920;1080;100;IPS;300;1000;178;178;;1;1.4b;1;1.2a;True;False;False;0;False;False;True;False
ARDOR GAMING;INFINITY PRO AQ27H1;16599;4.76;1600;27.0;2560;1440;200;IPS;450;1000;178;178;;2;2.1;2;1.4;False;False;False;0;True;True;False;False
DEXP;DF24N1;6999;4.83;1600;23.8;1920;1080;100;IPS;300;1000;178;178;;1;2.0;0;;True;False;False;0;True;False;False;False
Xiaomi;G27Qi 2026;16699;4.81;284;27.0;2560;1440;200;IPS;400;1000;178;178;;2;2.0;2;1.4;False;False;False;0;True;False;False;False
Xiaomi;A24i;8399;4.84;934;23.8;1920;1080;100;IPS;250;1000;178;178;;1;1.4;1;1.2;False;False;False;0;False;False;False;False
DEXP;DF22N2S;5199;4.77;895;21.45;1920;1080;100;VA;250;3000;178;178;;1;1.4;0;;True;False;False;0;True;False;False;False
MSI;MAG 275QF;17399;4.83;1200;27.0;2560;1440;180;IPS;300;1000;178;178;;2;2.0b;1;1.4;False;False;False;0;False;False;True;False
Samsung;Odyssey G5 G53F S27FG532EI;19499;4.84;516;27.0;2560;1440;200;IPS;300;1000;178;178;;2;2.0;1;1.4;False;False;False;0;True;False;False;False
MSI;PRO MP243X;7699;4.8;1700;23.8;1920;1080;100;IPS;300;1000;178;178;;1;1.4;1;1.2a;False;False;False;0;False;False;True;False
MSI;MAG 274QF X24;18599;4.79;517;27.0;2560;1440;240;IPS;250;1000;178;178;;2;2.0b;1;1.4a;False;False;False;0;True;False;False;False
Xiaomi;G24i 2026;11299;4.84;563;23.8;1920;1080;200;IPS;400;1000;178;178;;1;2.0;1;1.4;False;False;False;0;True;True;False;False
Samsung;S3 S32GF S24F320GAI;8999;4.81;354;24.0;1920;1080;120;IPS;250;1000;178;178;;2;1.4;0;;False;False;False;0;False;False;False;False
Xiaomi;A27i;9999;4.85;563;27.0;1920;1080;100;IPS;250;1000;178;178;;1;2.0;1;1.2;False;False;False;0;False;False;False;False
AOC;24B36H;6999;4.83;128;23.8;1920;1080;120;IPS;250;1500;178;178;;1;1.4;0;;True;False;False;0;False;False;True;False
ARDOR GAMING;DARKMOON AQ27N1;14799;4.84;264;27.0;2560;1440;200;IPS;300;1200;178;178;;2;2.1;2;1.4;False;False;False;0;True;True;False;False
Acer;KA272G0bi;9199;4.92;206;27.0;1920;1080;120;IPS;250;1500;178;178;;1;1.4;0;;True;False;False;0;True;False;False;False
Samsung;Odyssey G5 G50SF S27FG502SI;38999;4.86;456;27.0;2560;1440;180;OLED;200;1000000;178;178;;1;2.0;1;1.2;False;False;False;0;True;True;False;False
DEXP;DF27N2;8699;4.81;370;27.0;1920;1080;100;VA;300;4000;178;178;;1;2.0;0;;True;False;False;0;True;False;False;False
MSI;PRO MP275Q;13499;4.85;547;27.0;2560;1440;100;IPS;300;1300;178;178;;2;2.0b;1;1.2a;False;False;False;0;False;False;True;False
MSI;G242L E14;8999;4.88;709;23.8;1920;1080;144;IPS;300;1500;178;178;;1;1.4b;1;1.2a;False;False;False;0;False;False;True;False
DEXP;DQ32N1;15199;4.81;882;31.5;2560;1440;100;IPS;350;1000;178;178;;2;2.1;1;1.4;False;False;False;0;True;True;False;False
LG;UltraGear 24GS60F-B;9799;4.77;1200;23.8;1920;1080;180;IPS;300;1000;178;178;;1;2.0;1;1.4;False;False;False;0;True;True;False;False
DEXP;DF24N2;6699;4.75;773;23.8;1920;1080;100;VA;300;4000;178;178;;1;2.0;0;;True;False;False;0;True;False;False;False
ARDOR GAMING;INFINITY AF27H1;13999;4.76;169;27.0;1920;1080;240;IPS;300;1000;178;178;;2;2.1;1;1.4;False;False;False;0;True;True;False;False
Xiaomi;A27Qi 2026;12899;4.98;59;27.0;2560;1440;120;IPS;300;1300;178;178;;1;2.0;1;1.4;False;False;False;0;False;False;False;False
MSI;PRO MP2412;7199;4.74;1400;23.8;1920;1080;100;VA;300;4000;178;178;;1;1.4b;1;1.2a;False;False;False;0;True;False;False;False
DEXP;DF24N1S;6899;4.82;165;23.8;1920;1080;100;IPS;250;1000;178;178;;1;1.4;0;;True;False;False;0;True;False;False;False
ARDOR GAMING;QUASAR AQW34H3;26999;4.8;781;34.0;3440;1440;180;VA;350;4000;178;178;1500;2;2.1;1;1.4;False;False;False;2;False;False;False;False
ASUS;ROG Strix XG27ACS-W;24999;4.82;416;27.0;2560;1440;180;IPS;400;1000;178;178;;1;2.0;1;1.4;False;False;True;0;True;True;True;False
AOC;27B30H3;8599;4.87;149;27.0;1920;1080;120;IPS;300;1500;178;178;;1;1.4;0;;True;False;False;0;False;False;False;False
AOC;27B36X;8999;4.85;236;27.0;1920;1080;144;IPS;250;1500;178;178;;1;1.4;1;1.4;False;False;False;0;False;False;True;False
ARDOR GAMING;HORIZON AQ32H3;19499;4.8;281;31.5;2560;1440;180;VA;300;3500;178;178;1500;2;2.0;2;1.4;False;False;False;0;True;True;False;False
Samsung;Odyssey G4 G40B S25BG400EI;17999;4.72;792;25.0;1920;1080;240;IPS;400;1000;178;178;;2;2.0;1;1.2;False;False;False;0;True;True;False;False
Philips;27E2N2500;11999;4.86;180;27.0;2560;1440;120;IPS;300;1500;178;178;;1;2.0;1;1.4;False;False;False;0;False;False;True;False
LG;27GS75Q-B;22499;4.79;558;27.0;2560;1440;180;IPS;300;1000;178;178;;2;2.0;1;1.4;False;False;False;0;True;True;False;False
MSI;G255F;10999;4.79;961;24.5;1920;1080;180;IPS;300;1000;178;178;;2;2.0b;1;1.2a;False;False;False;0;False;False;True;False
ARDOR GAMING;PORTAL AF24H1;10999;4.75;912;23.8;1920;1080;180;IPS;350;1000;178;178;;2;2.0;1;1.4;False;False;False;0;True;True;False;False
DEXP;DQ27N1 V2;8999;4.73;312;27.0;2560;1440;100;IPS;300;1300;178;178;;2;2.1;1;1.4;False;False;False;0;True;True;False;False
AOC;24B36X;8599;4.82;314;23.8;1920;1080;144;IPS;250;1500;178;178;;1;1.4;1;1.4;False;False;False;0;False;False;True;False
AOC;Q27G40E;12399;4.67;186;27.0;2560;1440;180;IPS;300;1000;178;178;;1;2.0;1;1.4;False;False;False;0;False;True;False;False
Acer;Nitro XV271UM3BMIIPRX;15899;4.78;418;27.0;2560;1440;180;IPS;250;1000;178;178;;2;2.0;1;1.2;False;False;False;0;True;False;False;False
Xiaomi;2K Monitor A27Qi;14999;4.87;455;27.0;2560;1440;100;IPS;250;1000;178;178;;1;2.0;1;1.4;False;False;False;0;False;False;False;False
Hisense;27N3Q;8599;4.93;67;27.0;1920;1080;144;IPS;250;1000;89;89;;1;1.4;0;;True;False;False;0;False;False;True;False
MSI;MAG 245F X24;13999;4.82;118;23.8;1920;1080;240;IPS;300;1000;178;178;;2;2.0b;1;1.2a;False;False;False;0;False;False;True;False
MSI;PRO MP275 E2;12499;4.89;296;27.0;1920;1080;120;IPS;300;1500;178;178;;1;2.0;1;1.2a;True;False;False;0;False;False;True;False
ASUS;VA249HG;7399;4.82;89;23.8;1920;1080;120;IPS;300;1500;178;178;;1;1.4;0;;True;False;False;0;False;False;True;False
DEXP;DF27N1;8899;4.83;1600;27.0;1920;1080;100;IPS;300;1300;178;178;;1;2.1;0;;True;False;False;0;False;False;False;False
Acer;SA242YH1bi;6999;4.79;119;23.8;1920;1080;100;VA;250;3000;178;178;;1;1.4;0;;True;False;False;0;False;False;False;False
Xiaomi;A24i 2026;7899;4.8;60;23.8;1920;1080;144;IPS;300;1500;178;178;;1;2.0;1;1.4;False;False;False;0;False;False;False;False
Samsung;Essential S3 S30GD S27D300GAI;11299;4.73;137;27.0;1920;1080;100;IPS;250;1000;178;178;;1;1.4;0;;True;False;False;0;False;False;False;False
ASUS;TUF Gaming VG27AQ5A;18999;4.74;133;27.0;2560;1440;210;IPS;300;1300;178;178;;2;2.0;1;1.4;False;False;False;0;True;False;True;False
AOC;Q27B30S3;10499;4.62;156;27.0;2560;1440;120;IPS;300;1500;178;178;;1;2.0;1;1.4;False;False;False;0;False;False;False;False
ARDOR GAMING;PORTAL AF24H1;11899;4.69;10900;23.8;1920;1080;144;IPS;280;1000;178;178;;2;2.0;2;1.4;False;False;False;0;True;True;False;False
MSI;PRO MP275W E2;12999;4.88;356;27.0;1920;1080;120;IPS;300;1500;178;178;;1;2.0;1;1.2a;True;False;False;0;False;False;True;False
Xiaomi;G27i 2026;12199;4.87;217;27.0;1920;1080;200;IPS;400;1000;178;178;;1;2.0;1;1.4;False;False;False;0;True;True;False;False
Samsung;Odyssey G5 G55T C34G55TWWI;26699;4.64;936;34.0;3440;1440;165;VA;250;2500;178;178;1000;1;2.0;1;1.4;False;False;False;0;True;False;False;False
MSI;PRO MP225V;6999;4.76;151;21.45;1920;1080;100;VA;300;4000;178;178;;1;1.4b;0;;True;False;False;0;False;False;True;False
DEXP;DQ27N1;9299;4.83;431;27.0;2560;1440;100;IPS;300;1300;178;178;;2;2.1;1;1.4;False;False;False;0;False;False;False;False
TCL;25G64;19999;4.76;607;24.5;1920;1080;300;IPS;600;1000;178;178;;2;2.1;1;1.4;False;False;False;0;True;True;False;False
MSI;PRO MP251 E2;8999;4.89;287;24.5;1920;1080;120;IPS;300;1500;178;178;;1;2.0;1;1.4a;True;False;False;0;False;False;True;False
Samsung;S4 S40GD S27D400GAI;11799;4.74;44;27.0;1920;1080;100;IPS;250;1000;178;178;;2;1.4;1;1.2;False;False;False;2;False;False;False;False
Samsung;Odyssey OLED G6 G60SD S27DG600SI;59999;4.76;394;27.0;2560;1440;360;OLED;250;1000000;178;178;;2;2.1;1;1.4;False;False;False;2;True;False;False;False
Samsung;Odyssey G5 G50F;25999;4.86;44;32.0;2560;1440;;IPS;240;1000;178;178;;1;2.0;1;1.2;False;False;False;0;True;True;False;False
AOC;CU34G4;25199;4.76;328;34.0;3440;1440;180;VA;300;2500;178;178;1500;2;2.0;1;1.4;False;False;False;0;True;False;True;False
GIGABYTE;GS27QA EU;15899;4.76;178;27.0;2560;1440;180;IPS;300;1000;178;178;;2;2.0;1;1.4;False;False;False;0;True;False;False;False
MSI;MAG 274F;14499;4.85;513;27.0;1920;1080;200;IPS;300;1000;178;178;;1;2.0b;1;1.2a;False;False;False;0;False;False;True;False
DEXP;DQ27N1 V3;11499;4.86;51;27.0;2560;1440;144;IPS;300;1500;178;178;;2;2.1;1;1.4;False;False;False;0;False;False;False;False
Machenike;MJF24F200;8499;4.62;98;23.8;1920;1080;200;IPS;250;1000;178;178;;2;2.0;1;1.4;False;False;False;0;False;False;True;False
LG;27MR400-B;9499;4.81;537;27.0;1920;1080;100;IPS;250;1300;178;178;;1;1.4;0;;True;False;False;0;True;False;False;False
MSI;MAG 27CQ6F;17899;4.81;494;27.0;2560;1440;180;VA;300;5000;178;178;1500;2;2.0b;1;1.4;False;False;False;0;False;False;True;False
ARDOR GAMING;SUPERNOVA PRO AQ32H1UE;21899;4.77;807;31.5;2560;1440;180;IPS;300;1000;178;178;;2;2.1;2;1.4;False;False;False;1;True;False;False;False
ARDOR GAMING;QUASAR AQW34H3;28299;4.8;781;34.0;3440;1440;180;VA;350;4000;178;178;1500;2;2.1;1;1.4;False;False;False;2;True;True;False;False
Samsung;Odyssey G5 G55C S27CG550EI;16499;4.69;202;27.0;2560;1440;165;VA;300;2500;178;178;1000;1;2.0;1;1.2;False;False;False;0;True;False;False;False
Philips;27M2N3500PF;15899;4.48;321;27.0;2560;1440;260;IPS;300;1000;178;178;;2;2.0;1;1.4;False;False;False;0;False;False;True;False
ARDOR GAMING;AURORA AQ27H3;17499;4.78;238;27.0;2560;1440;180;VA;300;5000;178;178;1500;2;2.0;2;1.4;False;False;False;0;True;True;False;False
ARDOR GAMING;PORTAL V2 AF24H1;11999;4.71;145;23.8;1920;1080;240;IPS;300;1000;178;178;;2;2.1;1;1.4;False;False;False;0;True;True;False;False
Aceline;GS CF24N4;6999;4.65;201;23.8;1920;1080;180;IPS;300;1000;178;178;;1;1.4;1;1.2;False;False;False;0;False;False;True;False
ASUS;ProArt PA278CGV;36999;4.88;180;27.0;2560;1440;144;IPS;400;1000;178;178;;2;2.0;1;1.4;False;False;True;4;True;False;False;False
Aceline;CF20N2;4999;4.55;85;19.5;1600;900;75;TN;220;600;140;110;;1;1.4;0;;True;False;False;0;False;False;False;False
ARDOR GAMING;PORTAL AF24H1;10999;4.75;912;23.8;1920;1080;180;IPS;300;1000;178;178;;2;2.0;1;1.4;False;False;False;0;True;True;False;False
ASUS;ROG Strix XG27ACS;23999;4.74;486;27.0;2560;1440;180;IPS;400;1000;178;178;;1;2.0;1;1.4;False;False;True;0;True;True;True;False
AOC;CS25G;18999;4.64;128;24.5;1920;1080;310;IPS;350;1000;176;170;;2;2.0;1;1.4;False;False;False;0;False;True;False;False
ASUS;TUF Gaming VG32WQ3B;22999;4.86;98;31.5;2560;1440;180;VA;300;3500;178;178;1500;2;2.0;1;1.4;False;False;False;0;True;False;False;False
Samsung;Odyssey G6 S27FG606EI;35999;4.7;164;27.0;2560;1440;350;IPS;350;1000;178;178;;1;2.1;1;1.4;False;False;False;0;True;True;False;False
DEXP;DQ27N2;10199;4.8;178;27.0;2560;1440;100;IPS;300;1300;178;178;;1;2.0;1;1.4;False;False;False;0;True;True;False;False
LG;UltraGear 27G411A-B;10499;4.84;54;27.0;1920;1080;144;IPS;250;1500;178;178;;1;2.0;1;1.4;False;False;False;0;True;True;False;False
Acer;EK271P6bi;7899;4.85;169;27.0;1920;1080;144;IPS;250;1000;178;178;;1;1.4;0;;True;False;False;0;True;False;False;False
Philips;27M2C5200W;15999;4.91;80;27.0;1920;1080;280;VA;300;4000;178;178;1500;2;2.0;1;1.4;False;False;False;0;False;False;True;False
DEXP;DF22N2;5999;4.71;482;21.45;1920;1080;100;VA;250;3000;178;178;;1;1.4;0;;True;False;False;0;False;False;False;False
Xiaomi;Curved Gaming Monitor G34WQi 2026;27699;4.94;16;34.0;3440;1440;180;VA;350;4000;178;178;1500;2;2.0;2;1.4;False;False;False;0;True;False;False;False
Xiaomi;G27i 2026;12399;4.87;217;27.0;1920;1080;200;IPS;400;1000;178;178;;1;2.0;1;1.4;False;False;False;0;True;False;False;False
DEXP;DF27N1 V2;9099;4.93;30;27.0;1920;1080;144;IPS;300;1500;178;178;;1;2.1;1;1.2;True;False;False;0;True;False;False;False
Philips;24E1N2100D;8499;4.79;19;23.8;1920;1080;120;IPS;300;1500;178;178;;1;1.4;0;;True;True;False;0;False;False;True;False
Samsung;Odyssey G5 G50F;19999;4.66;36;27.0;2560;1440;180;IPS;300;1000;178;178;;1;2.0;1;1.2;False;False;False;0;True;True;False;False
Acer;KA272UAbmipx;10299;4.73;60;27.0;2560;1440;75;IPS;250;1000;178;178;;1;2.0;1;1.2;False;False;False;0;True;False;False;False
Hisense;27G6Q PRO;22999;0.0;35;27.0;2560;1440;320;IPS;320;1000;178;178;;2;;1;;False;False;False;0;True;False;False;False
ARDOR GAMING;PORTAL AF24H1;11499;4.76;10900;23.8;1920;1080;144;IPS;280;1000;178;178;;2;2.0;2;1.4;False;False;False;0;True;True;False;False
ARDOR GAMING;INFINITY ULTRA AQ27H1;21399;4.59;64;27.0;2560;1440;300;IPS;400;1000;178;178;;2;2.1;2;1.4;False;False;False;0;True;True;False;False
ARDOR GAMING;FRONTIER PRO AF27H3;15299;4.89;143;27.0;1920;1080;280;VA;400;4000;178;178;1500;2;2.0;2;1.4;False;False;False;0;True;True;False;False
Acer;EK221QHbi;6999;4.68;133;21.5;1920;1080;100;VA;250;3000;178;178;;1;1.4;0;;True;False;False;0;True;False;False;False
MSI;PRO MP273QW E2;14999;4.89;150;27.0;2560;1440;100;IPS;400;1300;178;178;;2;2.0b;1;1.2a;False;False;False;0;False;False;True;False
AOC;24G11ZE;11999;4.62;135;23.8;1920;1080;240;IPS;300;1000;178;178;;1;2.0;1;1.4;False;False;False;0;False;False;True;False
Samsung;Odyssey G8 G85SD S34DG852SI;84999;4.87;160;34.0;3440;1440;175;OLED;250;1000000;178;178;1800;2;2.1;1;1.4;False;False;False;2;True;True;False;True
Samsung;Odyssey OLED G6 S27FG602SI;74999;4.75;169;27.0;2560;1440;500;OLED;300;1000000;178;178;;2;2.1;1;1.4;False;False;False;2;True;True;False;False
LG;UltraGear 27GR83Q-B;38999;4.72;331;27.0;2560;1440;240;IPS;500;1000;178;178;;2;2.1;1;1.4;False;False;False;2;True;True;False;False
ARDOR GAMING;NEUTRON V2 AF25H1;21699;4.54;43;24.5;1920;1080;360;IPS;400;1000;178;178;;2;2.1;2;1.4;False;False;False;0;True;True;False;False
MSI;MAG 274QP QD-OLED X24;54999;4.88;41;26.5;2560;1440;240;OLED;400;1500000;178;178;;2;2.1;1;1.4;False;False;False;0;False;False;True;False
ASUS;TUF Gaming VG34VQ3B;28599;4.84;199;34.0;3440;1440;180;VA;400;4000;178;178;1500;2;2.0;2;1.4;False;False;False;4;True;False;True;False
MSI;PRO MP251P;11499;4.86;141;24.5;1920;1080;100;IPS;300;1300;178;178;;1;1.4b;0;;True;False;False;0;True;False;False;False
LG;24MR400-B;7699;4.81;430;23.8;1920;1080;100;IPS;250;1300;178;178;;1;1.4;0;;True;False;False;0;True;False;False;False
Samsung;Odyssey OLED G6 G61SD S27DG612SI;60499;4.8;323;27.0;2560;1440;240;OLED;250;1000000;178;178;;2;2.1;1;1.4;False;False;False;2;True;True;False;False
DEXP;DF24N1;7499;4.83;165;23.8;1920;1080;100;IPS;300;1000;178;178;;1;2.0;0;;True;False;False;0;True;False;False;False
LG;27U411A-B;9399;4.96;27;27.0;1920;1080;120;IPS;250;1500;178;178;;1;2.0;0;;True;False;False;0;False;False;True;False
MSI;G275L E14;9999;4.68;279;27.0;1920;1080;144;IPS;300;1500;178;178;;1;2.0;1;1.2a;False;False;False;0;False;False;True;False
ARDOR GAMING;DARKMOON AQ27N1;15399;4.84;264;27.0;2560;1440;;IPS;300;1000;178;178;;2;2.1;2;1.4;False;False;False;1;True;True;False;False
Aceline;CF24N2;6299;4.7;57;23.8;1920;1080;100;IPS;250;1000;178;178;;1;1.4;0;;True;False;False;0;False;False;False;False
ARDOR GAMING;DARKHAVEN AF27N1;12999;4.86;58;27.0;1920;1080;240;IPS;300;1000;178;178;;2;2.1;1;1.4;False;False;False;0;True;True;False;False
Aceline;GS CF27N1S;8599;4.7;26;27.0;1920;1080;200;IPS;350;1000;178;178;;1;2.1;1;1.2;False;False;False;0;True;True;False;False
GIGABYTE;GS27FC2 EK;14999;4.79;57;27.0;1920;1080;240;VA;350;3000;178;178;1500;2;2.0;1;1.4;False;False;False;0;False;False;True;False
ASUS;ProArt PA279CRV;37299;4.78;83;27.0;3840;2160;60;IPS;400;1000;178;178;;2;2.0;2;1.4;False;False;True;4;False;False;False;False
TCL;27G64;27799;4.82;451;27.0;2560;1440;180;VA;600;5000;178;178;;2;2.1;1;1.4;False;False;False;0;True;True;False;False
MSI;MAG 401QR;36999;4.77;190;40.0;3440;1440;155;IPS;400;1000;178;178;;2;2.0;1;1.4a;False;False;True;2;False;False;True;False
ASUS;TUF Gaming VG279QM;20999;4.73;197;27.0;1920;1080;280;IPS;400;1000;178;178;;2;2.0;1;1.2;False;False;False;0;False;True;False;False
ARDOR GAMING;RELICT AQ24H1;15399;4.74;234;23.8;2560;1440;180;IPS;350;1000;178;178;;2;2.1;2;1.4;False;False;False;0;True;True;False;False
iFFALCON;R25Q51;9999;4.91;115;24.5;1920;1080;144;IPS;450;1500;178;178;;1;1.4;0;;True;False;False;0;False;False;False;False
Acer;KG241YP3bip;8999;4.86;115;23.8;1920;1080;180;VA;250;3000;178;178;;1;2.0;1;1.2;False;False;False;0;True;False;False;False
DEXP;DF24N4;7399;4.82;112;23.8;1920;1080;144;IPS;300;1500;178;178;;1;1.4;0;;True;False;False;0;True;False;False;False
Samsung;Odyssey G3 G30D S27DG300EI;13499;4.78;109;27.0;1920;1080;180;VA;250;3000;178;178;;1;2.0;1;1.4;False;False;False;0;True;False;False;False
ARDOR GAMING;SUPERNOVA PRO AQ32H1UE;25999;4.77;807;31.5;2560;1440;165;IPS;350;1200;178;178;;2;2.1;1;1.4;False;False;False;2;True;True;False;False
Acer;SB322QUEbmipx;19699;0.0;17;31.5;2560;1440;100;IPS;300;1000;178;178;;1;2.0;1;1.2;False;False;False;0;True;False;False;False
Samsung;ViewFinity S8 S80UD S27D804UAI;28899;4.85;101;27.0;3840;2160;60;IPS;350;1000;178;178;;1;2.0;1;1.2;False;False;True;3;False;False;False;False
Samsung;S3 S30GD S24D300GAI;7799;4.61;99;24.0;1920;1080;100;IPS;250;1000;178;178;;1;1.4;0;;True;False;False;0;False;False;False;False
MSI;PRO MP273QP E2;19699;4.42;59;27.0;2560;1440;100;IPS;400;1300;178;178;;2;2.0b;1;1.2a;False;False;False;0;False;False;True;False
Hisense;24G3Q;9999;4.79;43;24.0;1920;1080;240;IPS;320;1000;178;178;;2;2.0;1;;False;False;False;0;True;False;False;False
ARDOR GAMING;DARKHAVEN AF27N1;12999;4.86;58;27.0;1920;1080;240;IPS;300;1000;178;178;;2;2.1;1;1.4;False;False;False;0;True;True;False;False
Samsung;Odyssey G3 G30D S24DG300EI;11499;4.82;190;24.0;1920;1080;180;VA;250;3000;178;178;;1;2.0;1;1.4;False;False;False;0;True;False;False;False
ARDOR GAMING;NOVA AF27H1UE;12599;4.82;330;27.0;1920;1080;180;IPS;300;1000;178;178;;2;2.1;1;1.4;False;False;False;2;True;True;False;False
TCL;27P3A;33299;4.65;33;27.0;2560;1440;260;IPS;1200;1000;178;178;;2;2.1;1;1.4;False;False;False;0;True;False;True;False
LG;UltraFine 27US500-W;19299;4.82;112;27.0;3840;2160;60;IPS;300;1000;178;178;;2;2.0;1;1.4;False;False;False;0;False;False;False;False
Samsung;ViewFinity S6 S61F S27F610EAI;17599;4.94;77;27.0;2560;1440;100;IPS;300;1000;178;178;;1;2.0;1;1.2;False;False;False;0;False;False;False;False
ARDOR GAMING;PORTAL V2 AF24H1;11499;4.71;145;23.8;1920;1080;240;IPS;300;1000;178;178;;2;2.1;1;1.4;False;False;False;0;True;True;False;False
LG;UltraFine 27UP650K-W;24999;4.89;86;27.0;3840;2160;60;IPS;400;1200;178;178;;2;2.0;1;1.4;False;False;False;0;False;False;False;False
AOC;25G4S;17899;4.87;73;24.5;1920;1080;310;IPS;400;1000;178;178;;2;2.0;1;1.4;False;False;False;0;False;True;False;False
AOC;24B3HA2;8099;4.94;31;23.8;1920;1080;100;IPS;250;1500;178;178;;1;1.4;0;;True;False;False;0;False;False;True;False
MSI;MAG 27CQ6PF;16999;4.84;97;27.0;2560;1440;180;VA;300;5000;178;178;1500;2;2.0b;1;1.4;False;False;False;0;True;False;False;False
LG;UltraGear 27GS65F-B;13799;4.75;194;27.0;1920;1080;180;IPS;300;1000;178;178;;1;2.0;1;1.4;False;False;False;0;True;True;False;False
Titan;Army P2410R;14499;4.74;154;23.8;2560;1440;180;IPS;350;1000;178;178;2410;2;2.0;2;1.4;False;False;False;0;False;False;True;False
iFFALCON;R24Q51;7999;4.88;52;24.0;1920;1080;100;VA;450;1500;178;178;;1;1.4;0;;True;False;False;0;False;False;False;False
Samsung;Odyssey G5 G55C S32CG550EI;22999;4.69;198;31.5;2560;1440;165;VA;300;2500;178;178;1000;1;2.0;1;1.2;False;False;False;0;True;False;False;False
DEXP;DQ27H1 V2;13999;4.9;21;27.0;2560;1440;144;IPS;300;1500;178;178;;2;2.0;1;1.4;False;False;False;0;True;True;False;False
DEXP;DF22N3S;5299;4.77;895;21.45;1920;1080;100;VA;250;3000;178;178;;1;1.4;0;;True;False;False;0;True;False;False;False
AOC;C27G42E;11199;4.95;44;27.0;1920;1080;180;VA;300;3000;178;178;1500;2;2.0;1;1.4;False;False;False;0;False;False;True;False
LG;UltraGear 27GX700A-B;59999;4.91;79;26.5;2560;1440;280;OLED;335;1500000;178;178;;2;2.1;1;1.4;False;False;False;2;True;True;True;False
ARDOR GAMING;FRONTIER PRO AF27H3;16299;4.89;143;27.0;1920;1080;300;VA;400;4000;178;178;1500;2;2.1;1;1.4;False;False;False;0;True;True;False;False
MSI;PRO MP251W E2;9499;4.86;175;24.5;1920;1080;120;IPS;300;1500;178;178;;1;2.0;1;1.4a;True;False;False;0;False;False;True;False
DEXP;DF27N4;9099;4.88;9;27.0;1920;1080;144;IPS;300;1500;178;178;;1;2.1;0;;True;False;False;0;True;False;False;False
LG;UltraGear 27GS60QC-B;19999;4.86;210;27.0;2560;1440;180;VA;300;3000;178;178;1000;2;2.0;1;1.4;False;False;False;0;True;False;False;False
LG;24U411A-B;7899;4.76;44;23.8;1920;1080;120;IPS;250;1500;178;178;;1;1.4;0;;True;False;False;0;False;False;True;False
LG;UltraGear 27GS85Q-B;27999;4.73;367;27.0;2560;1440;180;IPS;400;1000;178;178;;2;2.0;1;1.4;False;False;False;2;True;True;False;False
DEXP;DQ27H1;14399;4.86;74;27.0;2560;1440;100;IPS;300;1300;178;178;;2;2.0;1;1.4;False;False;False;0;True;True;False;False
MSI;PRO MP242A E2;12199;4.8;90;23.8;1920;1080;120;IPS;300;1500;178;178;;1;1.4b;1;1.2a;True;False;False;0;False;False;True;False
ASUS;ROG Strix XG32WCS;29999;4.91;142;31.5;2560;1440;180;VA;400;3500;178;178;1500;1;2.0;1;1.4;False;False;True;0;True;False;False;False
Samsung;S4 S40GD S24D400GAI;11899;4.64;62;24.0;1920;1080;100;IPS;250;1000;178;178;;2;1.4;1;1.2;False;False;False;2;False;False;False;False
MSI;"27"" MAG 274QRFW E20";22499;4.71;52;27.0;2560;1440;200;IPS;400;1000;178;178;;2;2.0b;1;1.4a;False;False;False;0;True;True;False;False
Xiaomi;4K Monitor A27Ui;25699;4.88;67;27.0;3840;2160;60;IPS;360;1200;178;178;;2;2.0;1;1.4;False;False;True;2;False;False;False;False
GIGABYTE;MO27Q2A EK;54499;4.92;49;27.0;2560;1440;280;OLED;250;1500000;178;178;;2;2.1;1;1.4;False;False;True;3;True;True;False;False
Samsung;Odyssey OLED G8 G81SF S32FG810SI;96499;4.96;50;32.0;3840;2160;240;OLED;260;1000000;178;178;;2;2.1;1;1.4;False;False;False;2;True;True;False;False
Acer;Nitro VG270UX1bmiipx;15899;4.86;52;27.0;2560;1440;200;IPS;250;1000;178;178;;2;2.0;1;1.4;False;False;False;0;True;False;False;False
Aceline;GS CQ27N1S;11599;4.59;15;27.0;2560;1440;200;IPS;300;1000;178;178;;2;2.1;2;1.4;False;False;False;0;True;False;False;False
MSI;MPG 346CQRF X24;38999;4.74;76;34.0;3440;1440;240;VA;400;4000;178;178;1500;2;2.1;1;1.4a;False;False;True;2;False;False;True;False
LG;UltraGear 32GS60QC-B;23299;4.81;209;31.5;2560;1440;180;VA;300;3000;178;178;1000;2;2.0;1;1.4;False;False;False;0;True;False;False;False
MSI;Modern MD2712PW;14699;4.8;77;27.0;1920;1080;100;IPS;300;1000;178;178;;1;1.4;0;;False;False;True;0;False;False;True;False
TCL;32G64;34299;4.74;170;32.0;2560;1440;180;VA;600;3500;178;178;;2;2.1;1;1.4;False;False;False;0;True;True;False;False
LG;32U631A-B;19999;4.81;41;31.5;2560;1440;100;IPS;250;1000;178;178;;1;2.0;0;;False;False;True;0;False;False;False;False
ARDOR GAMING;DARKSTAR AF24N1;10299;4.73;312;23.8;1920;1080;240;IPS;300;1000;178;178;;2;2.1;1;1.4;False;False;False;0;True;True;False;False
MSI;MAG 272F X24;15999;4.81;43;27.0;1920;1080;240;IPS;300;1000;178;178;;2;2.0b;1;1.2a;False;False;False;0;False;False;True;False
LG;UltraGear 32GR93U-B;49499;4.61;326;31.5;3840;2160;144;IPS;500;1000;178;178;;2;2.1;1;1.4;False;False;False;2;True;False;False;False
DEXP;DU32N1;15999;4.66;87;31.5;3840;2160;60;VA;300;3000;178;178;;2;2.0;1;1.4;False;False;False;0;True;True;False;False
Samsung;Odyssey G4 G40B S27BG400EI;23999;4.82;206;27.0;1920;1080;240;IPS;400;1000;178;178;;2;2.0;1;1.2;False;False;False;0;True;True;False;False
DEXP;DF24H1S;7199;0.0;13;23.8;1920;1080;144;IPS;250;1500;178;178;;1;2.1;1;1.4;False;False;False;0;False;False;True;False
ASUS;ROG Strix XG32UCG;52499;4.84;102;31.5;3840;2160;160;IPS;400;1000;178;178;;1;2.1;1;1.4;False;False;True;0;True;True;False;False
Aceline;GS CF27N4;12599;4.74;278;27.0;2560;1440;180;IPS;300;1000;178;178;;2;1.4;2;1.2;False;False;False;0;False;False;True;False
Philips;Evnia 27M2N3800A;25999;4.8;51;27.0;3840;2160;160;IPS;450;1000;178;178;;2;2.1;1;1.4;False;False;False;0;False;True;True;False
MSI;Modern MD2412PW;13999;4.83;156;23.8;1920;1080;100;IPS;300;1000;178;178;;1;1.4;0;;False;False;True;0;True;False;False;False
ARDOR GAMING;AURORA AQ27H3;19999;4.81;942;27.0;2560;1440;165;VA;300;4000;178;178;1500;2;2.1;2;1.2;False;False;False;0;True;True;False;False
Acer;Nitro VG271UM3bmiipx;14999;4.79;52;27.0;2560;1440;180;IPS;250;1000;178;178;;2;2.0;1;1.2;False;False;False;0;True;False;False;False
MSI;MAG 271QPX QD-OLED E2;62299;4.81;369;26.5;2560;1440;240;OLED;1000;1500000;178;178;;2;2.1;1;1.4a;False;False;True;0;False;False;True;False
LG;UltraWide 29U511A-B;12999;4.72;32;29.0;2560;1080;100;IPS;250;1000;178;178;;1;2.0;1;1.4;False;False;False;0;True;False;False;False
LG;UltraGear 24GS65F-B;11999;4.72;315;23.8;1920;1080;180;IPS;300;1000;178;178;;1;2.0;1;1.4;False;False;False;0;True;True;False;False
Asus;ProArt Display PA278QGV;26499;4.93;15;27.0;2560;1440;;IPS;350;1500;178;178;;1;2.0;1;1.4;False;False;False;4;False;False;False;False
AOC;CQ27G4X;19199;4.67;64;27.0;2560;1440;180;VA;300;4000;178;178;1500;2;2.0;1;1.4;False;False;False;0;True;False;True;False
AOC;24B15H3;6999;0.0;18;23.8;1920;1080;120;IPS;250;1000;178;178;;1;1.4;0;;True;False;False;0;False;False;False;False
MSI;MAG 321CQF E18;18699;4.62;111;31.5;2560;1440;180;VA;300;3000;178;178;1500;2;2.0b;1;1.4a;False;False;False;0;False;False;True;False
GigaByte;GO27Q24G;43299;0.0;15;27.0;2560;1440;240;OLED;1300;1500000;178;178;;2;2.1;1;1.4;False;False;True;1;True;True;False;False
ASUS;VA279QG;10999;4.81;32;27.0;1920;1080;120;IPS;300;1500;178;178;;1;1.4;1;1.2;True;False;False;0;False;False;True;False
Aceline;CF24N1S;7999;4.56;18;23.8;1920;1080;200;IPS;300;1000;178;178;;1;2.1;1;1.4;False;False;False;0;True;False;False;False
ASUS;TUF Gaming VG34VQL1B;32799;4.8;130;34.0;3440;1440;165;VA;550;4000;178;178;1500;2;2.0;2;1.4;False;False;False;4;True;False;False;False
MSI;MAG 275QF E20;18999;4.9;21;27.0;2560;1440;200;IPS;300;1200;178;178;;2;2.0b;1;1.4a;False;False;False;0;True;False;True;False
DEXP;DF22N1K;5899;4.84;76;21.45;1920;1080;100;VA;250;3000;178;178;;1;1.4;0;;True;False;False;0;True;False;False;False
Philips;27M2N5500Q/60;19999;4.85;14;27.0;2560;1440;200;IPS;350;1200;178;178;;2;2.0;1;1.4;False;False;False;0;False;True;True;False
Samsung;Essential S3 S32GF S27F320GAI;10999;4.83;93;27.0;1920;1080;120;IPS;250;1000;178;178;;2;1.4;0;;False;False;False;0;False;False;False;False
ASUS;ROG Strix XG27AQDMG;64999;4.66;110;26.5;2560;1440;240;OLED;450;1500000;178;178;;2;2.0;1;1.4;False;False;False;2;True;True;True;False
MSI;MPG 341CQPX QD-OLED;83799;4.77;183;34.0;3440;1440;240;OLED;1000;1500000;178;178;1800;2;2.1;1;1.4a;False;False;True;2;False;False;True;False
MSI;PRO MP251L E2;8999;4.83;121;24.5;1920;1080;120;IPS;250;1500;178;178;;1;1.4;0;;True;False;False;0;False;False;True;False
MSI;MAG 255XF;18999;4.58;174;24.5;1920;1080;300;IPS;250;1000;178;178;;2;2.0b;1;1.4;False;False;False;0;True;False;False;False
Titan;Army N32SQ PLUS;19999;4.61;184;31.5;2560;1440;144;VA;300;3000;178;178;1500;2;1.4;2;1.2;False;False;False;0;False;False;True;False
AOC;AG346UCD;66999;4.93;31;34.0;3440;1440;175;OLED;1000;1500000;178;178;1800;2;2.0;1;1.4;False;False;False;3;True;True;False;False
Philips;24E1N1100A/01;9099;4.72;95;23.8;1920;1080;100;IPS;250;1300;178;178;;1;1.4;0;;True;False;False;0;False;False;True;False
Acer;Nitro KG270X1bmiipx;11399;4.91;34;27.0;1920;1080;200;IPS;250;1000;178;178;;2;2.0;1;1.4;False;False;False;0;True;False;False;False
MSI;G272QPF E2;20999;4.64;587;27.0;2560;1440;180;IPS;300;1200;178;178;;2;2.0b;1;1.4;False;False;False;0;False;False;True;False
MSI;Modern MD271UL;19499;4.65;338;27.0;3840;2160;60;IPS;300;1000;178;178;;2;2.0b;1;1.2a;False;False;True;0;False;False;True;False
Hisense;24N3Q;7999;4.83;126;23.8;1920;1080;144;IPS;250;1000;178;178;;1;1.4;0;;True;False;False;0;False;False;False;False
ASUS;TUF Gaming VG27VQM;19499;4.59;103;27.0;1920;1080;240;VA;350;3000;178;178;1500;2;2.0;1;1.2;False;False;False;2;True;False;False;False
Samsung;Odyssey OLED G9 G93SD S49DG932SI;99999;4.75;87;49.0;5120;1440;240;OLED;250;1000000;178;178;1800;1;2.1;1;1.4;False;False;False;2;True;True;False;False
Acer;SA242YUP1bmipx;12999;4.7;46;23.8;2560;1440;144;IPS;250;1500;178;178;;1;2.0;1;1.4;False;False;False;0;True;False;False;False
MSI;MPG 321URX QD-OLED;87999;4.75;111;31.5;3840;2160;240;OLED;1000;1500000;178;178;;2;2.1;1;1.4a;False;False;True;2;False;False;True;False
MSI;MAG 325CQRF QD E2;28999;4.86;88;31.5;2560;1440;180;VA;300;3500;178;178;1000;2;2.0b;1;1.4a;False;False;True;2;False;False;True;False
Titan;Army P2710H;12199;4.8;145;27.0;1920;1080;240;IPS;350;1000;178;178;;1;2.0;1;1.4;False;False;False;0;False;False;True;False
MSI;Modern MD342CQPW;29999;4.76;59;34.0;3440;1440;120;VA;300;3500;178;178;1500;2;2.0b;1;1.4a;False;False;True;2;False;False;True;False
ASUS;ROG Strix OLED XG32UCWG;99999;4.83;35;31.5;3840;2160;165;OLED;1300;1500000;178;178;;2;2.1;1;1.4;False;False;True;3;True;True;False;False
LG;27BA65QB-B;23999;4.87;78;27.0;2560;1440;100;IPS;350;1000;178;178;;1;2.0;1;1.4;False;False;True;4;False;False;False;False
GIGABYTE;GS27FA EU;12299;4.68;39;27.0;1920;1080;180;IPS;300;1000;178;178;;2;2.0;1;1.4;False;False;False;0;True;False;False;False
Titan;Army P2510G;9599;4.88;48;24.5;1920;1080;200;IPS;350;1000;178;178;;1;2.0;1;1.4;False;False;False;0;True;False;False;False
Samsung;LS27HG610SIXCI;49999;4.85;15;27.0;2560;1440;;OLED;400;1000000;178;178;;1;2.1;1;1.4;False;False;False;0;True;False;False;False
LG;UltraWide 29U531A-W;14199;4.9;30;29.0;2560;1080;100;IPS;250;1000;178;178;;1;1.4;1;1.4;False;False;True;0;True;False;False;False
Titan;Army P27A2R;15999;4.72;975;27.0;2560;1440;200;IPS;300;1000;178;178;2;2;2.0;2;1.4;False;False;False;0;False;False;True;False
MSI;MPG 274URDFW E16M;47999;4.6;55;27.0;3840;2160;160;IPS;1000;1000;178;178;;2;2.1;1;1.4a;False;False;False;2;False;False;True;False
MSI;PRO MP243XP;11599;4.76;217;23.8;1920;1080;100;IPS;300;1000;178;178;;1;1.4b;1;1.2a;False;False;False;0;False;False;True;False
MSI;PRO MP243XW;9999;4.85;102;23.8;1920;1080;100;IPS;300;1000;178;178;;1;1.4;1;1.2a;False;False;False;0;True;False;False;False
LG;UltraGear 24G411A-B;8399;4.72;29;23.8;1920;1080;144;IPS;250;1500;178;178;;1;2.0;1;1.4;False;False;False;0;True;True;False;False
Xiaomi;A22i;7199;4.78;131;21.45;1920;1080;75;VA;250;3000;178;178;;1;1.4;0;;True;False;False;0;False;False;False;False
MSI;PRO MP272PMG;15499;4.98;43;27.0;1920;1080;120;IPS;300;1500;178;178;;1;1.4b;1;1.2a;True;False;False;2;False;False;True;False
Tecno;MegaView SE AXS24BC1;6999;4.88;43;23.8;1920;1080;100;IPS;320;1000;178;178;;1;2.0;0;;True;False;False;0;False;False;False;False
DEXP;DF24H1U;9899;4.81;106;23.8;1920;1080;75;IPS;250;1000;178;178;;1;1.4;0;;True;False;True;2;False;False;True;False
MSI;MAG 272QP QD-OLED X50;74999;4.69;92;26.5;2560;1440;500;OLED;1000;1500000;178;178;;2;2.1;1;1.4a;False;False;True;0;False;False;True;False
ASUS;ROG Swift PG27AQDP;89999;4.73;46;26.5;2560;1440;480;OLED;450;1500000;178;178;;2;2.1;1;1.4;False;False;False;2;True;True;True;False
Machenike;MKF24F240;9999;4.58;65;23.8;1920;1080;240;IPS;300;1000;178;178;;2;2.0;1;1.4;False;False;False;0;False;False;True;False
Machenike;MK-ZQ27F210L;14799;4.53;35;27.0;2560;1440;210;IPS;400;1000;178;178;;2;2.0;1;1.4;False;False;False;0;False;False;True;False
AOC;Q27G42HE;15999;4.86;57;27.0;2560;1440;200;IPS;300;1200;178;178;;2;2.0;1;1.4;False;False;False;0;False;False;False;False
ASUS;TUF Gaming VG328QA1A;20999;4.76;49;31.5;1920;1080;170;VA;300;3000;178;178;;2;2.0;1;1.2;False;False;False;0;True;False;True;False
LG;27U631A-B;12999;4.57;30;27.0;2560;1440;100;IPS;250;1000;178;178;;1;2.0;0;;False;False;True;0;False;False;False;False
DEXP;DF24H1UC;9899;4.72;46;23.8;1920;1080;75;IPS;250;1000;178;178;;1;1.4;0;;True;False;True;2;False;False;True;False
Machenike;MKQ27F240-L;20999;4.79;523;27.0;2560;1440;240;IPS;400;1000;178;178;;2;2.0;1;1.4;False;False;False;0;False;False;True;False
Acer;Nitro XF243YP6bipr;10999;4.83;23;23.8;1920;1080;144;IPS;250;1500;178;178;;1;1.4;1;1.2;False;False;False;0;True;False;False;False
MSI;Modern MD272QXPW;22999;4.79;72;27.0;2560;1440;100;IPS;400;1000;178;178;;1;2.0b;1;1.2a;False;False;True;2;False;False;True;False
ASUS;TUF Gaming VG27WQ3B;19999;4.79;134;27.0;2560;1440;180;VA;300;5000;178;178;1500;2;2.0;1;1.4;False;False;False;0;True;False;False;False
MSI;MAG 242F;12499;4.61;106;23.8;1920;1080;200;IPS;300;1000;178;178;;1;2.0b;1;1.2a;False;False;False;0;True;False;False;False
ASUS;ROG Strix XG27UCDMG;112999;4.85;66;26.5;3840;2160;240;OLED;450;1500000;178;178;;2;2.1;1;1.4;False;False;True;3;True;True;True;False
MSI;MAG 321UP QD-OLED;76999;4.88;79;31.5;3840;2160;165;OLED;1000;1500000;178;178;;2;2.1;1;1.4a;False;False;True;0;True;False;False;False
Samsung;Odyssey G3 G30D S32DG300EI;19999;4.82;190;32.0;1920;1080;180;VA;250;3000;178;178;;1;2.0;1;1.4;False;False;False;0;True;False;False;False
ARDOR GAMING;INFINITY AF27H1;12699;4.66;227;27.0;1920;1080;180;IPS;300;1000;178;178;;2;2.0;1;1.4;False;False;False;0;True;True;False;False
ASUS;ROG Strix XG27UCS;40999;4.68;80;27.0;3840;2160;160;IPS;450;1000;178;178;;1;2.1;1;1.4;False;False;True;0;True;True;True;False
Samsung;ViewFinity S8 S80UD S32D804UAI;30999;4.61;53;32.0;3840;2160;60;VA;350;3000;178;178;;1;2.0;1;1.2;False;False;True;3;False;False;False;False
Asus;ROG STRIX XG27AQDMES;49999;4.85;13;26.5;2560;1440;240;OLED;400;1500000;178;178;;1;2.1;1;1.4;False;False;False;0;True;True;True;False
MSI;MAG 32C6X;19899;4.8;94;31.5;1920;1080;250;VA;250;3000;178;178;1500;2;2.0b;1;1.2a;False;False;False;0;False;False;True;False
MSI;PRO MP273AW;12499;4.82;2400;27.0;1920;1080;100;IPS;300;1000;178;178;;1;1.4b;1;1.2a;True;False;False;0;False;False;True;False
ASUS;VA27DQFS;13999;0.0;10;27.0;1920;1080;100;IPS;300;1000;178;178;;1;1.4;1;1.2;True;False;False;2;False;False;True;False
AOC;25B36X;9599;4.77;52;24.5;1920;1080;144;IPS;300;1500;178;178;;1;1.4;1;1.4;False;False;False;0;False;False;False;False
DEXP;DF27N2;8399;4.77;736;27.0;1920;1080;75;VA;300;4000;178;178;;1;2.1;0;;True;False;False;0;True;False;False;False
ARDOR GAMING;GATE AF24H3;11499;4.64;120;23.6;1920;1080;240;VA;350;3000;178;178;1500;2;2.1;1;1.4;False;False;False;0;True;True;False;False
Xiaomi;Mini LED Gaming Monitor G Pro 27i;27799;4.58;193;27.0;2560;1440;180;IPS;1000;1000;178;178;;2;2.0;2;1.4;False;False;False;0;True;False;False;False
LG;UltraGear 27GS60F-B;14399;4.87;341;27.0;1920;1080;180;IPS;300;1000;178;178;;1;2.0;1;1.4;False;False;False;0;True;True;False;False
ASUS;ROG Swift PG27UCDM;117499;4.81;79;26.5;3840;2160;240;OLED;1000;1500000;178;178;;2;2.1;1;2.1a;False;False;True;3;True;True;False;False
Acer;SB322QAbi;15999;4.65;32;31.5;1920;1080;75;IPS;300;1000;178;178;;1;1.4;0;;True;False;False;0;True;False;False;False
MSI; PRO MP253;10399;4.85;306;24.5;1920;1080;100;IPS;300;1000;178;178;;1;1.4b;1;1.2a;True;False;False;0;False;False;True;False
Machenike;MKF25F300;11999;4.54;162;24.5;1920;1080;300;IPS;400;1000;178;178;;2;2.0;1;1.4;False;False;False;0;False;False;True;False
MSI;Modern MD272UPHW;28799;4.77;44;27.0;3840;2160;60;IPS;400;1000;178;178;;2;2.0b;1;1.4a;False;False;True;3;False;False;True;False
Titan;Army N27SH2;12599;4.65;472;27.0;1920;1080;240;VA;300;3000;178;178;1500;2;1.4;2;1.2;False;False;False;0;False;False;True;False
Acer;KA242YGbi;10499;4.81;16;23.8;1920;1080;120;IPS;250;1500;178;178;;1;1.4;0;;True;False;False;0;True;False;False;False
AOC;27G11ZE2;13999;4.6;195;27.0;1920;1080;240;IPS;300;1000;178;178;;1;2.0;1;1.4;False;False;False;0;True;False;False;False
ASUS;TUF Gaming VG249Q3R;12199;4.82;127;23.8;1920;1080;180;IPS;250;1000;178;178;3;2;2.0;1;1.2;False;False;False;0;True;False;False;False
LG;UltraWide 38WR85QC-W;109999;4.95;98;37.5;3840;1600;144;IPS;600;1000;178;178;2300;2;2.1;1;1.4;False;False;True;5;True;True;False;False
MSI;PRO MP275QPDG;29199;4.69;16;27.0;2560;1440;100;IPS;250;1300;178;178;;2;2.0b;1;1.2a;False;False;True;4;False;False;True;False
LG;UltraFine 27UP850K-W;33499;4.84;105;27.0;3840;2160;60;IPS;400;1200;178;178;;2;2.0;1;1.4;False;False;True;2;True;False;False;False
MSI;MAG 342CQRF E20;32999;0.0;6;34.0;3440;1440;200;VA;300;3500;178;178;1500;2;2.0b;1;1.4;False;False;False;0;False;False;True;False
MSI;MAG 325QF E18V;28999;4.8;76;31.5;2560;1440;180;VA;300;3500;178;178;;2;2.0b;1;1.4a;False;False;False;0;False;False;True;False
LG;UltraGear 32GS85Q-B;41799;4.72;119;31.5;2560;1440;180;IPS;350;1000;178;178;;2;2.0;1;1.4;False;False;False;2;True;False;False;False
LG;UltraWide 34U530A-W;28999;4.75;24;34.0;2560;1080;100;IPS;400;1000;178;178;;1;2.0;1;1.4;False;False;True;0;True;False;False;False
MSI;PRO MP341CQW;25799;4.81;85;34.0;3440;1440;100;VA;300;3000;178;178;1500;2;2.0b;1;1.2a;False;False;False;0;True;False;False;False
ASUS;ProArt PA247CV;20799;0.0;20;23.8;1920;1080;75;IPS;300;1000;178;178;;1;1.4;1;1.2;False;False;True;4;False;False;True;False
ASUS;TUF Gaming VG24VQER;11999;4.8;82;23.6;1920;1080;180;VA;250;3000;178;178;1500;2;2.0;1;1.2;False;False;False;0;True;False;False;False
Aceline;GS CF27F4;8999;4.64;151;27.0;1920;1080;180;IPS;300;1000;178;178;;1;1.4;1;1.2;False;False;False;0;False;False;False;False
ASUS;VA279HG;10699;4.94;68;27.0;1920;1080;120;IPS;300;1500;178;178;;1;1.4;0;;True;False;False;0;False;False;True;False
AOC;27B36H;9499;4.65;12;27.0;1920;1080;100;IPS;250;1500;178;178;;1;1.4;0;;True;False;False;0;False;False;True;False
MSI;G255PF E2;14999;4.74;189;24.5;1920;1080;180;IPS;300;1000;178;178;;2;2.0;1;1.2;False;False;False;0;False;False;True;False
OSiO;BaseLine B27-01w;9699;4.83;311;27.0;1920;1080;100;IPS;300;1300;178;178;;1;2.0;1;1.4;True;False;False;0;True;False;False;False
ARDOR GAMING;LINK AF24H1UE;10999;4.61;856;23.8;1920;1080;180;IPS;350;1000;178;178;;1;2.0;1;1.4;False;False;False;2;True;True;False;False
Acer;Nitro ED320QW0bmiipx;25999;4.55;31;31.5;1920;1080;240;VA;250;3000;178;178;1500;2;2.1;1;1.4;False;False;False;0;True;False;False;False
Acer;EK271KL1Mbmiipx;15999;4.69;16;27.0;3840;2160;72;IPS;250;1000;178;178;;2;2.0;1;1.2;False;False;False;0;True;False;False;False
Acer;Nitro VG270KV4bmiipx;27999;4.84;25;27.0;3840;2160;160;IPS;250;1000;178;178;;2;2.1;1;1.4;False;False;False;0;True;False;False;False
Samsung;Odyssey G7 G70F S27FG706EI;44799;4.86;26;27.0;3840;2160;180;IPS;350;1000;178;178;;2;2.1;1;1.4;False;False;False;2;True;True;False;False
Samsung;Odyssey G7 G75F S40FG756EI;77999;4.87;32;40.0;5120;2160;180;VA;350;3000;178;178;1000;2;2.1;1;1.4;False;False;False;2;True;False;False;False
ASUS;TUF Gaming VG34VQEL1A;25999;4.79;260;34.0;3440;1440;100;VA;300;3000;178;178;1500;2;2.0;1;1.2;False;False;False;3;True;False;False;False
LG;UltraGear 27GP750-B;24699;4.82;440;27.0;1920;1080;240;IPS;400;1000;178;178;;2;2.0;1;1.2;False;False;False;0;True;True;False;False
Hisense;27G6K-PRO;20999;4.62;217;27.0;2560;1440;240;IPS;320;1000;89;89;;2;;1;;False;False;False;0;True;False;False;False
ARDOR GAMING;AURORA AQ27H3;17699;4.78;238;27.0;2560;1440;200;VA;300;5000;178;178;1500;2;2.1;2;1.4;False;False;False;0;True;True;False;False
DEXP;DF27H1;9999;4.79;613;27.0;1920;1080;75;IPS;300;1000;178;178;;1;2.0;0;;True;False;False;0;True;False;False;False
Samsung;Odyssey OLED G8 G81SF S27FG812SI;84999;4.88;22;27.0;3840;2160;240;OLED;260;1000000;178;178;;2;2.1;1;1.4;False;False;False;2;True;True;False;False
Dell;P2425H;15999;4.94;33;23.8;1920;1080;100;IPS;250;1500;178;178;;1;1.4;1;1.2;True;False;False;4;False;False;False;False
Samsung;Odyssey OLED G9 G91SD S49DG910SI;91999;4.84;70;49.0;5120;1440;144;OLED;250;1000000;178;178;1800;1;2.1;1;1.4;False;False;False;2;True;True;False;False
ASUS;TUF Gaming VG249QM5A;15999;4.75;45;23.8;1920;1080;240;IPS;300;1000;178;178;;2;2.0;1;1.4;False;False;False;0;True;True;False;False
Samsung;ViewFinity S6 S60UD S27D604UAI;25799;4.66;79;27.0;2560;1440;100;IPS;350;1000;178;178;;1;2.0;1;1.4;False;False;True;3;False;False;False;False
Hisense;27N3Q-PRO;10999;0.0;3;27.0;1920;1080;144;IPS;250;1000;178;178;;1;1.4;1;1.2;True;False;False;0;False;False;True;False
Acer;EA220QHbi;11999;4.62;13;21.5;1920;1080;100;VA;250;3000;178;178;;1;1.4;0;;True;False;False;0;True;False;False;False
MSI;Modern MD272UPHG;28799;4.77;44;27.0;3840;2160;60;IPS;400;1000;178;178;;2;2.0b;1;1.4a;False;False;True;3;False;False;True;False
Titan;Army P2510S;16899;4.65;191;24.5;2560;1440;240;IPS;300;1000;178;178;;2;2.0;2;1.4;False;False;False;0;True;False;False;False
GIGABYTE;GS25F2A EK;12499;4.62;31;24.5;1920;1080;240;IPS;300;1000;178;178;;2;2.0;1;1.4;False;False;False;0;True;False;False;False
Acer;PM161QB1bmiuux;13499;4.86;14;15.6;1920;1080;60;IPS;250;1000;178;178;;1;1.4;0;;False;False;True;0;True;False;False;False
ASUS;ProArt PA279CV;37499;4.78;250;27.0;3840;2160;60;IPS;350;1000;178;178;;2;2.0;1;1.2;False;False;True;4;False;False;True;False
MSI;Modern MD272QXP;20299;4.81;37;27.0;2560;1440;100;IPS;400;1000;178;178;;1;2.0b;1;1.2a;False;False;True;2;False;False;True;False
MSI;MPG 242R X60N;69799;4.88;38;24.1;1920;1080;600;TN;500;1000;178;178;242;2;2.1;1;1.4a;False;False;True;3;False;False;True;False
Samsung;Odyssey G7 G70D S32DG702EI;54299;4.56;47;32.0;3840;2160;144;IPS;350;1000;178;178;;2;2.1;1;1.4;False;False;False;2;True;True;False;True
Samsung;Odyssey G5 G50D S27DG500EI;24999;4.56;207;27.0;2560;1440;180;IPS;350;1000;178;178;;1;;1;;False;False;False;0;True;False;False;False
LG;UltraWide 34WR50QK-B;27999;4.71;97;34.0;3440;1440;100;VA;300;3000;178;178;1800;2;2.0;1;1.4;False;False;False;0;False;False;False;False
ARDOR GAMING;VEGA AF25H1U;12699;4.88;115;24.5;1920;1080;180;IPS;300;1000;178;178;;2;2.1;1;1.4;False;False;False;2;False;False;True;False
ASUS;VA27EHF;8799;4.85;86;27.0;1920;1080;100;IPS;250;1300;178;178;;1;1.4;0;;False;False;False;0;False;False;True;False
MSI;MAG 322URDF E16;52999;4.62;61;31.5;3840;2160;160;IPS;450;1000;178;178;;2;2.1;1;1.4a;False;False;False;2;False;False;True;False
AOC;C24G42E;9999;4.71;22;23.6;1920;1080;180;VA;250;3000;178;178;1500;2;2.0;1;1.4;False;False;False;0;False;False;True;False
TCL;32R84;69999;4.93;15;31.5;3840;2160;165;VA;1400;4000;178;178;;2;2.1;1;1.4;False;False;True;4;True;True;True;False
GigaByte;MO27Q28GR;56499;0.0;9;27.0;2560;1440;280;OLED;355;1500000;178;178;;2;2.1;1;1.4;False;False;True;4;False;True;False;False
ASUS;TUF Gaming VG259QL5A;13999;4.8;50;24.5;1920;1080;200;IPS;300;1000;178;178;;2;2.0;1;1.4;False;False;False;0;True;True;True;False
ASUS;ProArt PA34VCNV;56999;4.95;21;34.1;3440;1440;60;IPS;300;1000;178;178;3800;2;2.0;1;1.4;False;False;True;3;False;False;True;False
Samsung;ViewFinity S8 S80UD S37D802UAI;37299;4.86;37;37.0;3840;2160;60;VA;350;3000;178;178;;1;2.0;1;1.2;False;False;False;3;False;False;False;False
LG;UltraGear 27GX704A-B;57999;4.7;21;27.0;2560;1440;240;OLED;275;1500000;178;178;;2;2.1;1;1.4;False;False;False;2;True;True;True;False
KEYRON;KQ27N1;14299;4.72;172;27.0;2560;1440;165;IPS;300;1000;178;178;;2;2.0;1;1.2;False;False;False;0;True;True;False;False
ASUS;ProArt Display PA348CGV;80999;4.86;36;34.0;3440;1440;120;IPS;400;1000;178;178;;2;2.0;1;1.4;False;False;True;4;True;False;False;False
Titan;Army C40MQG;32499;4.71;176;38.5;2560;1440;165;VA;350;3000;178;178;3000;2;2.0;2;1.4;False;False;False;0;False;False;True;False
ARDOR GAMING;SHAPER AQ27H4;16899;4.79;765;27.0;2560;1440;165;VA;300;4000;178;178;1000;2;2.1;2;1.4;False;False;False;0;True;True;False;False
TCL;27P2A PRO;30999;0.0;9;27.0;2560;1440;320;IPS;800;1000;178;178;;2;2.1;1;1.4;False;False;False;0;True;False;False;False
DEXP;DF22H1;7499;4.7;2100;21.4;1920;1080;75;VA;250;3000;170;170;;1;1.4;0;;True;False;False;0;True;False;False;False
Asus;ROG STRIX XG27AQWMG;62999;0.0;6;26.5;2560;1440;280;OLED;1500;1500000;178;178;;1;2.1;1;1.4;False;False;False;2;False;False;True;False
Acer;Predator X32Xbmiipphuzx;87999;4.9;20;31.5;3840;2160;240;OLED;1000;1500000;178;178;1700;2;2.1;1;1.4;False;False;True;2;True;False;False;False
ASUS;ROG Strix XG32WCMS;39999;4.81;74;31.5;2560;1440;280;VA;350;4000;178;178;1500;1;2.1;1;1.4;False;False;True;0;True;False;True;False
TCL;27C2A;38499;4.63;8;27.0;3840;2160;160;IPS;1200;1000;178;178;;2;2.1;1;1.4;False;False;False;0;True;True;True;False
MSI;MAG 274QPF X30MV;39299;4.66;53;27.0;2560;1440;300;VA;1000;4500;178;178;;2;2.1;1;1.4a;False;False;False;0;False;False;True;False
ASUS;ROG Strix XG259CS;18599;4.83;156;24.5;1920;1080;180;IPS;400;1000;178;178;;1;2.0;1;1.4;False;False;True;0;True;False;False;False
Hisense;24N3G-PRO;7999;4.74;94;23.8;1920;1080;100;IPS;250;1000;178;178;;1;1.4;0;;True;False;False;0;False;False;True;False
ARDOR GAMING;NEUTRON AF25H1;12199;4.56;26;24.5;1920;1080;300;VA;300;1000;178;178;;2;2.1;1;1.4;False;False;False;0;True;True;False;False
Machenike;MCF25F200L;11999;4.84;71;24.5;1920;1080;200;IPS;300;1000;178;178;;2;2.0;1;1.4;False;False;False;0;False;False;True;False
DEXP;DU27N1;15399;4.74;62;27.0;3840;2160;60;IPS;300;1000;178;178;;2;2.0;1;1.4;False;False;False;0;True;True;False;False
LG;24U631A-B;13299;4.83;43;23.8;2560;1440;100;IPS;250;1000;178;178;;1;2.0;0;;False;False;True;0;False;False;True;False
OSiO;BaseLine B24-01w;8399;4.83;311;23.8;1920;1080;100;IPS;300;1200;178;178;;1;2.0;1;1.4;True;False;False;0;True;False;False;False
LG;UltraGear 45GX950A-B;164999;0.0;13;44.5;5120;2160;165;OLED;1300;1500000;178;178;800;2;2.1;1;2.1;False;False;True;2;True;True;False;False
MSI;MAG 276CXF;15499;4.76;115;27.0;1920;1080;280;VA;300;4000;178;178;1500;2;2.0b;1;1.4a;False;False;False;0;False;False;True;False
AOC;24B2XHM2;9499;4.75;173;23.8;1920;1080;75;VA;250;3000;178;178;;1;1.4;0;;True;False;False;0;False;False;False;False
MSI;MAG 275UPD E14;33999;4.84;26;27.0;3840;2160;144;IPS;250;1500;178;178;;2;2.1;1;1.4a;False;False;False;0;False;False;True;False
ASUS;TUF Gaming VG279QM5A;18699;0.0;12;27.0;1920;1080;240;IPS;300;1000;178;178;;2;2.0;1;1.4;False;False;False;0;True;True;False;False
ARDOR GAMING;HORIZON AQ32H3;22699;4.78;1000;31.5;2560;1440;165;VA;300;3500;178;178;1500;2;2.1;2;1.4;False;False;False;0;True;True;False;False
Acer;Nitro EDA323QUS3bmiipx;21299;4.67;27;31.5;2560;1440;180;VA;250;3500;178;178;1500;2;2.0;1;1.4;False;False;False;0;True;False;False;False
Samsung;Odyssey G7 G75F S37FG756EI;62999;4.65;39;37.0;3840;2160;165;VA;350;3000;178;178;1000;2;2.1;1;1.4;False;False;False;2;True;False;False;False
AOC;Q24B35/60;10599;4.5;4;23.8;2560;1440;;IPS;250;1300;178;178;;1;2.0;1;1.4;False;False;False;0;False;False;True;False
MSI;MPG 491CQPX QD-OLED;100499;4.92;55;49.0;5120;1440;240;OLED;1000;1500000;178;178;1800;2;2.1;1;1.4a;False;False;True;3;False;False;True;False
Samsung;Odyssey OLED G9 G95SD S49DG952SI;109999;4.9;52;49.0;5120;1440;240;OLED;250;1000000;178;178;1800;1;2.1;1;1.4;False;False;False;2;True;True;False;True
Asus;ROG STRIX XG27AQDNG;69999;0.0;5;26.5;2560;1440;360;OLED;1000;1500000;178;178;;1;2.1;1;1.4;False;False;False;2;True;True;False;False
AOC;24G42E;10199;4.77;14;23.8;1920;1080;180;IPS;300;1000;178;178;;2;2.0;1;1.4;False;False;False;0;False;False;True;False
KEYRON;KQ27N1;15699;4.72;172;27.0;2560;1440;165;IPS;300;1000;178;178;;2;2.0;1;1.4;False;False;False;0;True;True;False;False
MSI;PRO MP242L;8399;4.92;41;23.8;1920;1080;100;IPS;250;1000;178;178;;1;1.4b;1;1.2a;False;False;False;0;False;False;True;False
Titan;Army C24A1G;9199;4.86;36;23.6;1920;1080;180;VA;300;3000;89;89;1500;2;2.0;2;1.4;False;False;False;0;False;False;True;False
DEXP;DF27H1UC;14199;4.65;35;27.0;1920;1080;100;IPS;300;1300;178;178;;1;1.4;0;;True;False;True;2;False;False;True;False
MSI;MPG 322URX QD-OLED;128999;4.84;33;31.5;3840;2160;240;OLED;1000;1500000;178;178;;2;2.1;1;2.1a;False;False;True;2;False;True;False;False
AOC;27G42E;11699;4.72;27;27.0;1920;1080;180;IPS;300;1000;178;178;;1;2.0;1;1.4;False;False;False;0;False;True;True;False
AORUS;FO32U2P EK;105999;4.87;77;31.5;3840;2160;240;OLED;1000;1500000;178;178;;2;2.1;1;2.1;False;False;False;2;True;False;False;False
Titan;Army P27H2G;11299;4.76;607;27.0;1920;1080;165;VA;300;4000;178;178;;1;1.4;1;1.2;False;False;False;0;False;False;True;False
Acer;Nitro KG241YX3bip;9999;4.78;45;23.8;1920;1080;200;VA;300;3000;178;178;;1;2.0;1;1.2;False;False;False;0;True;False;False;False
Philips;271V8AW;12499;4.63;19;27.0;1920;1080;75;IPS;250;1000;178;178;;1;1.4;0;;True;False;False;0;False;False;True;False
Lenovo;Legion R27i-30;14799;4.64;11;27.0;1920;1080;165;IPS;400;1000;178;178;;2;2.1;1;1.4;False;False;False;0;True;False;True;False
ASUS;TUF Gaming VG259Q5A;12499;4.85;71;24.5;1920;1080;200;IPS;300;1000;178;178;;2;2.0;1;1.4;False;False;False;0;True;True;False;False
Acer;Nitro XF240YX1bmiiphx;12499;4.83;6;23.8;1920;1080;200;IPS;250;1000;178;178;;2;2.0;1;1.4;False;False;False;0;True;False;False;False
ASUS;VA27DQSB-W;16999;4.85;26;27.0;1920;1080;75;IPS;250;1000;178;178;;1;1.4;1;1.2;True;False;False;2;True;False;False;False
MSI;"15.6"" PRO MP165 E6";11499;4.89;36;15.6;1920;1080;60;IPS;250;1000;178;178;;1;2.0b;0;;False;False;True;0;False;False;False;False
MSI;PRO MP242PMG;13499;4.66;26;23.8;1920;1080;120;IPS;300;1500;178;178;;1;1.4b;1;1.2a;True;False;False;2;False;False;True;False
Machenike;MKQ27F300L;24199;4.79;523;27.0;2560;1440;300;IPS;400;1000;178;178;;2;2.0;1;1.4;False;False;False;0;False;False;True;False
Philips;25M2N3200W;15999;4.76;195;24.5;1920;1080;240;VA;300;3000;178;178;;2;2.0;1;1.4;False;False;False;0;False;False;True;False
Acer;Nitro ED270W0bmiipx;14999;4.89;18;27.0;1920;1080;240;VA;250;3000;178;178;1500;2;2.0;1;1.4;False;False;False;0;True;False;False;False
LG;27G440A-B;17999;0.0;9;27.0;1920;1080;240;IPS;400;1000;178;178;;2;2.1;1;1.4;False;False;False;0;True;True;False;False
Hisense;34G6K-PRO;24999;4.8;44;34.0;3440;1440;180;VA;280;4000;178;178;1000;2;2.0;1;1.4;False;False;False;0;True;False;False;False
AOC;25G42E;10499;4.83;100;24.5;1920;1080;180;IPS;300;1000;178;178;;1;2.0;1;1.4;False;False;False;0;False;False;True;False
DEXP;DF27N3;11999;4.76;146;27.0;1920;1080;75;VA;300;4000;178;178;1500;1;1.4;0;;True;False;False;0;False;False;False;False
MSI;MPG 271QRX QD-OLED;70299;4.75;97;26.5;2560;1440;360;OLED;1000;1500000;178;178;;2;2.1;1;1.4a;False;False;True;2;True;False;False;False
Acer;Nitro QG271P6bip;12499;4.83;18;27.0;1920;1080;144;IPS;250;1500;178;178;;1;1.4;1;1.2;False;False;False;0;True;False;False;False
MSI;MAG 275F;12499;4.65;278;27.0;1920;1080;180;IPS;250;1000;178;178;;2;2.0b;1;1.4;False;False;False;0;False;False;True;False
Xiaomi;G Pro 27Qi;30999;4.38;9;27.0;2560;1440;180;IPS;2000;1000;178;178;;2;2.0;2;1.4;False;False;False;0;True;False;True;False
Samsung;Odyssey OLED G8 G81SF S32FG812SI;96499;4.71;15;32.0;3840;2160;240;OLED;260;1000000;178;178;;2;2.1;1;1.4;False;False;False;2;True;True;False;False
ASUS;ProArt Display PA328QV;43999;0.0;47;31.5;2560;1440;75;IPS;400;1000;178;178;;2;2.0;1;1.2;False;False;False;4;False;False;True;False
Asus;TUF Gaming VG279QE5A;14199;0.0;22;27.0;1920;1080;146;IPS;300;1500;178;178;;1;2.0;1;1.2;False;False;False;0;False;False;True;False
Machenike;MCF27F300L;18999;0.0;10;27.0;1920;1080;300;IPS;300;1000;178;178;;2;2.0;2;1.4;False;False;False;0;False;False;True;False
ARDOR GAMING;SHAPER PRO AQ32H4;23299;4.79;765;31.5;2560;1440;165;VA;300;3500;178;178;1000;2;2.1;2;1.4;False;False;False;0;True;True;False;False
DEXP;DQ27N2;10999;4.69;312;27.0;2560;1440;75;VA;300;4000;178;178;;2;2.1;1;1.4;False;False;False;0;False;True;False;False
ASUS;VZ24EHF-W;9399;0.0;12;23.8;1920;1080;100;IPS;250;1300;178;178;;1;1.4;0;;False;False;False;0;False;False;True;False
MSI;G32CQ5P;23999;4.71;218;31.5;2560;1440;170;VA;250;3000;178;178;1500;2;2.0b;1;1.2a;False;False;False;0;True;False;False;False
ASUS;VA27EHE;11899;4.89;271;27.0;1920;1080;75;IPS;250;1000;178;178;;1;1.4;0;;True;False;False;0;True;False;False;False
ARDOR GAMING;NOVA ULTRA AU27H1UE;30499;4.46;111;27.0;3840;2160;160;IPS;300;1000;178;178;;2;2.1;1;1.4;False;False;True;2;True;True;False;False
Acer;Nitro ED270RS3biip;14499;4.8;38;27.0;1920;1080;180;VA;250;3000;178;178;1500;2;2.0;1;1.4;False;False;False;0;True;False;False;False
LG;UltraGear 32GS95UV-B;139999;4.66;65;31.5;3840;2160;240;OLED;1300;1500000;178;178;;2;2.1;1;1.4;False;False;False;2;True;True;False;False
ARDOR GAMING;VEGA PRO AQ25H1U;14699;4.62;105;24.5;2560;1440;170;IPS;250;1000;178;178;;1;;1;;False;False;False;2;False;False;False;False
GigaByte;MO27Q2A ICE;54499;4.92;49;27.0;2560;1440;280;OLED;250;1500000;178;178;;2;2.1;1;1.4;False;False;True;3;True;True;False;False
LG;27MS500-B;10399;4.77;66;27.0;1920;1080;100;IPS;250;1000;178;178;;2;1.4;0;;False;False;False;0;False;False;False;False
Samsung;ViewFinity S7 S70D S27D700EAI;22999;4.71;36;27.0;3840;2160;60;IPS;350;1000;178;178;;1;2.0;1;1.2;False;False;False;0;False;False;False;False
LG;25MS500-B;8899;4.86;124;24.5;1920;1080;100;IPS;250;1000;178;178;;2;1.4;0;;False;False;False;0;False;False;False;False
ASUS;VY249HF-W;9099;4.84;50;23.8;1920;1080;100;IPS;250;1300;178;178;;1;1.4;0;;False;False;False;0;False;False;True;False
Machenike;MKF27F240L;13999;4.84;72;27.0;1920;1080;240;IPS;300;1000;178;178;;2;2.0;1;1.4;False;False;False;0;False;False;True;False
ASUS;ProArt PA329CV;65999;4.69;65;32.0;3840;2160;60;IPS;400;1000;178;178;;2;2.0;1;1.2;False;False;True;4;False;False;True;False
MSI;MAG 242C;11499;4.68;10;23.6;1920;1080;180;VA;300;3000;178;178;1500;1;2.0b;1;1.2a;False;False;False;0;False;False;True;False
AOC;CU34G4Z;41999;4.72;22;34.0;3440;1440;240;VA;450;2500;178;178;1500;2;2.1;1;1.4;False;False;False;2;False;False;True;False
MSI;MPG 321CURX QD-OLED;93999;4.63;39;31.5;3840;2160;240;OLED;1000;1500000;178;178;1700;2;2.1;1;1.4a;False;False;True;2;False;False;True;False
Acer;Nitro ED273US3bmiipx;16999;4.5;22;27.0;2560;1440;180;VA;250;5000;178;178;1500;2;2.0;1;1.4;False;False;False;0;True;False;False;False
Machenike;MKQ34C170L;30999;4.55;78;34.0;3440;1440;170;IPS;300;1000;178;178;;2;2.0;1;1.4;False;False;True;3;False;False;True;False
ARDOR GAMING;QUASAR PRO AQW34H3;30299;4.63;210;34.0;3440;1440;180;VA;350;4000;178;178;1500;2;2.0;1;1.4;False;False;True;2;True;True;False;False
Machenike;MKU27F160L-D;28999;4.92;12;27.0;3840;2160;160;IPS;300;1000;178;178;;2;2.0;1;1.4;False;False;False;0;False;False;True;False
AOC;25B36H3;8499;4.76;17;24.5;1920;1080;120;IPS;300;1300;178;178;;1;2.0;0;;True;False;False;0;False;False;True;False
Raskat;I27Q7D;8899;4.52;38;27.0;2560;1440;75;IPS;250;1000;178;178;;2;;1;;False;False;False;0;False;False;False;False
ARDOR GAMING;GATE AF24H3;12399;4.64;120;23.6;1920;1080;180;VA;250;3000;178;178;1500;2;2.0;1;1.4;False;False;False;0;True;True;False;False
AOC;CS24A/P;63999;4.69;13;24.1;1920;1080;600;TN;500;1000;176;170;;2;2.1;1;1.4;False;False;False;4;True;False;False;False
LG;27U421A-B;11999;4.63;16;27.0;1920;1080;100;VA;250;3000;178;178;1500;1;2.0;0;;False;False;True;0;False;False;False;False
GIGABYTE;MO27U2;72999;4.73;12;27.0;3840;2160;240;OLED;250;1500000;178;178;;2;2.1;1;1.4;False;False;True;2;True;True;True;False
Philips;34M2C3500L/00/01;29999;0.0;5;34.0;3440;1440;180;VA;300;4000;178;178;1500;2;2.0;1;1.4;False;False;False;0;False;False;True;False
Philips;34M2C3500L;26999;4.88;10;34.0;3440;1440;180;VA;300;4000;178;178;1500;2;2.0;1;1.4;False;False;False;0;False;False;True;False
Acer;Nitro XF273UW2bmiiprx;32999;4.79;15;27.0;2560;1440;240;IPS;400;1000;178;178;;2;2.0;1;1.4;False;False;False;0;True;False;False;False
LG;34U620B-B;24599;4.2;5;34.0;3440;1440;;VA;300;4000;178;178;1800;2;1.4;1;1.4;False;False;False;0;True;False;False;False
Machenike;MKF23F180;8999;4.44;127;23.8;1920;1080;180;IPS;250;1000;178;178;;2;1.4;1;1.2;False;False;False;0;False;False;True;False
MSI;MAG 274UPDF E16M;41999;4.59;32;27.0;3840;2160;160;IPS;1000;1000;178;178;;2;2.1;1;1.4a;False;False;True;0;False;False;True;False
Samsung;ViewFinity S5 S50GC S34C500GAI;32299;4.8;25;34.0;3440;1440;100;VA;300;3000;178;178;;2;2.0;1;1.2;False;False;False;0;True;False;False;False
Philips;27M2N3200S;12999;4.71;14;27.0;1920;1080;180;IPS;300;1000;178;178;;2;2.0;1;1.4;False;False;False;0;True;False;False;False
ARDOR GAMING;GATE AF24H3;9199;4.81;422;23.6;1920;1080;165;VA;250;3000;178;178;1500;2;2.0;2;1.4;False;False;False;0;True;True;False;False
MSI;MAG 322UP QD-OLED E16;72499;4.94;9;31.5;3840;2160;165;OLED;1000;1500000;178;178;;2;2.1;1;1.4a;False;False;True;0;False;False;True;False
Samsung;Odyssey Neo G8 G85NB S32BG852NI;80999;4.63;133;32.0;3840;2160;240;VA;350;1000000;178;178;1000;2;2.1;1;1.4;False;False;False;2;True;False;False;False
ASUS;VY249HGE;12999;4.78;371;23.8;1920;1080;144;IPS;250;1000;178;178;;1;1.4;0;;False;False;False;0;True;False;False;False
MSI;MAG 274QRFW;25899;4.73;465;27.0;2560;1440;180;IPS;400;1000;178;178;;2;2.0b;1;1.4a;False;False;False;0;False;False;True;False
Philips;Evnia 27M2N3200A;14999;4.58;27;27.0;1920;1080;180;IPS;300;1000;178;178;;2;2.0;1;1.4;False;False;False;0;True;True;True;False
ARDOR GAMING;FRONTIER PRO AF27H3;17999;4.83;403;27.0;1920;1080;240;VA;400;3000;178;178;1500;2;2.0;1;1.4;False;False;False;0;True;True;False;False
MSI;MAG 272QPW QD-OLED X28;58999;4.63;51;26.5;2560;1440;280;OLED;1000;1500000;178;178;;2;2.1;1;1.4a;False;False;True;0;False;False;True;False
GIGABYTE;MO32U2 EK;89999;4.8;21;31.5;3840;2160;240;OLED;1000;1500000;178;178;;2;2.1;1;1.4;False;False;True;2;True;True;False;False
ASUS;TUF Gaming VG27VQ3B;16599;4.64;20;27.0;1920;1080;180;VA;250;3000;178;178;1500;2;2.0;1;1.2;False;False;False;0;True;False;False;False
LG;24MS500-B;8299;4.8;103;23.8;1920;1080;100;IPS;250;1000;178;178;;2;1.4;0;;False;False;False;0;False;False;False;False
Dell;P3225QE;51799;4.86;7;31.5;3840;2160;100;IPS;350;1500;178;178;;1;2.1;1;1.4;False;False;True;4;False;False;True;False
TCL;32X3A;94999;4.57;7;32.0;3840;2160;240;OLED;1300;1500000;178;178;;2;2.1;1;2.1;False;False;True;4;True;False;True;False
Machenike;MCF25F200L-W;11999;4.84;71;24.5;1920;1080;200;IPS;300;1000;178;178;;2;2.0;1;1.4;False;False;False;0;False;False;True;False
Philips;Evnia 32M2C3500L;20999;4.61;18;31.5;2560;1440;180;VA;300;3500;178;178;1500;2;2.0;1;1.4;False;False;False;0;True;True;False;False
Tecno;MegaView GT AXS34MK1;22599;4.86;50;34.0;3440;1440;;VA;;;;;1500;2;;0;;False;False;False;0;False;False;False;False
ASUS;ROG Strix XG27WCS;25899;4.61;28;27.0;2560;1440;180;VA;400;3000;178;178;1500;1;1.4;0;;False;False;True;0;True;False;False;False
Acer;EK251QGbi;9999;4.76;117;24.5;1920;1080;120;IPS;250;1500;178;178;;1;1.4;0;;True;False;False;0;False;False;True;False
Acer;Nitro KG251QF3bmiipx;16499;4.48;14;24.5;1920;1080;320;IPS;250;1000;178;178;;2;2.0;1;1.4;False;False;False;0;True;False;False;False
ASUS;ROG Strix XG27WCMS;34999;4.61;31;27.0;2560;1440;280;VA;400;3000;178;178;1500;1;2.1;1;1.4;False;False;True;0;True;False;False;False
MSI;Modern MD342CQP;29899;4.63;25;34.0;3440;1440;120;VA;300;3500;178;178;1500;2;;1;;False;False;True;2;False;False;True;False
ASUS;TUF Gaming VG249Q1A;15799;4.54;672;23.8;1920;1080;165;IPS;250;1000;178;178;;2;1.4;1;1.2;False;False;False;0;True;False;True;False
Titan;Army P23H2M;11299;4.43;268;23.3;2560;1080;200;VA;300;4000;178;178;;2;2.0;1;1.4;False;False;False;0;False;False;True;False
ASUS;ProArt PA24ACRV;37799;0.0;17;23.8;2560;1440;75;IPS;400;1000;178;178;;1;2.0;2;1.4;False;False;True;4;False;False;True;False
Samsung;M7 M70F S32FM702UI;28999;4.86;30;32.0;3840;2160;60;VA;300;3000;178;178;;2;2.0;0;;False;False;True;3;False;False;False;True
AOC;27B3CF2;12999;4.64;12;27.0;1920;1080;100;IPS;250;1300;178;178;;1;1.4;0;;False;False;True;2;False;False;True;False
Titan;Army N27SQ PLUS;15999;4.6;441;27.0;2560;1440;144;VA;300;4000;178;178;1500;2;1.4;2;1.2;False;False;False;0;False;False;True;False
LG;UltraGear 49GR85DC-B;114999;4.52;14;49.0;5120;1440;240;VA;400;3000;178;178;1000;2;2.1;1;1.4;False;False;False;2;True;False;False;False
Hisense;24N3Q-PRO;8999;0.0;6;24.0;1920;1080;144;IPS;250;1000;89;89;;1;;1;;True;False;False;0;False;False;True;False
MSI;MAG 272URDF E16;31999;4.34;66;27.0;3840;2160;160;IPS;400;1000;178;178;;2;2.1;1;1.4a;False;False;False;2;True;False;True;False
Acer;Nitro XV320QUPbmiiprx;27999;4.73;30;31.5;2560;1440;180;IPS;250;1000;178;178;;2;;2;1.2;False;False;False;0;True;False;False;False
Acer;Nitro ED240QSbmiipx;9799;4.74;282;23.6;1920;1080;165;VA;250;3000;178;178;1500;2;2.0;1;1.4;False;False;False;0;True;False;False;False
MSI;MPG 272URX QD-OLED;82999;4.73;26;26.5;3840;2160;240;OLED;1000;1500000;178;178;;2;2.1;1;2.1a;False;False;True;2;False;True;False;False
Samsung;Odyssey Neo G9 G95NC S57CG952NI;189999;4.44;53;57.0;7680;2160;240;VA;420;2500;178;178;1000;3;2.1;1;2.1;False;False;False;2;True;False;False;False
LG;27GX790A-B;89999;4.54;28;26.5;2560;1440;480;OLED;275;1500000;178;178;;2;2.1;1;2.1;False;False;False;2;True;True;False;False
AOpen;22SA2QEBI;7999;4.81;19;21.5;1920;1080;100;IPS;250;1000;178;178;;1;1.4;0;;True;False;False;0;True;False;False;False
Titan;Army P24H2G;9599;4.67;442;23.8;1920;1080;165;VA;300;4000;178;178;;1;1.4;1;1.2;False;False;False;0;False;False;True;False
ASUS;TUF Gaming VG279Q3R;14999;4.84;19;27.0;1920;1080;180;IPS;250;1000;178;178;3;2;2.0;1;1.2;False;False;False;0;True;False;False;False
Samsung;Odyssey Neo G7 G75NB S32BG752NI;66999;4.65;121;32.0;3840;2160;165;VA;350;1000000;178;178;1000;2;2.1;1;1.4;False;False;False;2;True;False;False;False
AOC;16T20;10199;4.9;21;15.6;1920;1080;60;IPS;230;800;178;178;;1;2.0;0;;False;False;True;0;False;False;False;False
Titan;Army C32A1R;19799;4.69;19;31.5;2560;1440;180;VA;300;3000;89;89;1500;2;2.0;2;1.4;False;False;False;0;False;False;True;False
AOC;AGON PRO AG276QSD;63299;4.7;14;26.5;2560;1440;360;OLED;250;1500000;178;178;;2;2.1;2;1.4;False;False;False;2;True;False;False;False
Asus;VA27UCPS Business;32999;0.0;7;27.0;3840;2160;60;IPS;350;1000;178;178;;1;2.0;1;1.4;False;False;True;4;False;False;True;False
OSiO;BaseLine B24-01b;8299;4.83;311;23.8;1920;1080;100;IPS;300;1200;178;178;;1;2.0;1;1.4;True;False;False;0;True;False;False;False
ASUS;VA32UQSB;38999;4.16;10;31.5;3840;2160;60;IPS;350;1000;178;178;;2;2.0;1;1.2;False;False;False;2;False;False;True;False
ASUS;VP327Q;27999;4.92;12;31.5;3840;2160;60;VA;350;3000;178;178;;2;2.0;1;1.2;False;False;False;0;False;False;True;False
AOC;C24G2AE/BK;12999;4.69;518;23.6;1920;1080;165;VA;250;3000;178;178;1500;2;1.4;1;1.2;True;False;False;0;True;False;False;False
MSI;MAG 274QPF E20;22999;4.6;28;27.0;2560;1440;200;IPS;300;1000;178;178;;2;2.0b;1;1.4a;False;False;True;0;False;False;True;False
Hisense;27G3Q;12999;4.69;13;27.0;1920;1080;240;IPS;320;1000;178;178;;2;2.0;1;1.2;False;False;False;0;True;False;False;False
DEXP;DF27H2;9899;4.79;613;27.0;1920;1080;75;VA;300;4000;178;178;;1;2.0;0;;True;False;False;0;True;False;False;False
AOC;U27B3AF;19999;0.0;7;27.0;3840;2160;60;IPS;350;1000;178;178;;2;2.0;1;1.4;False;False;False;0;False;False;True;False
Dell;S2725H;15299;0.0;6;27.0;1920;1080;100;IPS;250;1500;178;178;;2;1.4;0;;False;False;False;0;False;False;False;False
GIGABYTE;GS27U;31999;4.87;49;27.0;3840;2160;160;IPS;350;1000;178;178;;2;2.1;1;1.4;False;False;False;0;False;False;True;False
Philips;24M1N3200ZS;11399;4.63;106;23.8;1920;1080;165;IPS;250;1100;178;178;;2;;1;;False;False;False;0;True;False;False;False
AOC;AGON PRO AG326UD;71999;4.63;25;31.5;3840;2160;165;OLED;1000;1500000;178;178;;2;2.1;1;1.4;False;False;False;3;False;True;True;False
LG;27BA45QB-B;20499;4.56;9;27.0;2560;1440;75;IPS;350;1000;178;178;;2;2.0;1;1.4;False;False;False;0;False;False;False;False
Samsung;Odyssey G9 G91F S49FG916EI;91999;4.33;6;49.0;5120;1440;144;VA;350;2500;178;178;1000;2;2.1;1;1.4;False;False;False;2;True;False;False;False
LG;UltraGear 39GX90SA-W;119999;4.35;25;39.0;3440;1440;240;OLED;1300;1500000;178;178;800;2;2.1;1;1.4;False;False;True;2;True;True;False;True
ASUS;ROG Swift OLED PG32UCDP;132999;4.57;14;31.5;3840;2160;240;OLED;1300;1500000;178;178;;2;2.1;1;1.4;False;False;True;3;True;True;False;False
Titan;Army P40UG;37299;4.53;259;40.0;3440;1440;144;IPS;350;1200;178;178;;2;2.0;1;1.4;False;False;True;0;False;False;True;False
Acer;Nitro ED240QP0bi;9499;4.55;11;23.6;1920;1080;144;VA;250;3000;178;178;1500;1;1.4;0;;True;False;False;0;True;False;False;False
KEYRON;KQ27N1TB;12299;4.87;15;27.0;2560;1440;100;IPS;250;1000;178;178;;2;2.0;1;1.2;False;False;False;0;True;False;False;False
LG;24U421A-B;10499;4.85;13;23.8;1920;1080;100;VA;250;3000;178;178;1500;1;2.0;0;;False;False;True;0;False;False;False;False
ASUS;ROG Strix XG27UCG;37799;4.55;28;27.0;3840;2160;160;IPS;400;1000;178;178;;1;2.1;1;1.4;False;False;True;0;True;True;False;False
GIGABYTE;M27UP EK;33999;4.91;57;27.0;3840;2160;160;IPS;350;1000;178;178;;2;2.1;1;1.4;False;False;True;3;True;True;False;False
GIGABYTE;MO34WQC2;75799;4.9;22;34.0;3440;1440;240;OLED;250;1500000;178;178;;2;2.1;1;1.4;False;False;True;2;True;False;False;False
Dell;SE2425H;10799;4.8;5;23.8;1920;1080;75;VA;250;3000;178;178;;1;1.4;0;;True;False;False;0;False;False;False;False
Philips;32E1N1800LA;24999;4.4;14;31.5;3840;2160;60;VA;300;3500;178;178;;2;2.0;1;1.4;False;False;False;0;False;False;False;False
GIGABYTE;GS27FC;13199;0.0;10;27.0;1920;1080;180;VA;250;3000;178;178;1500;2;2.0;1;1.4;False;False;False;0;True;False;False;False
ASUS;VY27UQ;26999;4.82;22;27.0;3840;2160;60;IPS;350;1000;178;178;;2;2.0;1;1.4;False;False;False;0;False;False;True;False
Hisense;34G6Q PRO;28999;4.17;6;34.0;3440;1440;240;VA;320;3000;89;89;1000;2;2.0;1;1.4;False;False;False;0;True;False;False;False
ASUS;ProArt Display PA27UCGE;86799;4.67;3;27.0;3840;2160;160;IPS;600;1000;178;178;;2;2.1;1;1.4;False;False;True;2;False;False;True;False
Dell;SE2225H;8799;4.89;9;21.45;1920;1080;75;VA;250;3000;178;178;;1;1.4;0;;True;False;False;0;False;False;False;False
Dell;Alienware AW2725DF;85299;0.0;3;26.5;2560;1440;360;OLED;1000;1500000;178;178;;1;2.1;2;1.4;False;False;False;4;True;False;False;False
Acer;EK321QKbmiipx;18999;4.17;6;31.5;3840;2160;60;VA;250;3000;178;178;;2;2.0;1;1.4;False;False;False;4;True;False;False;False
ASUS;TUF Gaming VG32VQM5B;21799;4.89;10;31.5;1920;1080;250;VA;300;3500;178;178;1500;2;2.0;1;1.2;False;False;False;0;True;False;False;False
GIGABYTE;GS32QCA;23299;4.77;13;31.5;2560;1440;180;VA;250;3500;178;178;1500;2;2.0;1;1.4;False;False;False;0;True;False;True;False
ARDOR GAMING;SIDEWINDER AQ27H1U;20499;4.64;43;27.0;2560;1440;180;IPS;300;1000;178;178;;1;;1;;False;False;False;2;True;False;True;False
ASUS;VZ27EHF;10999;4.68;19;27.0;1920;1080;100;IPS;250;1300;178;178;;1;1.4;0;;False;False;False;0;False;False;True;False
Lenovo;Xiaoxin 24;8299;0.0;5;23.8;1920;1080;100;IPS;250;1300;178;178;;2;1.4;0;;False;False;False;0;True;False;False;False
DEXP;DF27N1;10799;4.77;736;27.0;1920;1080;75;IPS;300;1000;178;178;;1;2.1;0;;True;False;False;0;False;False;False;False
ASUS;VZ27EHF-W;12999;4.68;19;27.0;1920;1080;100;IPS;250;1300;178;178;;1;1.4;0;;False;False;False;0;False;False;True;False
BenQ;Mobiuz EX3210U;68299;0.0;4;32.0;3840;2160;144;IPS;600;1000;178;178;;2;2.1;1;1.4;False;False;False;4;True;False;False;False
ASUS;Busines VA27UQSB;24599;4.71;14;27.0;3840;2160;60;IPS;350;1000;178;178;;2;2.0;1;1.4;False;False;False;4;False;False;True;False
Philips;Evnia 32M2N8800;79999;4.88;19;31.5;3840;2160;240;OLED;1000;1500000;178;178;;2;2.1;1;1.4;False;False;False;2;False;True;True;False
Samsung;Odyssey OLED G8 G80SD S32DG800SI;99999;4.72;122;31.5;3840;2160;240;OLED;250;1000000;178;178;;2;2.1;1;1.4;False;False;False;2;True;False;False;True
MSI;MAG 27C6X;18799;4.79;153;27.0;1920;1080;250;VA;250;3000;178;178;1500;2;2.0b;1;1.2a;False;False;False;0;False;False;True;False
ASUS;ROG Strix XG49VQ;66499;4.78;48;49.0;3840;1080;144;VA;450;3000;178;178;1800;2;2.0;1;1.2;False;False;False;2;True;False;False;False
LG;UltraGear 32GQ950-B;69299;4.83;64;31.5;3840;2160;160;IPS;450;1000;178;178;;2;2.1;1;1.4;False;False;False;2;True;True;False;False
AOC;24G2SP;15499;4.5;1200;23.8;1920;1080;165;IPS;300;1000;178;178;;2;1.4;1;1.2;True;False;False;0;True;False;True;False
Philips;Evnia 27M2N8800;75999;4.89;19;27.0;3840;2160;240;OLED;1000;1500000;178;178;;2;2.1;1;2.1;False;False;False;2;True;False;False;False
DEXP;GS DQW34N2;19999;0.0;4;34.0;3440;1440;180;VA;300;3000;178;178;1000;2;2.1;2;1.4;False;False;False;0;True;False;False;False
MSI;G2422C;11799;4.63;157;23.6;1920;1080;180;VA;250;3000;178;178;1500;2;2.0b;1;1.2a;False;False;False;0;False;False;True;False
ASUS;ProArt Display OLED PA32UCDM;156999;4.5;4;31.5;3840;2160;240;OLED;1000;1500000;178;178;;1;2.1;0;;False;False;False;2;False;False;True;False
MSI;MPG 321URXW QD-OLED;94499;4.94;17;31.5;3840;2160;240;OLED;1000;1500000;178;178;;2;2.1;1;1.4;False;False;True;2;False;False;False;False
Acer;Nitro XV252QFbmiiprx;43999;4.65;120;24.5;1920;1080;390;IPS;400;1000;178;178;;2;2.0;1;1.4;False;False;False;0;True;False;False;False
Dell;Alienware AW2724HF;41499;4.42;10;27.0;1920;1080;360;IPS;400;1000;178;178;;1;2.1;2;1.4;False;False;False;4;True;False;False;False
Machenike;MCF27F300L-W;18999;0.0;10;27.0;1920;1080;300;IPS;300;1000;178;178;;2;2.0;2;1.4;False;False;False;0;False;False;True;False
Iiyama;ProLite T2452MSC-B1;27399;4.7;0;23.8;1920;1080;60;IPS;400;1000;178;178;;1;1.4;1;1.2;False;False;False;2;False;False;False;False
Titan;Army P2710G;11199;4.8;25;27.0;1920;1080;180;VA;300;4000;178;178;;1;2.0;1;1.4;False;False;False;0;False;False;True;False
Acer;Nitro XV322QKV3bmiiphx;42799;4.56;9;31.5;3840;2160;160;IPS;400;1000;178;178;;2;2.1;1;1.4;False;False;False;0;True;False;False;False
LG;UltraGear 25G523B-B;12199;0.0;2;25.0;1920;1080;200;IPS;300;1000;178;178;;2;2.0;1;1.4;False;False;False;0;True;True;False;False
Machenike;MCF25F400L;25999;4.43;7;24.5;1920;1080;400;IPS;400;1000;178;178;;2;2.0;2;1.4;False;False;False;0;False;False;True;False
MSI;MPG 491CQP QD-OLED;94999;4.88;42;49.0;5120;1440;144;OLED;1000;1500000;178;178;1800;2;2.1;1;1.4a;False;False;True;2;False;False;True;False
LG;27G850A-B;68799;4.65;45;27.0;3840;2160;240;IPS;450;2000;178;178;;2;2.1;1;2.1;False;False;False;2;True;True;False;False
LG;27U511SA-W;16999;4.68;13;27.0;1920;1080;100;IPS;250;1300;178;178;;2;;0;;False;False;False;2;False;False;False;True
Samsung;ViewFinity S90PC S27C902PAI;89999;4.36;60;27.0;5120;2880;60;IPS;600;1000;178;178;;0;;1;;False;False;True;0;False;False;False;True
Dell;Alienware AW3225QF;150999;0.0;29;31.6;3840;2160;240;OLED;1000;1000000;178;178;1700;2;2.1;1;1.4;False;False;False;4;False;True;True;False
Asus;ROG Strix XG279CNS;38999;4.8;8;27.0;1920;1080;380;IPS;400;1000;178;178;;1;2.1;1;1.4;False;False;True;0;True;True;True;False
Acer;Predator XB273KV3bmiiprx;33499;4.64;11;27.0;3840;2160;160;IPS;400;1000;178;178;;2;2.1;1;1.4;False;False;False;0;True;False;False;False
Philips;Evnia 32M1C5200W;24499;0.0;8;31.5;1920;1080;240;VA;300;3500;178;178;1500;2;2.0;1;1.4;False;False;False;0;False;False;False;False
Hisense;27G7Q PRO;44999;4.57;7;27.0;3840;2160;160;IPS;350;1000;89;89;;2;2.0;1;1.4;False;False;True;2;True;False;False;False
Acer;PM191Q Ebmiuux;18999;4.9;10;18.5;1920;1080;100;IPS;250;1000;178;178;;1;1.4;0;;False;False;True;0;False;False;False;False
LG;UltraGear 34GX90SA-W;115499;4.44;14;34.0;3440;1440;240;OLED;1300;1500000;178;178;800;2;2.1;1;1.4;False;False;True;2;True;True;False;True
Acer;KA242YP6bi;9499;4.31;16;23.8;1920;1080;144;IPS;250;1500;178;178;;1;1.4;0;;True;False;False;0;True;False;False;False
LG;UltraGear 27GR93U-B;49999;4.15;44;27.0;3840;2160;144;IPS;400;1000;178;178;;2;2.1;1;1.4;False;False;False;2;True;True;False;False
Acer;KA252QG0bi;8399;0.0;8;24.5;1920;1080;120;IPS;250;1500;178;178;;1;1.4;0;;True;False;False;0;True;False;False;False
ASUS;ROG Swift PG38UQ;89499;4.76;39;38.0;3840;2160;144;IPS;600;1000;178;178;;2;2.1;1;1.4;False;False;False;4;True;True;True;False
Philips;325B1L;22999;0.0;2;31.5;2560;1440;75;IPS;250;1200;178;178;;2;1.4;1;1.2;False;False;False;4;False;False;True;False
Titan;Army P27A2R;20199;4.72;975;27.0;2560;1440;180;IPS;300;1000;178;178;2;2;2.0;2;1.4;False;False;False;0;False;False;True;False
Acer;Nitro VG272UW2bmiipx;28999;4.55;11;27.0;2560;1440;240;IPS;400;1000;178;178;;2;2.0;1;1.4;False;False;False;0;True;False;False;False
Titan;Army P24H3G;11299;4.78;467;23.6;1920;1080;180;VA;250;3000;178;178;1500;2;2.1;1;1.4;False;False;False;0;False;False;True;False
LG;UltraGear 27G810A-B;34799;4.8;0;27.0;3840;2160;180;IPS;400;1000;178;178;;2;2.1;1;1.4;False;False;False;2;True;True;False;False
GIGABYTE;G34WQCP;33299;4.91;12;34.0;3440;1440;180;VA;300;4000;178;178;1500;2;2.0;1;1.4;False;False;False;0;False;False;False;False
ARDOR GAMING;FRONTIER AF27H3;15299;4.83;403;27.0;1920;1080;180;VA;400;3000;178;178;1500;2;2.0;1;1.4;False;False;False;0;True;True;False;False
LG;UltraFine 32U720A-B;31299;0.0;5;31.5;3840;2160;60;VA;250;3000;178;178;;2;2.0;1;1.4;False;False;True;2;False;False;False;False
Dell;P2425D;25999;4.73;11;23.8;2560;1440;100;IPS;350;1500;178;178;;1;2.1;1;1.4;False;False;False;4;False;False;False;False
Dell;SE2725H;12399;0.0;4;27.0;1920;1080;75;VA;300;3000;178;178;;1;1.4;0;;True;False;False;0;False;False;False;False
Philips;Evnia 32M2N8800/60;79999;4.9;11;31.5;3840;2160;240;OLED;1000;1500000;178;178;;2;2.1;1;1.4;False;False;False;2;False;True;True;False
Dell;S2425H;14199;4.9;10;23.8;1920;1080;100;IPS;250;1500;178;178;;2;1.4;0;;False;False;False;0;False;False;False;False
AOC;22B30HM2;7199;4.77;29;21.5;1920;1080;100;VA;250;3000;178;178;;1;1.4;0;;True;False;False;0;False;False;True;False
ASUS;TUF Gaming VG279QM1A;22999;4.73;64;27.0;1920;1080;280;IPS;300;1000;178;178;;2;2.0;1;1.2;False;False;False;0;True;True;False;False
LG;UltraGear 32G810SA-W;74999;4.56;9;31.5;3840;2160;144;IPS;400;1000;178;178;;2;2.1;1;1.4;False;False;False;2;True;True;False;True
MSI;MAG 325CQRXF E2;31999;3.93;37;31.5;2560;1440;240;VA;300;3500;178;178;1000;2;2.0b;1;1.4a;False;False;True;0;False;False;True;False
ASUS;TUF Gaming VG27AQ1A;32999;4.81;1400;27.0;2560;1440;170;IPS;250;1000;178;178;;2;2.0;1;1.2;False;False;False;0;True;True;False;False
Machenike;MCQ27F260;15999;3.68;80;27.0;2560;1440;260;IPS;300;1000;178;178;;2;2.0;2;1.4;False;False;False;0;False;False;True;False
ASUS;TUF Gaming VG279QML5A;23999;4.73;11;27.0;1920;1080;240;IPS;300;1000;178;178;;2;2.0;1;1.4;False;False;False;0;True;True;False;False
Samsung;Smart M8 M80F S32FM803UI UHD;44999;4.8;5;31.5;3840;2160;60;VA;300;3000;178;178;;1;2.0;0;;False;False;True;2;False;False;False;True
ASUS;VU249CFE-B;16999;4.72;43;23.8;1920;1080;100;IPS;250;1300;178;178;;1;1.4;0;;False;False;True;0;False;False;True;False
Titan;Army P275MV;36299;4.23;22;27.0;3840;2160;160;IPS;450;1000;178;178;;2;2.1;1;1.4;False;False;True;2;False;False;True;False
Dell;P2725D;29999;4.71;7;27.0;2560;1440;100;IPS;350;1500;178;178;;1;2.1;1;1.4;False;False;False;4;False;False;False;False
AOC;AGON PRO AG276QZD2;62999;0.0;10;26.7;2560;1440;240;OLED;1000;1500000;178;178;;2;2.1;2;1.4;False;False;False;2;False;False;True;False
Dell;Alienware AW2525HM;36299;4.53;9;24.5;1920;1080;320;IPS;400;1000;178;178;;2;2.1;1;1.4;False;False;False;2;True;True;False;False
Dell;P2425HE;24999;0.0;2;23.8;1920;1080;100;IPS;250;1500;178;178;;1;1.4;1;1.4;False;False;False;4;False;False;False;False
AOC;27B2H/EU;12999;4.81;691;27.0;1920;1080;75;IPS;250;1000;178;178;;1;1.4;0;;True;False;False;0;False;False;False;False
ASUS;VU249CFE-M;16999;4.72;43;23.8;1920;1080;100;IPS;250;1300;178;178;;1;1.4;0;;False;False;True;0;False;False;True;False
MSI;MAG 272UP QD-OLED X24;74999;4.33;13;26.5;3840;2160;240;OLED;1000;1500000;178;178;;2;2.1;1;1.4a;False;False;True;0;False;False;True;False
ASUS;VA34VCPSR;43999;4.75;4;34.0;3440;1440;100;VA;300;3000;178;178;1500;1;2.0;1;1.4;False;False;True;3;False;False;True;False
LG;MyView 32SR50F-W;23499;4.43;23;31.5;1920;1080;60;IPS;250;1200;178;178;;2;2.1;0;;False;False;False;2;False;False;False;True
Acer;EK241YEbi;10999;4.85;38;23.8;1920;1080;100;IPS;250;1000;178;178;;1;1.4;0;;True;False;False;0;False;False;False;False
Acer;Vero CB273Ubemipruzxv;21499;4.7;48;27.0;2560;1440;75;IPS;350;1000;178;178;;1;2.0;1;1.2;False;False;True;4;True;False;False;False
Dell;UltraSharp U2424HE;34499;4.75;8;23.8;1920;1080;120;IPS;250;1000;178;178;;1;1.4;1;;False;False;True;5;False;False;False;False
AOC;24G2SPAE;7499;4.34;1100;23.8;1920;1080;165;IPS;300;1000;178;178;;2;1.4;1;1.2;True;False;False;0;True;False;False;False
ASUS;ROG Swift OLED PG27AQDM;66499;4.3;30;26.5;2560;1440;240;OLED;450;1500000;178;178;;2;2.0;1;1.4;False;False;False;2;True;True;False;False
Hisense;27N3G-PRO;9999;4.81;37;27.0;1920;1080;100;IPS;250;1000;178;178;;1;1.4;0;;True;False;False;0;False;False;True;False
LG;UltraWide 34WR55QK-B;31799;4.36;14;34.0;3440;1440;100;VA;300;3000;178;178;1800;2;2.0;1;1.4;False;False;True;2;False;False;False;False
Titan;Army P2710R;18199;4.8;20;27.0;2560;1440;180;IPS;320;1000;178;178;2710;2;2.0;2;1.4;False;False;False;0;False;False;True;False
ASUS;TUF Gaming VG249Q;14999;4.58;488;23.8;1920;1080;144;IPS;250;1000;178;178;;1;1.4;1;1.2;True;False;False;0;True;False;False;False
MSI;MPG 272QRF X36;65999;4.67;6;27.0;2560;1440;;IPS;400;1000;178;178;;2;2.1;1;1.4a;False;False;False;5;False;True;False;False
AOC;24G4XED;13999;4.81;28;23.8;1920;1080;180;IPS;300;1000;178;178;;2;2.0;1;1.4;False;False;False;0;False;True;True;False
ARDOR GAMING;ETERNITY AF27H2;16699;4.6;162;27.0;1920;1080;240;VA;400;3000;178;178;;2;;1;;False;False;False;0;True;True;False;False
LG;UltraGear 27GS95QE-B;65799;4.84;79;27.0;2560;1440;240;OLED;1000;1500000;178;178;;2;2.1;1;1.4;False;False;False;2;True;True;False;False
Cooler;Master GM27-CFX;14899;4.69;197;27.0;1920;1080;240;VA;400;3000;178;178;1500;2;2.0;1;1.2;False;False;False;0;True;True;False;False
Dell;U4025QW;179999;0.0;1;39.7;5120;2160;120;IPS;450;2000;178;178;2500;1;1.4;2;1.4;False;False;True;4;True;True;False;False
MSI;Modern MD272UPSW;29999;4.44;9;27.0;3840;2160;60;IPS;300;1000;178;178;;1;2.0b;1;1.4a;False;False;True;2;False;False;True;True
Titan;Army C27A1R;18599;0.0;17;27.0;2560;1440;180;VA;300;5000;178;178;1500;2;2.0;2;1.4;False;False;False;0;False;False;True;False
MSI;MAG 321CUP QD-OLED;82999;4.69;28;31.5;3840;2160;165;OLED;1000;1500000;178;178;1700;1;2.1;1;1.4a;False;False;True;0;False;False;True;False
Apple;Studio Display;214999;0.0;3;27.0;5120;2880;60;IPS;600;;178;178;;0;;0;;False;False;False;2;False;False;False;False
AOC;24G2ZE/BK;14799;4.52;198;23.8;1920;1080;240;IPS;350;1000;178;178;;2;2.0;1;1.2;False;False;False;0;True;False;False;False
Dell;P3223DE;46799;0.0;0;31.5;2560;1440;60;IPS;350;1000;178;178;;1;1.4;1;1.4;False;False;True;4;False;False;False;False
Apple;Studio Display;215999;0.0;9;27.0;5120;2880;60;IPS;600;;178;178;;0;;0;;False;False;True;3;False;False;False;False
DEXP;GS DF24N1;10699;3.96;54;23.8;1920;1080;180;IPS;250;1000;178;178;;2;2.0;1;1.4;False;False;False;0;True;False;False;False
Acer;KA242YE0bi;9499;4.93;40;23.8;1920;1080;100;IPS;250;1000;178;178;;1;1.4;0;;True;False;False;0;True;False;False;False
ASUS;VY249HE;10499;4.68;155;23.8;1920;1080;75;IPS;250;1000;178;178;;1;1.4;0;;True;False;False;0;False;False;False;False
Samsung;ViewFinity S8 S80HF;47799;4.7;0;27.0;5120;2880;60;IPS;350;1000;178;178;;1;2.1;1;1.4;False;False;True;4;False;False;False;False
Acer;Predator X32X5bmiiphuzx;104999;0.0;1;31.5;3840;2160;240;OLED;250;1500000;178;178;;2;2.1;1;1.4;False;False;True;2;True;True;True;False
Acer;PD163Qbmiuux;32799;4.33;6;15.6;1920;1080;60;IPS;250;800;170;170;;1;;0;;False;False;True;0;True;False;False;False
AOC;Q24V4EA;10999;4.66;137;23.8;2560;1440;75;IPS;250;1000;178;178;;1;1.4;1;1.2;False;False;False;0;False;False;True;False
LG;32U830SA-W;45499;0.0;2;32.0;3840;2160;60;IPS;350;1000;178;178;;2;2.0;0;;False;False;True;2;True;False;False;True
Acer;Nitro XV320QKP0bmiiprx;41999;4.44;9;31.5;3840;2160;160;VA;250;4000;178;178;;2;2.1;1;1.4;False;False;False;0;True;False;False;False
AOC;27B3CA2;11999;0.0;8;27.0;1920;1080;100;IPS;250;1300;178;178;;1;1.4;0;;False;False;True;2;False;False;True;False
ASUS;TUF Gaming VG27AQA1A;27299;4.74;318;27.0;2560;1440;170;VA;300;3000;178;178;;2;2.0;1;1.2;False;False;False;0;True;False;True;False
Dell;Alienware AW3423DWF;113499;0.0;9;34.0;3440;1440;165;OLED;1000;1000000;178;178;1800;1;2.0;2;1.4;False;False;False;4;True;False;False;False
LG;UltraGear 27G550B-B;20299;4.8;0;27.0;1920;1080;300;IPS;300;1000;178;178;;2;2.0;1;1.4;False;False;False;0;True;True;False;False
MSI;MAG 27C6F;16899;4.67;68;27.0;1920;1080;180;VA;250;3000;178;178;1500;2;2.0b;1;1.4;False;False;False;0;False;False;True;False
Acer;Nitro QG240YS3bipx;9099;4.61;188;23.8;1920;1080;180;VA;300;4000;178;178;;1;2.0;1;1.4;False;False;False;0;True;False;False;False
ASUS;TUF Gaming VG246H1A;12499;4.81;59;23.8;1920;1080;100;IPS;300;1300;178;178;;2;1.4;0;;False;False;False;0;True;False;False;False
Acer;Predator X34Vbmiiphuzx;69499;0.0;5;34.0;3440;1440;175;OLED;1000;1500000;178;178;1800;1;2.0;2;1.4;False;False;True;2;True;False;False;False
Acer;SH322QKbmiiphx;28599;4.69;13;31.5;3840;2160;60;VA;250;3000;178;178;;2;2.0;1;1.2;False;False;False;0;False;False;True;False
LG;UltraGear 25G550B-B;17999;0.0;1;25.0;1920;1080;300;IPS;240;1000;178;178;;2;2.0;1;1.4;False;False;False;0;True;True;False;False
Acer;HA240YEwi;10999;4.95;44;23.8;1920;1080;100;IPS;250;1300;178;178;;1;1.4;0;;True;False;False;0;True;False;False;False
LG;27UP650-W;29999;4.83;202;27.0;3840;2160;60;IPS;400;1200;178;178;;2;2.0;1;1.4;False;False;False;0;True;False;False;False
LG;32U850SA-W;53499;4.13;8;31.5;3840;2160;60;IPS;400;1000;178;178;;2;2.0;0;;False;False;True;2;False;False;False;True
Titan;Army P2410G;9599;4.72;89;23.8;1920;1080;180;IPS;320;1000;178;178;;1;2.0;1;1.4;False;False;False;0;False;False;True;False
ASUS;ZenScreen MB166CR;20299;0.0;1;15.6;1920;1080;60;IPS;250;800;178;178;;0;;0;;False;False;True;0;False;False;False;False
BenQ;BL2790;16399;4.68;10;27.0;1920;1080;100;IPS;250;1300;178;178;;2;1.4;1;1.2;False;False;False;0;False;False;False;False
AOC;C27G4ZXU;17999;4.58;10;27.0;1920;1080;280;VA;300;3000;178;178;1500;2;;1;;False;False;False;4;False;False;True;False
Titan;Army P27A2V;33999;4.78;89;27.0;3840;2160;160;IPS;300;1000;178;178;;2;2.1;1;1.4;False;False;True;2;False;False;True;False
AOC;AG276UZD;82299;4.71;7;27.0;3840;2160;240;OLED;1000;1500000;178;178;;2;2.1;1;2.1;False;False;True;2;True;False;True;False
LG;UltraGear evo 52G930B-B;123999;0.0;2;52.0;5120;2160;240;VA;400;4000;178;178;1000;2;2.1;1;2.1;False;False;False;2;True;False;False;False
AOC;27G4X;18899;4.59;20;27.0;1920;1080;180;IPS;300;1000;178;178;;2;2.0;1;1.4;False;False;False;0;False;True;True;False
Asus;TUF Gaming VG27VQM1B;21999;4.56;5;27.0;1920;1080;280;VA;250;4000;178;178;1500;2;2.0;1;1.2;False;False;False;0;True;False;True;False
ASUS;TUF Gaming VG279Q1R;13399;4.65;372;27.0;1920;1080;144;IPS;250;1000;178;178;1;2;1.4;1;1.2;False;False;False;0;True;False;False;False
Titan;Army C34CHR;23499;4.69;264;34.0;3440;1440;165;VA;350;3000;178;178;1500;2;2.1;2;1.4;False;False;False;0;False;False;True;False
ASUS;TUF Gaming VG27UQ1A;36999;4.5;10;27.0;3840;2160;160;IPS;300;1000;178;178;;2;2.1;1;1.4;False;False;False;0;True;True;False;False
Dell;Alienware AW2723DF;64999;0.0;13;27.0;2560;1440;280;IPS;600;1000;178;178;;2;2.0;1;1.4;False;False;False;4;True;True;False;False
MSI;MAG 321UPX QD-OLED;89999;4.65;40;31.5;3840;2160;240;OLED;1000;1500000;178;178;;2;2.1;1;1.4a;False;False;True;0;False;False;True;False
Dell;P2424HT;44299;0.0;0;24.0;1920;1080;60;IPS;300;1000;178;178;;1;1.4;1;1.2;False;False;True;4;False;False;False;False
ASUS;TUF Gaming VG32VQR;37999;4.52;33;31.5;2560;1440;165;VA;400;3000;178;178;1800;2;2.0;1;1.2;False;False;False;0;True;False;False;False
ASUS;VP249QGR;8099;4.64;1200;23.8;1920;1080;144;IPS;250;1000;178;178;;1;1.4;1;1.2;True;False;False;0;True;False;False;False
ASUS;VU279CFE-M;19999;4.32;15;27.0;1920;1080;100;IPS;250;1300;178;178;;1;1.4;0;;False;False;True;0;False;False;True;False
Acer;Nitro XV275Kymipruzx;23999;4.76;175;27.0;3840;2160;60;IPS;400;1000;178;178;;1;2.0;1;1.4;False;False;True;2;True;False;False;False
Acer;Predator X49Vbmiiphuzx;129999;0.0;4;49.0;5120;1440;144;OLED;1000;1500000;178;178;1800;2;2.1;1;1.4;False;False;True;2;True;False;False;False
AOC;24B30HM2;7299;4.82;11;23.8;1920;1080;100;VA;250;4000;178;178;;1;1.4;0;;True;False;False;0;False;False;True;False
Acer;Nitro XV275KP3biipruzx;46999;4.67;6;27.0;3840;2160;160;IPS;600;1000;178;178;;2;2.1;1;1.4;False;False;True;2;True;False;False;False
ASUS;VY249HF;9399;4.84;50;23.8;1920;1080;100;IPS;250;1300;178;178;;1;1.4;0;;False;False;False;0;False;False;True;False
Samsung;ViewFinity S7 S70D S37D702EAI;42999;4.75;4;37.0;3840;2160;60;VA;350;3000;178;178;;2;2.1;1;1.4;False;False;False;0;False;False;False;False
AOC;24G4X;17999;4.33;28;23.8;1920;1080;180;IPS;300;1000;178;178;;2;2.0;1;1.4;False;False;False;0;False;True;True;False
Dell;P3424WE;64299;4.33;2;34.0;3440;1440;60;IPS;300;1000;178;178;3800;1;2.0;1;1.2;False;False;True;4;False;False;False;False
ASUS;ROG Strix XG32AQ;86999;4.41;32;32.0;2560;1440;175;IPS;600;1000;178;178;;2;2.0;1;1.2;False;False;False;2;True;True;False;False
AOPEN;27CL1Ebmix;9999;4.95;19;27.0;1920;1080;100;IPS;250;1000;178;178;;1;1.4;0;;True;False;False;0;True;False;False;False
ASUS;VU279CFE-B;19999;4.32;15;27.0;1920;1080;100;IPS;250;1300;178;178;;1;1.4;0;;False;False;True;0;False;False;True;False
AOpen;22CV1QH3bi;7999;4.93;15;21.5;1920;1080;100;VA;250;3000;178;178;;1;1.4;0;;True;False;False;0;True;False;False;False
Acer;Vero CB272UE3bmiprux;21999;0.0;5;27.0;2560;1440;100;IPS;350;1000;178;178;;1;2.0;1;1.2;False;False;True;0;True;False;False;False
Philips;27E2N1500;12499;4.43;7;27.0;2560;1440;100;IPS;250;1300;178;178;;1;1.4;1;1.2;False;False;False;0;False;False;True;False
LG;45GS95QE-B;143999;4.74;22;44.5;3440;1440;240;OLED;1300;1500000;178;178;800;2;2.1;1;1.4;False;False;False;2;True;True;False;False
AOC;U27B35;18399;4.72;13;27.0;3840;2160;60;IPS;300;1000;178;178;;2;2.0;1;1.4;False;False;False;0;False;False;False;False
AOC;24G4E;11999;4.6;13;23.8;1920;1080;180;IPS;300;1000;178;178;;1;2.0;1;1.4;False;False;False;0;False;True;True;False
ARDOR GAMING;METEOR AQ27H1M;30999;4.39;32;27.0;2560;1440;165;IPS;1000;100000;178;178;;2;2.0;1;1.4;False;False;True;2;True;True;False;False
LG;MyView 32SR85U-W;54999;4.29;7;31.5;3840;2160;60;IPS;400;1000;178;178;;2;;0;;False;False;True;3;False;False;False;True
Acer;Predator X32X2bmiiphx;93999;0.0;3;31.5;3840;2160;240;OLED;1000;1500000;178;178;;2;2.1;1;1.4;False;False;False;0;True;True;False;False
LG;UltraGear 27G523B-B;12499;0.0;1;27.0;1920;1080;200;IPS;300;1000;178;178;;2;2.0;1;1.4;False;False;False;0;True;True;False;False
Titan;Army P27A6V;57299;4.66;78;27.0;3840;2160;160;IPS;1000;1000;178;178;;2;2.1;1;1.4;False;False;True;0;False;False;True;False
Dell;P3424WEB;67299;0.0;1;34.0;3440;1440;60;IPS;300;1000;178;178;3800;1;2.0;1;1.2;False;False;True;4;False;False;False;False
Machenike;MK-DQ34C240L;34499;0.0;1;34.0;3440;1440;250;VA;400;4000;178;178;;2;2.1;1;1.4;False;False;False;0;False;False;True;False
Acer;Vero CB343CURbemiiphuzx;49999;0.0;4;34.0;3440;1440;60;IPS;300;1000;178;178;3800;2;2.0;1;1.2;False;False;False;4;True;False;False;False
AOpen;24SA2YEBI;11199;0.0;2;23.8;1920;1080;100;IPS;250;1000;178;178;;1;1.4;0;;True;False;False;0;True;False;False;False
MSI;MAG 341CQP QD-OLED;99999;4.64;40;34.0;3440;1440;175;OLED;1000;1500000;178;178;1800;2;2.1;1;1.4a;False;False;True;2;True;False;False;False
AOC;CQ32G4E;26999;4.53;8;31.5;2560;1440;180;VA;300;3500;178;178;1500;1;2.0;1;1.2;False;False;False;0;False;False;True;False
ASUS;VU249HFI-W Eye Care;14999;4.33;3;23.8;1920;1080;100;IPS;250;1300;178;178;;2;1.4;0;;False;False;False;0;False;False;True;False
AOC;C27G4ZE;16999;4.86;7;27.0;1920;1080;280;VA;300;4000;178;178;1500;1;2.0;1;1.4;False;False;False;0;False;False;True;False
AOC;U27B3CF;20999;4.29;7;27.0;3840;2160;60;IPS;350;1000;178;178;;2;2.0;0;;False;False;True;2;False;False;True;False
ASUS;VU34WCIP-W Eye Care;43799;0.0;1;34.0;3440;1440;100;VA;300;3000;178;178;1500;1;2.0;1;1.4;False;False;True;4;False;False;True;False
ASUS;VU249CFE-P;16999;4.72;43;23.8;1920;1080;100;IPS;250;1300;178;178;;1;1.4;0;;False;False;True;0;False;False;False;False
Acer;KA272E0BI;12999;4.88;43;27.0;1920;1080;100;IPS;250;1000;178;178;;1;1.4;0;;True;False;False;0;True;False;False;False
ASUS;ZenScreen MB249C;35999;4.67;3;23.8;1920;1080;75;IPS;250;1000;178;178;;1;1.4;0;;False;False;True;0;True;False;True;False
LG;MyView 27SR50F-W;22999;4.69;16;27.0;1920;1080;60;IPS;250;1000;178;178;;2;2.1;0;;False;False;False;2;False;False;False;True
ARDOR GAMING;SIRIUS AQ27H1O;47999;4.47;73;27.0;2560;1440;240;OLED;600;150000;178;178;;2;2.0;1;1.4;False;False;True;2;True;True;False;False
Asus;TUF Gaming VG27UQEL5A;25999;4.8;0;27.0;3840;2160;80;IPS;400;1000;178;178;;2;2.0;1;1.4;False;False;False;1;True;True;True;False
ASUS;PG32UCDM;167999;4.72;34;31.5;3840;2160;240;OLED;1000;1500000;178;178;;2;2.1;1;1.4;False;False;True;3;True;True;True;False
AsRock;Phantom Gaming PGO27QFS;56299;4.67;3;27.0;2560;1440;240;OLED;1300;1500000;178;178;;2;2.1;2;1.4;False;False;True;2;True;False;False;False
DEXP;DF24N1;6199;4.8;1200;23.8;1920;1080;75;IPS;300;1000;178;178;;1;2.0;0;;True;False;False;0;False;False;False;False
Acer;Nitro XV345CURV3bmiphuzx;48999;4.78;19;34.0;3440;1440;180;VA;300;3000;178;178;1000;1;2.0;1;;False;False;True;2;True;False;False;False
Acer;Vero B277UD3bmiqprcuzx;33299;0.0;3;27.0;2560;1440;100;IPS;350;1000;178;178;;1;2.0;1;1.2;False;False;False;3;True;False;False;False
Acer;Nitro KG242YEbmiix;12199;4.87;15;23.8;1920;1080;100;IPS;250;1000;178;178;;2;1.4;0;;True;False;False;0;True;False;False;False
Samsung;Odyssey Ark G97NC S55CG97WNI;199999;4.63;17;55.0;3840;2160;165;VA;600;1000000;178;178;1000;1;2.0;1;1.4;False;False;False;2;True;False;False;True
Samsung;Odyssey 3D G90XF S27FG900XI;129999;0.0;7;27.0;3840;2160;165;IPS;350;1000;178;178;;2;2.1;1;1.4;False;False;False;2;True;True;False;False
AsRock;PG27FFT1B;14399;4.7;27;27.0;1920;1080;180;IPS;450;1000;178;178;;2;2.0;1;1.2;False;False;False;0;True;False;False;False
LG;27GP95RP-B;67999;4.81;36;27.0;3840;2160;144;IPS;750;1000;178;178;;2;2.1;1;1.4;False;False;False;2;True;True;False;False
LG;27GP95R-B;64799;4.66;105;27.0;3840;2160;144;IPS;400;1000;178;178;95;2;2.1;1;1.4;False;False;False;2;True;True;False;False
Acer;KA242YG0bi;11999;4.93;40;23.8;1920;1080;120;IPS;250;1500;178;178;;1;1.4;0;;True;False;False;0;False;False;False;False
Acer;Nitro VG271Zbmiipx;23399;4.75;16;27.0;1920;1080;280;IPS;400;1000;178;178;;2;2.0;1;1.2;False;False;False;0;True;False;False;False
ASUS;VU279HFI-W Eye Care;19999;4.8;0;27.0;1920;1080;100;IPS;250;1300;178;178;;2;1.4;0;;False;False;False;0;False;False;True;False
GIGABYTE;GS32Q EK;29999;4.33;3;31.5;2560;1440;170;IPS;300;1200;178;178;;2;2.0;1;1.4;False;False;False;0;True;False;False;False
KEYRON;KF27N1;9399;4.8;50;27.0;1920;1080;100;IPS;300;1000;178;178;;1;1.4;1;1.2;False;False;True;0;False;False;True;False
Machenike;MKF27F240;11999;4.7;0;27.0;1920;1080;240;IPS;300;1000;178;178;;2;2.0;1;1.4;False;False;False;0;False;False;True;False
LG;UltraFine 32U990A-S;149499;0.0;1;31.5;6144;3456;60;IPS;450;2000;178;178;;1;2.1;1;2.1;False;False;False;2;False;False;False;False
Horizont;H27Z320;21399;0.0;0;27.0;2560;1440;320;IPS;300;1000;178;178;;0;;2;;False;True;False;0;False;True;False;False
ASUS;BE27ACSBK;36299;0.0;4;27.0;2560;1440;60;IPS;350;1000;178;178;;1;1.4;1;1.2;False;False;True;4;False;False;False;False
AsRock;Phantom Gaming PG27FRS1A;18499;4.82;23;27.0;1920;1080;280;VA;300;4000;178;178;1500;2;2.0;1;1.2;False;False;False;0;True;False;False;False
LG;MyView 32SR83U-W;59999;4.58;29;31.5;3840;2160;60;IPS;400;1000;178;178;;2;;0;;False;False;True;3;False;False;False;True
Acer;Vero B277bmiprzxv;14399;4.38;8;27.0;1920;1080;75;IPS;250;1000;178;178;;1;1.4;1;1.2;True;False;False;4;False;False;False;False
AOC;25B36H;9099;4.89;9;24.5;1920;1080;100;IPS;250;1300;178;178;;1;1.4;0;;True;False;False;0;False;False;True;False
Dell;Alienware AW2524HF;74299;3.67;6;24.5;1920;1080;500;IPS;400;1000;178;178;;1;2.1;2;1.4;False;False;False;4;True;False;False;False
Acer;Predator X27Ubmiipruzx;60499;0.0;3;26.5;2560;1440;240;OLED;1000;1500000;178;178;;2;2.0;1;1.4;False;False;True;2;True;False;False;False
Dell;U4924DW;169999;0.0;2;49.0;5120;1440;60;IPS;350;2000;178;178;3800;2;2.1;1;1.4;False;False;True;8;False;False;False;False
Dell;P2424HEB;31499;3.33;3;23.8;1920;1080;60;IPS;250;1000;178;178;;1;1.4;1;1.2;False;False;True;4;False;False;False;False
Samsung;Odyssey Neo G9 S49AG950NI;149999;4.51;139;48.7;5120;1440;240;VA;420;1000000;178;178;1000;2;2.1;1;1.4;False;False;False;2;True;True;False;False
ASUS;ZenScreen MB165B;12999;0.0;1;15.6;1366;768;60;TN;220;500;90;65;;0;;0;;False;False;False;0;False;False;False;False
GigaByte;G27U EK;29999;4.8;0;27.0;3840;2160;320;IPS;350;1000;178;178;;2;2.1;1;1.4;False;False;False;1;True;True;False;False
Acer;Predator XB323QKV3bmiiphx;79499;4.8;10;31.5;3840;2160;160;IPS;400;1000;178;178;;2;2.1;1;1.4;False;False;False;0;True;False;False;False
Acer;Nitro XV322QKKVbmiiphuzx;71499;4.66;46;31.5;3840;2160;144;IPS;400;1000;178;178;;2;2.1;1;1.4;False;False;False;4;True;False;False;False
Samsung;Odyssey G4 S27BG400EI;22199;4.7;0;27.0;1920;1080;240;IPS;400;1000;178;178;;2;2.0;1;1.2;False;False;False;0;True;False;False;False
DEXP;GS DF24N1S2;7999;0.0;2;23.8;1920;1080;200;IPS;300;1000;178;178;;1;2.1;1;1.4;False;False;False;0;True;False;False;False
LG;MyView 32SQ700S-W;39799;4.88;13;31.5;3840;2160;60;VA;250;3000;178;178;;2;;0;;False;False;True;2;False;False;False;False
Acer;Vero CB272E3bmirux;22399;0.0;2;27.0;1920;1080;100;IPS;250;1000;178;178;;1;1.4;0;;False;False;True;0;True;False;False;False
Lime;G270;12499;4.56;44;27.0;2560;1440;144;VA;250;1000;178;178;;2;;1;;False;False;False;0;False;False;False;False
Acer;Nitro XZ452CUVbemiiphuzx;81299;4.52;11;44.5;5120;1440;165;VA;450;3000;178;178;1500;2;2.1;1;1.4;False;False;True;3;True;False;False;False
Acer;Predator XB323QUM3bmiiphx;44299;4.62;21;31.5;2560;1440;180;IPS;250;1000;178;178;;2;2.0;1;1.2;False;False;False;0;False;True;True;False
GIGABYTE;AORUS FI32U;92999;4.87;56;31.5;3840;2160;144;IPS;350;1000;178;178;;2;2.1;1;1.4;False;False;False;4;True;False;False;False
Machenike;MKQ27F240;16999;4.01;66;27.0;2560;1440;240;IPS;400;1000;178;178;;2;2.0;1;1.4;False;False;False;0;False;False;True;False
Philips;24E1N1100D;7999;4.95;38;23.8;1920;1080;100;IPS;300;1500;178;178;;1;1.4;0;;True;True;False;0;False;False;True;False
Acer;Predator X34V3bmiiphuzx;52499;0.0;6;34.0;3440;1440;180;VA;1000;4000;178;178;1500;2;2.0;1;1.4;False;False;True;2;True;False;False;False
AORUS;FO27Q5P EK;91999;4.9;0;26.5;2560;1440;500;OLED;1000;1500000;178;178;;2;2.1;1;2.1;False;False;False;3;True;True;False;False
Acer;Nitro EI322QURPbmiippx;32999;4.45;83;31.5;2560;1440;165;VA;400;3000;178;178;1500;1;;2;;False;False;False;0;True;False;False;False
Apple;Studio Display;254999;0.0;3;27.0;5120;2880;60;IPS;600;;178;178;;0;;0;;False;False;False;2;False;False;False;False
Machenike;MK-ZQ25F250;17999;0.0;4;24.5;2560;1440;250;IPS;250;1000;178;178;;2;2.0;1;1.4;False;False;False;0;False;False;True;False
ASUS;ZenScreen Ink MB14AHD;39999;0.0;1;14.0;1920;1080;60;IPS;220;800;170;170;;1;;0;;False;False;True;0;False;False;False;False
ASUS;VU249CFE-G;16999;4.72;43;23.8;1920;1080;100;IPS;250;1300;178;178;;1;1.4;0;;False;False;True;0;False;False;False;False
AORUS;FO27Q3 EK;83999;4.26;31;27.0;2560;1440;360;OLED;1000;1500000;178;178;;2;2.1;1;1.4;False;False;True;2;True;False;False;False
Apple;Studio Display XDR;422999;0.0;0;27.0;5120;2880;120;IPS;1000;;178;178;;0;;0;;False;False;False;2;False;False;True;False
AsRock;CL25FF;8899;4.82;11;24.5;1920;1080;100;IPS;300;1300;178;178;;1;1.4;0;;True;False;False;0;True;False;False;False
MSI;MAG 274UPF;38499;4.28;34;27.0;3840;2160;144;IPS;400;1000;178;178;;2;2.1;1;1.4a;False;False;True;2;True;False;False;False
Titan;Army C34A1R;26799;4.6;5;34.0;3440;1440;180;VA;400;4000;89;89;1500;2;2.0;2;1.4;False;False;False;0;False;False;True;False
Samsung;Odyssey G7 S32BG700EI;64999;4.16;95;32.0;3840;2160;144;IPS;350;1000;178;178;;2;2.1;1;1.4;False;False;False;2;True;True;False;True
Acer;Nitro EI491CURSbmiipphx;111499;0.0;3;49.0;5120;1440;120;VA;400;3000;178;178;1800;2;2.0;2;1.4;False;False;False;0;True;False;False;False
MSI;MEG 342C QD-OLED;101999;4.65;20;34.0;3440;1440;175;OLED;1000;1000000;178;178;1800;2;2.1;1;1.4;False;False;True;4;True;False;False;False
Acer;UT272bmipzx;44999;3.67;2;27.0;1920;1080;75;IPS;360;1000;178;178;;1;1.4;1;1.2;False;False;False;2;True;False;False;False
LG;34U640B-B;26699;4.8;0;34.0;3440;1440;144;VA;300;4000;178;178;1800;2;2.0;1;1.4;False;False;True;3;True;False;False;False
Acer;CZ342CURVbmiphuzx;45799;3.67;9;34.0;3440;1440;180;VA;300;3000;178;178;1000;1;2.0;1;;False;False;True;2;True;False;False;False
Dell;UltraSharp U3824DW;125999;0.0;1;37.5;3840;1600;60;IPS;300;2000;178;178;2300;2;2.1;1;1.4;False;False;True;7;False;False;False;False
Acer;Predator X27UFbmiipphuzx;64999;3.67;3;27.0;2560;1440;360;OLED;1000;1500000;178;178;;2;2.1;2;1.4;False;False;True;2;True;False;False;False
AsRock;PG27FFX2A;43299;3.67;3;27.0;1920;1080;520;IPS;400;1000;178;178;;2;2.1;1;1.4;False;False;False;2;True;False;False;False
Acer;Nitro ED343CURV3bmiippx;38299;4.86;7;34.0;3440;1440;180;VA;300;4000;178;178;1000;2;2.0;2;1.4;False;False;False;0;True;False;False;False
AOpen;24CL1YEbmix;11799;0.0;1;23.8;1920;1080;100;IPS;250;1000;178;178;;1;1.4;0;;True;False;False;0;True;False;False;False
ASUS;ROG Swift PG27AQN;80499;4.47;19;27.0;2560;1440;360;IPS;600;1000;178;178;;3;2.0;1;1.4;False;False;False;2;False;True;False;False
Acer;Nitro XZ342CUS3bmiipphx;46499;4.52;31;34.0;3440;1440;180;VA;400;4000;178;178;1500;2;2.0;2;1.4;False;False;False;0;True;False;False;False
AsRock;PGO27QFV;63499;0.0;1;27.0;2560;1440;360;OLED;1000;1500000;178;178;;2;2.1;1;1.4;False;False;True;0;True;False;False;False
GigaByte;"26.5"" MO27Q3 EK";66999;0.0;1;26.5;2560;1440;360;OLED;1000;1500000;178;178;;2;2.1;1;1.4;False;False;False;3;True;True;False;False
Acer;Nitro ED340CURX0bmiipx;24999;2.87;15;34.0;3440;1440;200;VA;250;4000;178;178;1500;2;2.1;1;1.4;False;False;False;0;True;False;False;False
Acer;Nitro XV275KPymipruzx;33499;4.52;90;27.0;3840;2160;144;IPS;400;1000;178;178;;1;2.1;1;1.4;False;False;True;2;True;False;False;False
AIWA;MF270L-Y;10399;0.0;1;27.0;1920;1080;165;VA;250;3000;178;178;;1;1.4;1;;False;False;False;0;False;False;False;False
ASUS;ZenScreen MB27ACF;46999;0.0;1;27.0;2560;1440;100;IPS;300;1500;178;178;;1;2.0;0;;False;False;True;0;False;False;True;False
AOC;AGON PRO AG344UXM;68299;3.59;10;34.0;3440;1440;170;IPS;1000;1000;178;178;;2;2.1;1;1.4;False;False;True;4;True;True;False;False
Lime;T238;8399;4.8;0;23.8;1920;1080;144;IPS;250;1000;178;178;;1;;1;;False;False;False;0;False;False;False;False
Acer;Nitro VG270Gbmipx;15499;4.68;19;27.0;1920;1080;120;IPS;250;1500;178;178;;2;1.4;1;1.2;False;False;False;0;True;False;False;False
Acer;Vero B277KC3bmipruzx;23199;4.63;8;27.0;3840;2160;60;IPS;350;1000;178;178;;1;2.0;1;1.2;False;False;True;4;True;False;False;False
GIGABYTE;MO27Q2A EK;54299;4.8;0;27.0;2560;1440;280;OLED;250;1500000;178;178;;2;2.1;1;1.4;False;False;True;3;True;True;False;False
Acer;Vero B247YEwmiprxv;16999;3.89;5;23.8;1920;1080;100;IPS;250;1000;178;178;;1;1.4;1;1.2;True;False;False;0;True;False;False;False
Acer;Nitro XV270X1bmiipx;16899;0.0;1;27.0;1920;1080;200;IPS;250;1000;178;178;;2;2.0;1;1.2;False;False;False;0;True;False;False;False
ASUS;BE24ECSNK;24999;3.33;3;23.8;1920;1080;60;IPS;300;1000;178;178;;1;1.4;1;1.2;False;False;True;4;False;False;False;False
LG;32G600A-B;27999;4.8;0;31.5;2560;1440;;VA;300;3000;178;178;1000;2;2.0;1;1.4;False;False;False;0;True;False;False;False
LG;UltraGear 32G620B-B;25199;0.0;1;31.5;2560;1440;200;IPS;300;1200;178;178;;2;2.0;1;1.4;False;False;False;0;True;True;False;False
Acer;Vero CB242YE3bmiruxv;18599;4.8;0;23.8;1920;1080;100;IPS;250;1000;178;178;;1;1.4;0;;False;False;True;0;True;False;False;False
ASUS;VU279CFE-G;19999;4.32;15;27.0;1920;1080;100;IPS;250;1300;178;178;;1;1.4;0;;False;False;True;0;False;False;False;False
MSI;MPG 274URF QD;59299;3.71;7;27.0;3840;2160;160;IPS;400;1000;178;178;;2;2.1;1;1.4a;False;False;True;2;True;False;False;False
Philips;24E1N1300A;16899;3.29;7;23.8;1920;1080;100;IPS;250;1300;178;178;;1;1.4;0;;False;False;True;2;False;False;True;False
LG;27UN880-B;46999;3.67;6;27.0;3840;2160;60;IPS;350;1000;178;178;;2;2.0;1;1.4;False;False;True;2;True;False;False;False
ASUS;ProArt PA148CTV;46799;0.0;2;14.0;1920;1080;60;IPS;300;700;178;178;;1;;0;;False;False;True;0;False;False;False;False
Acer;Nitro XV242Fbmiiprx;68499;2.67;3;24.1;1920;1080;540;TN;400;1000;170;160;;2;2.0;1;1.4;False;False;False;0;True;False;False;False
Acer;SH242YG0bmihux;12299;0.0;1;23.8;1920;1080;120;IPS;250;1500;178;178;;1;1.4;0;;False;False;True;0;True;False;False;False
Acer;Nitro XV345CURXbmiipphx;58999;3.21;15;34.0;3440;1440;240;VA;300;4000;178;178;1000;2;2.1;2;1.4;False;False;False;0;True;False;False;False
Titan;Army P25A2K;22999;2.73;135;24.5;1920;1080;360;IPS;350;1000;178;178;;2;2.0;2;1.4;False;False;False;0;False;False;True;False
ASUS;ROG Strix XG27UQR;41499;4.83;65;27.0;3840;2160;144;IPS;400;1000;178;178;;2;2.0;2;1.4;False;False;False;2;False;True;False;False
MSI;MAG 274UPF E2;39799;4.7;69;27.0;3840;2160;160;IPS;400;1000;178;178;;2;2.1;1;1.4a;False;False;True;0;False;False;True;False
Acer;Nitro VG273Ebmiix;13999;4.92;12;27.0;1920;1080;100;IPS;250;1000;178;178;;2;1.4;0;;True;False;False;0;True;False;False;False
Samsung;Odyssey OLED G9 G95SC S49CG954SI;189999;4.86;21;49.0;5120;1440;240;OLED;250;1000000;178;178;1800;1;2.1;1;1.4;False;False;False;3;True;False;False;True
GIGABYTE;AORUS FO32U2;89999;0.0;8;31.5;3840;2160;240;OLED;1000;1500000;178;178;;2;2.1;1;1.4;False;False;False;2;True;False;False;False
Acer;Nitro XF270M3biiph;19999;0.0;8;27.0;1920;1080;180;IPS;250;1000;178;178;;2;2.0;1;1.4;False;False;False;0;True;False;False;False
AsRock;CL27FF;12499;4.8;20;27.0;1920;1080;100;IPS;300;1000;178;178;;1;1.4;0;;True;False;False;0;True;False;False;False
Acer;Predator XB273UV3bmiiprzx;31499;4.59;32;27.0;2560;1440;180;IPS;400;1000;178;178;;2;2.0;1;1.2;False;False;False;4;True;False;False;False
Lime;T238L;14299;0.0;2;23.8;1920;1080;165;VA;250;3000;178;178;1500;1;;1;;False;False;False;0;False;False;False;False
Acer;Nitro XF270X1biiph;16999;4.58;19;27.0;1920;1080;200;IPS;250;1000;178;178;;2;2.0;1;1.4;False;False;False;0;True;False;False;False
AOC;AGON PRO AG276QZD;59999;0.0;3;26.5;2560;1440;240;OLED;1000;1500;178;178;;2;2.0;2;1.4;False;False;False;2;True;False;False;False
Acer;CB272Dbmiprcx;25199;0.0;2;27.0;1920;1080;75;IPS;250;1000;178;178;;1;1.4;1;1.2;True;False;False;0;False;False;False;False
ASUS;ProArt PA32UCXR;329999;0.0;3;32.0;3840;2160;60;IPS;1600;1000;178;178;;2;2.0;1;1.4;False;False;False;4;False;False;True;False
ASUS;ProArt PA32DC;449999;4.75;4;31.5;3840;2160;60;OLED;500;1000000;178;178;;3;2.0;1;1.4;False;False;True;4;False;False;False;False
Lenovo;ThinkVision 27 3D;166999;0.0;1;27.0;3840;2160;60;IPS;310;1000;178;178;;2;2.1;1;1.4;False;False;True;5;False;False;False;False
Acer;Vero CB272E3bmirux;16599;4.8;0;27.0;1920;1080;100;IPS;250;1000;178;178;;1;1.4;0;;False;False;True;0;True;False;False;False
Acer;Vero CB271bmirux;23799;4.8;0;27.0;1920;1080;75;IPS;250;1000;178;178;;1;1.4;0;;False;False;True;0;True;False;False;False
MSI;PRO MAX 241PHW E14;16199;4.8;0;23.8;1920;1080;144;IPS;300;1500;178;178;;1;2.0b;1;1.2a;False;False;True;2;True;False;False;False
Acer;Vero B247YEbmiprxv;18999;4.8;0;23.8;1920;1080;100;IPS;250;1000;178;178;;1;1.4;1;1.2;True;False;False;0;True;False;False;False
LG;UltraWide 34U601B-B;21499;4.8;0;34.0;3440;1440;120;VA;250;3000;178;178;1800;1;2.0;1;1.4;False;False;False;0;True;False;False;False
ASUS;ProArt PA27DCE-K;319999;4.5;2;26.9;3840;2160;60;OLED;350;1000000;178;178;;3;2.0;1;1.4;False;False;True;3;False;False;False;False
Machenike;MK-CF25F300M;19499;4.7;0;24.5;1920;1080;320;IPS;600;1000;178;178;;2;2.0;1;1.4;False;False;False;0;False;False;True;False
HIPER;ProView SB2701;24199;0.0;0;27.0;3840;2160;60;IPS;300;1000;178;178;;1;2.1;1;1.4;False;False;True;2;True;False;False;False
Acer;ProCreator PE320QXTbmiiphcuzx;101499;4.8;0;31.5;6016;3384;;IPS;600;2000;178;178;;1;2.1;1;2.1;False;False;False;3;False;False;False;False
MSI;PRO MP245PHG E14;13799;4.8;0;23.8;1920;1080;144;IPS;300;1500;178;178;;1;2.0;1;1.2a;False;False;True;3;True;False;True;False
Acer;Vero V247YHbmipxv;12199;4.8;0;23.8;1920;1080;100;VA;250;1000;178;178;;1;1.4;1;1.2;True;False;False;0;False;False;False;False
Philips;24E1N5300AE;13299;4.5;2;23.8;1920;1080;75;IPS;300;1000;178;178;;1;1.4;1;1.1;False;False;True;4;False;False;True;False
AOC;27G4HA;13199;4.8;0;27.0;1920;1080;200;IPS;300;1000;178;178;;2;2.0;1;1.4;False;False;False;0;True;True;True;False
Philips;24E1N5300HE/00;24999;0.0;4;23.8;1920;1080;75;IPS;300;1000;178;178;;1;1.4;1;1.2;False;False;True;4;True;False;False;False
ASUS;ProArt PA32UCX-PK;522999;3.67;3;32.0;3840;2160;60;IPS;1200;1000;178;178;;3;2.0;1;1.2;False;False;False;3;True;False;False;False
Acer;XZ323QUX2bmiiprx;25599;3.67;3;31.5;2560;1440;144;VA;250;3000;178;178;1000;1;1.4;0;;False;False;False;0;True;False;False;False
Acer;Nitro XZ340CUHbiiphx;32799;3.92;13;34.0;3440;1440;100;VA;250;3000;178;178;1500;2;2.0;1;1.4;False;False;False;0;True;False;False;False
GIGABYTE;AORUS FI32Q;41499;3.75;17;31.5;2560;1440;165;IPS;350;1000;178;178;;2;2.0;1;1.4;False;False;True;2;True;True;False;False
