record_id;snapshot_datetime;brand;model;price;rating;reviews_count;diagonal;resolution_str;h_resolution;v_resolution;panel_type;refresh_rate;brightness;contrast;h_view_angle;v_view_angle;curvature_radius;is_curved;hdmi_count;hdmi_version;dp_count;dp_version;has_vga;has_dvi;has_usbc;usb_count;has_amd_sync;has_nvidia_sync;has_adaptive_sync;is_smart
1420;2026-09-26 13:37:00;AOC;22B30HM2;8999;4.8;0;21.5;1920x1080;1920;1080;VA;;250;3000;178;178;;0;1;1.4;0;;1;0;0;0;0;0;1;0
895;2026-09-26 13:37:00;AOC;24B15H3;6999;4.95;24;23.8;1920x1080;1920;1080;IPS;120;250;1000;178;178;;0;1;1.4;0;;1;0;0;0;0;0;0;0
1166;2026-09-26 13:37:00;AOC;24B2XHM2;9599;4.75;173;23.8;1920x1080;1920;1080;VA;75;250;3000;178;178;;0;1;1.4;0;;1;0;0;0;0;0;0;0
811;2026-09-26 13:37:00;AOC;24B36H;6999;4.83;172;23.8;1920x1080;1920;1080;IPS;120;250;1500;178;178;;0;1;1.4;0;;1;0;0;0;0;0;1;0
860;2026-09-26 13:37:00;AOC;24B36X;8599;4.82;371;23.8;1920x1080;1920;1080;IPS;144;250;1500;178;178;;0;1;1.4;1;1.4;0;0;0;0;0;0;1;0
1473;2026-09-26 13:37:00;AOC;24B3CA2;9299;4.89;18;23.8;1920x1080;1920;1080;IPS;100;250;1300;178;178;;0;1;1.4;0;;0;0;1;2;0;0;1;0
1426;2026-09-26 13:37:00;AOC;24B3CF2;9999;4.67;3;23.8;1920x1080;1920;1080;IPS;100;250;1300;178;178;;0;1;1.4;0;;0;0;1;2;0;0;1;0
1526;2026-09-26 13:37:00;AOC;24E4U;12899;4.8;0;23.8;1920x1080;1920;1080;IPS;120;300;1500;178;178;;0;1;1.4;1;1.2;1;0;0;4;0;0;1;0
892;2026-09-26 13:37:00;AOC;24G11ZE;11999;4.66;164;23.8;1920x1080;1920;1080;IPS;240;300;1000;178;178;;0;1;2.0;1;1.4;0;0;0;0;0;0;1;0
1186;2026-09-26 13:37:00;AOC;24G42E;10799;4.79;15;23.8;1920x1080;1920;1080;IPS;180;300;1000;178;178;;0;2;2.0;1;1.4;0;0;0;0;0;0;1;0
1221;2026-09-26 13:37:00;AOC;25B36H3;8999;4.76;17;24.5;1920x1080;1920;1080;IPS;120;300;1300;178;178;;0;1;2.0;0;;1;0;0;0;0;0;1;0
1109;2026-09-26 13:37:00;AOC;25B36X;9199;4.77;53;24.5;1920x1080;1920;1080;IPS;144;300;1500;178;178;;0;1;1.4;1;1.4;0;0;0;0;0;0;0;0
1107;2026-09-26 13:37:00;AOC;25G42E;11999;4.83;101;24.5;1920x1080;1920;1080;IPS;180;300;1000;178;178;;0;1;2.0;1;1.4;0;0;0;0;0;0;1;0
1027;2026-09-26 13:37:00;AOC;25G4S;18499;4.84;84;24.5;1920x1080;1920;1080;IPS;310;400;1000;178;178;;0;2;2.0;1;1.4;0;0;0;0;0;1;0;0
825;2026-09-26 13:37:00;AOC;27B36X;10499;4.85;273;27.0;1920x1080;1920;1080;IPS;144;250;1500;178;178;;0;1;1.4;1;1.4;0;0;0;0;0;0;1;0
1485;2026-09-26 13:37:00;AOC;27B36XE;10399;4.8;0;27.0;1920x1080;1920;1080;IPS;144;300;1500;178;178;;0;1;1.4;0;;1;0;0;0;0;0;1;0
1334;2026-09-26 13:37:00;AOC;27B3CA2;11499;0.0;8;27.0;1920x1080;1920;1080;IPS;100;250;1300;178;178;;0;1;1.4;0;;0;0;1;2;0;0;1;0
1197;2026-09-26 13:37:00;AOC;27B3CF2;12999;4.64;12;27.0;1920x1080;1920;1080;IPS;100;250;1300;178;178;;0;1;1.4;0;;0;0;1;2;0;0;1;0
1018;2026-09-26 13:37:00;AOC;27G11ZE2;12999;4.62;205;27.0;1920x1080;1920;1080;IPS;240;300;1000;178;178;;0;1;2.0;1;1.4;0;0;0;0;1;0;0;0
1053;2026-09-26 13:37:00;AOC;27G4HA;13499;0.0;5;27.0;1920x1080;1920;1080;IPS;200;300;1000;178;178;;0;2;2.0;1;1.4;0;0;0;0;1;1;1;0
1033;2026-09-26 13:37:00;AOC;AG346UCD;72999;4.92;40;34.0;3440x1440;3440;1440;OLED;175;1000;1500000;178;178;1800;1;2;2.0;1;1.4;0;0;0;3;1;1;0;0
1438;2026-09-26 13:37:00;AOC;AGON PRO AG276QZD;56999;0.0;3;26.5;2560x1440;2560;1440;OLED;240;1000;1500;178;178;;0;2;2.0;2;1.4;0;0;0;2;1;0;0;0
1294;2026-09-26 13:37:00;AOC;AGON PRO AG276QZD2;58999;0.0;10;26.7;2560x1440;2560;1440;OLED;240;1000;1500000;178;178;;0;2;2.1;2;1.4;0;0;0;2;0;0;1;0
1187;2026-09-26 13:37:00;AOC;C24G2AE/BK;15999;4.69;519;23.6;1920x1080;1920;1080;VA;165;250;3000;178;178;1500;1;2;1.4;1;1.2;1;0;0;0;1;0;0;0
1123;2026-09-26 13:37:00;AOC;C24G42E;9999;4.72;25;23.6;1920x1080;1920;1080;VA;180;250;3000;178;178;1500;1;2;2.0;1;1.4;0;0;0;0;0;0;1;0
958;2026-09-26 13:37:00;AOC;C27G42E;11999;4.87;47;27.0;1920x1080;1920;1080;VA;180;300;3000;178;178;1500;1;2;2.0;1;1.4;0;0;0;0;0;0;1;0
1064;2026-09-26 13:37:00;AOC;CQ32G4VE;21999;4.81;31;31.5;2560x1440;2560;1440;VA;180;300;3500;178;178;1500;1;2;2.0;1;1.4;0;0;0;0;1;0;0;0
1127;2026-09-26 13:37:00;AOC;CS24A;61999;4.81;32;24.1;1920x1080;1920;1080;TN;610;500;1000;176;170;;0;2;2.1;1;1.4;0;0;0;4;1;0;0;0
1215;2026-09-26 13:37:00;AOC;CS24A/P;63999;4.71;14;24.1;1920x1080;1920;1080;TN;600;500;1000;176;170;;0;2;2.1;1;1.4;0;0;0;4;1;0;0;0
890;2026-09-26 13:37:00;AOC;CS25G;18999;4.66;143;24.5;1920x1080;1920;1080;IPS;310;350;1000;176;170;;0;2;2.0;1;1.4;0;0;0;0;0;1;0;0
896;2026-09-26 13:37:00;AOC;CU34G4;24399;4.77;364;34.0;3440x1440;3440;1440;VA;180;300;2500;178;178;1500;1;2;2.0;1;1.4;0;0;0;0;1;0;1;0
1241;2026-09-26 13:37:00;AOC;CU34G4H;25499;0.0;2;34.0;3440x1440;3440;1440;VA;200;300;4000;178;178;1500;1;2;2.0;1;1.4;0;0;0;0;1;0;0;0
1204;2026-09-26 13:37:00;AOC;CU34G4Z;41999;4.76;26;34.0;3440x1440;3440;1440;VA;240;450;2500;178;178;1500;1;2;2.1;1;1.4;0;0;0;2;0;0;1;0
1031;2026-09-26 13:37:00;AOC;Q24B35/60;10999;4.78;9;23.8;2560x1440;2560;1440;IPS;;250;1300;178;178;;0;1;2.0;1;1.4;0;0;0;0;0;0;1;0
1533;2026-09-26 13:37:00;AOC;Q24B36X;12999;4.8;0;23.8;2560x1440;2560;1440;IPS;144;300;1300;178;178;;0;1;2.0;1;1.4;0;0;0;0;0;0;1;0
1206;2026-09-26 13:37:00;AOC;Q25G4S;27999;4.63;47;24.5;2560x1440;2560;1440;IPS;300;250;1300;178;178;;0;2;2.1;1;1.4;0;0;0;0;1;0;0;0
841;2026-09-26 13:37:00;AOC;Q27B30S3;10999;4.67;133;27.0;2560x1440;2560;1440;IPS;120;300;1500;178;178;;0;1;2.0;1;1.4;0;0;0;0;0;0;0;0
831;2026-09-26 13:37:00;AOC;Q27G40E;13499;4.66;249;27.0;2560x1440;2560;1440;IPS;180;300;1000;178;178;;0;1;2.0;1;1.4;0;0;0;0;0;1;0;0
1331;2026-09-26 13:37:00;AOC;Q27G4S;29999;0.0;1;27.0;2560x1440;2560;1440;IPS;;450;1000;178;178;;0;2;2.1;1;1.4;0;0;0;5;0;1;1;0
1509;2026-09-26 13:37:00;AOC;Q27G4ZDR;47799;4.8;0;27.0;2560x1440;2560;1440;OLED;240;400;1500000;178;178;;0;2;2.1;1;1.4;0;0;0;2;0;1;0;0
1273;2026-09-26 13:37:00;AOC;U27B35;16499;4.72;13;27.0;3840x2160;3840;2160;IPS;60;300;1000;178;178;;0;2;2.0;1;1.4;0;0;0;0;0;0;0;0
1250;2026-09-26 13:37:00;AOC;U27B3AF;19999;0.0;8;27.0;3840x2160;3840;2160;IPS;60;350;1000;178;178;;0;2;2.0;1;1.4;0;0;0;0;0;0;1;0
1293;2026-09-26 13:37:00;AOC;U27B3CF;21599;4.38;8;27.0;3840x2160;3840;2160;IPS;60;350;1000;178;178;;0;2;2.0;0;;0;0;1;2;0;0;1;0
1490;2026-09-26 13:37:00;AOC;U27E4CV;25399;4.8;0;27.0;3840x2160;3840;2160;IPS;60;400;1200;178;178;;0;2;2.1;1;1.4;0;0;1;4;0;0;1;0
1077;2026-09-26 13:37:00;AOC;U32G4U;39999;4.54;7;31.5;3840x2160;3840;2160;IPS;160;450;1000;178;178;;0;2;2.1;1;1.4;0;0;0;5;0;1;0;0
1391;2026-09-26 13:37:00;AOPEN;27CL1Ebmix;9999;4.95;19;27.0;1920x1080;1920;1080;IPS;100;250;1000;178;178;;0;1;1.4;0;;1;0;0;0;1;0;0;0
1414;2026-09-26 13:37:00;AORUS;FO27Q3 EK;83999;4.26;31;27.0;2560x1440;2560;1440;OLED;360;1000;1500000;178;178;;0;2;2.1;1;1.4;0;0;1;2;1;0;0;0
1348;2026-09-26 13:37:00;AOpen;22CV1QH3bi;7799;4.94;16;21.5;1920x1080;1920;1080;VA;100;250;3000;178;178;;0;1;1.4;0;;1;0;0;0;1;0;0;0
1232;2026-09-26 13:37:00;AOpen;22SA2QEBI;8499;4.81;19;21.5;1920x1080;1920;1080;IPS;100;250;1000;178;178;;0;1;1.4;0;;1;0;0;0;1;0;0;0
1463;2026-09-26 13:37:00;AOpen;24CL1YEbmix;11599;0.0;1;23.8;1920x1080;1920;1080;IPS;100;250;1000;178;178;;0;1;1.4;0;;1;0;0;0;1;0;0;0
1435;2026-09-26 13:37:00;AOpen;24SA2YEBI;10899;0.0;2;23.8;1920x1080;1920;1080;IPS;100;250;1000;178;178;;0;1;1.4;0;;1;0;0;0;1;0;0;0
906;2026-09-26 13:37:00;ARDOR GAMING;AURORA AQ27H3;17499;4.79;266;27.0;2560x1440;2560;1440;VA;180;300;5000;178;178;1500;1;2;2.0;2;1.4;0;0;0;0;1;1;0;0
953;2026-09-26 13:37:00;ARDOR GAMING;AURORA AQ27H3;17699;4.79;266;27.0;2560x1440;2560;1440;VA;200;300;5000;178;178;1500;1;2;2.1;2;1.4;0;0;0;0;1;1;0;0
1078;2026-09-26 13:37:00;ARDOR GAMING;AURORA AQ27H3;19999;4.81;945;27.0;2560x1440;2560;1440;VA;165;300;4000;178;178;1500;1;2;2.1;2;1.2;0;0;0;0;1;1;0;0
879;2026-09-26 13:37:00;ARDOR GAMING;DARKHAVEN AF27N1;12999;4.8;86;27.0;1920x1080;1920;1080;IPS;240;300;1000;178;178;;0;2;2.1;1;1.4;0;0;0;0;1;1;0;0
920;2026-09-26 13:37:00;ARDOR GAMING;DARKHAVEN AF27N1;12199;4.8;86;27.0;1920x1080;1920;1080;IPS;240;300;1000;178;178;;0;2;2.1;1;1.4;0;0;0;0;1;1;0;0
813;2026-09-26 13:37:00;ARDOR GAMING;DARKMOON AQ27N1;16199;4.84;369;27.0;2560x1440;2560;1440;IPS;200;300;1200;178;178;;0;2;2.1;2;1.4;0;0;0;0;1;1;0;0
853;2026-09-26 13:37:00;ARDOR GAMING;DARKMOON AQ27N1;15799;4.84;369;27.0;2560x1440;2560;1440;IPS;;300;1000;178;178;;0;2;2.1;2;1.4;0;0;0;1;1;1;0;0
852;2026-09-26 13:37:00;ARDOR GAMING;DARKSTAR AF24N1;9699;4.74;353;23.8;1920x1080;1920;1080;IPS;240;300;1000;178;178;;0;2;2.1;1;1.4;0;0;0;0;1;1;0;0
1311;2026-09-26 13:37:00;ARDOR GAMING;DARKSTAR AF24N1;11999;4.74;353;23.8;1920x1080;1920;1080;IPS;240;300;1000;178;178;;0;2;2.1;1;1.4;0;0;0;0;1;1;0;0
1044;2026-09-26 13:37:00;ARDOR GAMING;FRONTIER AF27H3;13999;4.83;405;27.0;1920x1080;1920;1080;VA;180;400;3000;178;178;1500;1;2;2.0;1;1.4;0;0;0;0;1;1;0;0
923;2026-09-26 13:37:00;ARDOR GAMING;FRONTIER PRO AF27H3;16299;4.9;161;27.0;1920x1080;1920;1080;VA;300;400;4000;178;178;1500;1;2;2.1;1;1.4;0;0;0;0;1;1;0;0
1020;2026-09-26 13:37:00;ARDOR GAMING;GATE AF24H3;10799;4.64;134;23.6;1920x1080;1920;1080;VA;240;350;3000;178;178;1500;1;2;2.1;1;1.4;0;0;0;0;1;1;0;0
1177;2026-09-26 13:37:00;ARDOR GAMING;GATE AF24H3;12399;4.64;134;23.6;1920x1080;1920;1080;VA;180;250;3000;178;178;1500;1;2;2.0;1;1.4;0;0;0;0;1;1;0;0
832;2026-09-26 13:37:00;ARDOR GAMING;HORIZON AQ32H3;20999;4.82;340;31.5;2560x1440;2560;1440;VA;180;300;3500;178;178;1500;1;2;2.0;2;1.4;0;0;0;0;1;1;0;0
830;2026-09-26 13:37:00;ARDOR GAMING;INFINITY AF27H1;14999;4.8;230;27.0;1920x1080;1920;1080;IPS;240;300;1000;178;178;;0;2;2.1;1;1.4;0;0;0;0;1;1;0;0
1043;2026-09-26 13:37:00;ARDOR GAMING;INFINITY AF27H1;13399;4.66;230;27.0;1920x1080;1920;1080;IPS;180;300;1000;178;178;;0;2;2.0;1;1.4;0;0;0;0;1;1;0;0
801;2026-09-26 13:37:00;ARDOR GAMING;INFINITY PRO AQ27H1;16599;4.77;1900;27.0;2560x1440;2560;1440;IPS;200;450;1000;178;178;;0;2;2.1;2;1.4;0;0;0;0;1;1;0;0
915;2026-09-26 13:37:00;ARDOR GAMING;INFINITY ULTRA AQ27H1;23599;4.61;91;27.0;2560x1440;2560;1440;IPS;300;400;1000;178;178;;0;2;2.1;2;1.4;0;0;0;0;1;1;0;0
1035;2026-09-26 13:37:00;ARDOR GAMING;LINK AF24H1UE;10999;4.61;864;23.8;1920x1080;1920;1080;IPS;180;350;1000;178;178;;0;1;2.0;1;1.4;0;0;0;2;1;1;0;0
1068;2026-09-26 13:37:00;ARDOR GAMING;NEUTRON AF25H1;13399;4.54;27;24.5;1920x1080;1920;1080;VA;300;300;1000;178;178;;0;2;2.1;1;1.4;0;0;0;0;1;1;0;0
964;2026-09-26 13:37:00;ARDOR GAMING;NEUTRON V2 AF25H1;21699;4.48;54;24.5;1920x1080;1920;1080;IPS;360;400;1000;178;178;;0;2;2.1;2;1.4;0;0;0;0;1;1;0;0
985;2026-09-26 13:37:00;ARDOR GAMING;NOVA AF27H1UE;14199;4.83;336;27.0;1920x1080;1920;1080;IPS;180;300;1000;178;178;;0;2;2.1;1;1.4;0;0;0;2;1;1;0;0
1253;2026-09-26 13:37:00;ARDOR GAMING;NOVA ULTRA AU27H1UE;30499;4.43;114;27.0;3840x2160;3840;2160;IPS;160;300;1000;178;178;;0;2;2.1;1;1.4;0;0;1;2;1;1;0;0
1483;2026-09-26 13:37:00;ARDOR GAMING;PANDORA AQ27H2O;38999;4.8;0;27.0;2560x1440;2560;1440;OLED;240;400;150000;178;178;;0;2;2.1;1;1.4;0;0;0;0;1;1;0;0
834;2026-09-26 13:37:00;ARDOR GAMING;PORTAL AF24H1;10999;4.75;938;23.8;1920x1080;1920;1080;IPS;180;350;1000;178;178;;0;2;2.0;1;1.4;0;0;0;0;1;1;0;0
880;2026-09-26 13:37:00;ARDOR GAMING;PORTAL AF24H1;11699;4.75;938;23.8;1920x1080;1920;1080;IPS;180;300;1000;178;178;;0;2;2.0;1;1.4;0;0;0;0;1;1;0;0
916;2026-09-26 13:37:00;ARDOR GAMING;PORTAL AF24H1;12999;4.69;11000;23.8;1920x1080;1920;1080;IPS;144;280;1000;178;178;;0;2;2.0;2;1.4;0;0;0;0;1;1;0;0
929;2026-09-26 13:37:00;ARDOR GAMING;PORTAL AF24H1;11499;4.76;11000;23.8;1920x1080;1920;1080;IPS;144;280;1000;178;178;;0;2;2.0;2;1.4;0;0;0;0;1;1;0;0
863;2026-09-26 13:37:00;ARDOR GAMING;PORTAL V2 AF24H1;11999;4.75;196;23.8;1920x1080;1920;1080;IPS;240;300;1000;178;178;;0;2;2.1;1;1.4;0;0;0;0;1;1;0;0
894;2026-09-26 13:37:00;ARDOR GAMING;PORTAL V2 AF24H1;12399;4.75;196;23.8;1920x1080;1920;1080;IPS;240;300;1000;178;178;;0;2;2.1;1;1.4;0;0;0;0;1;1;0;0
839;2026-09-26 13:37:00;ARDOR GAMING;QUASAR AQW34H3;26999;4.8;873;34.0;3440x1440;3440;1440;VA;180;350;4000;178;178;1500;1;2;2.1;1;1.4;0;0;0;2;0;0;0;0
902;2026-09-26 13:37:00;ARDOR GAMING;QUASAR AQW34H3;26999;4.8;873;34.0;3440x1440;3440;1440;VA;180;350;4000;178;178;1500;1;2;2.1;1;1.4;0;0;0;2;1;1;0;0
921;2026-09-26 13:37:00;ARDOR GAMING;RELICT AQ24H1;15399;4.76;251;23.8;2560x1440;2560;1440;IPS;180;350;1000;178;178;;0;2;2.1;2;1.4;0;0;0;0;1;1;0;0
1141;2026-09-26 13:37:00;ARDOR GAMING;SHAPER PRO AQ32H4;23299;4.79;769;31.5;2560x1440;2560;1440;VA;165;300;3500;178;178;1000;1;2;2.1;2;1.4;0;0;0;0;1;1;0;0
1356;2026-09-26 13:37:00;ARDOR GAMING;SIDEWINDER AQ27H1U;20499;4.64;43;27.0;2560x1440;2560;1440;IPS;180;300;1000;178;178;;0;1;;1;;0;0;0;2;1;0;1;0
1335;2026-09-26 13:37:00;ARDOR GAMING;SIRIUS AQ27H1O;45999;4.3;12;27.0;2560x1440;2560;1440;OLED;280;600;150000;178;178;;0;2;2.1;1;1.4;0;0;1;2;1;1;0;0
1372;2026-09-26 13:37:00;ARDOR GAMING;SIRIUS AQ27H1O;47999;4.47;73;27.0;2560x1440;2560;1440;OLED;240;600;150000;178;178;;0;2;2.0;1;1.4;0;0;1;2;1;1;0;0
910;2026-09-26 13:37:00;ARDOR GAMING;SUPERNOVA PRO AQ32H1UE;21899;4.57;47;31.5;2560x1440;2560;1440;IPS;180;300;1000;178;178;;0;2;2.1;2;1.4;0;0;0;1;1;0;0;0
992;2026-09-26 13:37:00;ARDOR GAMING;SUPERNOVA PRO AQ32H1UE;27599;4.78;783;31.5;2560x1440;2560;1440;IPS;165;350;1200;178;178;;0;2;2.1;1;1.4;0;0;0;2;1;1;0;0
1167;2026-09-26 13:37:00;ARDOR GAMING;VEGA AF25H1U;12699;4.88;116;24.5;1920x1080;1920;1080;IPS;180;300;1000;178;178;;0;2;2.1;1;1.4;0;0;0;2;0;0;1;0
1171;2026-09-26 13:37:00;ARDOR GAMING;VEGA PRO AQ25H1U;15999;4.58;109;24.5;2560x1440;2560;1440;IPS;170;250;1000;178;178;;0;1;;1;;0;0;0;2;0;0;0;0
1453;2026-09-26 13:37:00;ASUS;BE24ECSNK;24999;3.33;3;23.8;1920x1080;1920;1080;IPS;60;300;1000;178;178;;0;1;1.4;1;1.2;0;0;1;4;0;0;0;0
1192;2026-09-26 13:37:00;ASUS;Busines VA27UQSB;27999;4.71;14;27.0;3840x2160;3840;2160;IPS;60;350;1000;178;178;;0;2;2.0;1;1.4;0;0;0;4;0;0;1;0
1287;2026-09-26 13:37:00;ASUS;ProArt PA24ACRV;37999;4.94;17;23.8;2560x1440;2560;1440;IPS;75;400;1000;178;178;;0;1;2.0;2;1.4;0;0;1;4;0;0;1;0
919;2026-09-26 13:37:00;ASUS;ProArt PA279CRV;39999;4.76;93;27.0;3840x2160;3840;2160;IPS;60;400;1000;178;178;;0;2;2.0;2;1.4;0;0;1;4;0;0;0;0
1498;2026-09-26 13:37:00;ASUS;ProArt PA27DCE-K;324999;4.5;2;26.9;3840x2160;3840;2160;OLED;60;350;1000000;178;178;;0;3;2.0;1;1.4;0;0;1;3;0;0;0;0
1129;2026-09-26 13:37:00;ASUS;ProArt PA329CV;65999;4.7;67;32.0;3840x2160;3840;2160;IPS;60;400;1000;178;178;;0;2;2.0;1;1.2;0;0;1;4;0;0;1;0
1479;2026-09-26 13:37:00;ASUS;ProArt PA32DC;449999;4.75;4;31.5;3840x2160;3840;2160;OLED;60;500;1000000;178;178;;0;3;2.0;1;1.4;0;0;1;4;0;0;0;0
1545;2026-09-26 13:37:00;ASUS;ProArt PA32UCX-PK;549999;0.0;1;32.0;3840x2160;3840;2160;IPS;60;1200;1000;178;178;;0;3;2.0;1;1.2;0;0;0;3;1;0;0;0
1098;2026-09-26 13:37:00;ASUS;ProArt PA34VCNV;56999;4.96;24;34.1;3440x1440;3440;1440;IPS;60;300;1000;178;178;3800;1;2;2.0;1;1.4;0;0;1;3;0;0;1;0
1516;2026-09-26 13:37:00;ASUS;ROG Strix OLED XG27UQDMS;97999;4.8;0;26.5;3840x2160;3840;2160;OLED;240;1000;1500000;178;178;;0;2;2.1;1;1.4;0;0;0;2;1;1;0;0
1012;2026-09-26 13:37:00;ASUS;ROG Strix OLED XG32UCWG;79499;4.82;45;31.5;3840x2160;3840;2160;OLED;165;1300;1500000;178;178;;0;2;2.1;1;1.4;0;0;1;3;1;1;0;0
1283;2026-09-26 13:37:00;ASUS;ROG Strix OLED XG32UQDMS;104999;0.0;1;31.5;3840x2160;3840;2160;OLED;240;1000;1500000;178;178;;0;1;2.0;1;1.4;0;0;0;2;1;1;1;0
1103;2026-09-26 13:37:00;ASUS;ROG Strix XG259CS;18699;4.84;162;24.5;1920x1080;1920;1080;IPS;180;400;1000;178;178;;0;1;2.0;1;1.4;0;0;1;0;1;0;0;0
835;2026-09-26 13:37:00;ASUS;ROG Strix XG27ACS;23999;4.72;524;27.0;2560x1440;2560;1440;IPS;180;400;1000;178;178;;0;1;2.0;1;1.4;0;0;1;0;1;1;1;0
840;2026-09-26 13:37:00;ASUS;ROG Strix XG27ACS-W;24999;4.81;452;27.0;2560x1440;2560;1440;IPS;180;400;1000;178;178;;0;1;2.0;1;1.4;0;0;1;0;1;1;1;0
1149;2026-09-26 13:37:00;ASUS;ROG Strix XG27AQDMG;49999;4.65;117;26.5;2560x1440;2560;1440;OLED;240;450;1500000;178;178;;0;2;2.0;1;1.4;0;0;0;2;1;1;1;0
1262;2026-09-26 13:37:00;ASUS;ROG Strix XG27UCG;45999;4.56;29;27.0;3840x2160;3840;2160;IPS;160;400;1000;178;178;;0;1;2.1;1;1.4;0;0;1;0;1;1;0;0
1045;2026-09-26 13:37:00;ASUS;ROG Strix XG27UCS;40999;4.67;85;27.0;3840x2160;3840;2160;IPS;160;400;1000;178;178;;0;1;2.1;1;1.4;0;0;1;0;1;1;1;0
1229;2026-09-26 13:37:00;ASUS;ROG Strix XG27WCMS;34999;4.62;32;27.0;2560x1440;2560;1440;VA;280;400;3000;178;178;1500;1;1;2.1;1;1.4;0;0;1;0;1;0;0;0
1228;2026-09-26 13:37:00;ASUS;ROG Strix XG27WCS;32999;4.66;32;27.0;2560x1440;2560;1440;VA;180;400;3000;178;178;1500;1;1;1.4;0;;0;0;1;0;1;0;0;0
1443;2026-09-26 13:37:00;ASUS;ROG Strix XG32AQ;86999;4.43;33;32.0;2560x1440;2560;1440;IPS;175;600;1000;178;178;;0;2;2.0;1;1.2;0;0;0;2;1;1;0;0
909;2026-09-26 13:37:00;ASUS;ROG Strix XG32UCG;53999;4.84;116;31.5;3840x2160;3840;2160;IPS;160;400;1000;178;178;;0;1;2.1;1;1.4;0;0;1;0;1;1;0;0
1124;2026-09-26 13:37:00;ASUS;ROG Strix XG32WCMS;39999;4.83;82;31.5;2560x1440;2560;1440;VA;280;350;4000;178;178;1500;1;1;2.1;1;1.4;0;0;1;0;1;0;1;0
938;2026-09-26 13:37:00;ASUS;ROG Strix XG32WCS;29999;4.9;158;31.5;2560x1440;2560;1440;VA;180;400;3500;178;178;1500;1;1;2.0;1;1.4;0;0;1;0;1;0;0;0
1223;2026-09-26 13:37:00;ASUS;ROG Strix XG49VQ;79999;4.78;49;49.0;3840x1080;3840;1080;VA;144;450;3000;178;178;1800;1;2;2.0;1;1.2;0;0;0;2;1;0;0;0
1113;2026-09-26 13:37:00;ASUS;ROG Swift OLED PG32UCDP;132999;4.6;15;31.5;3840x2160;3840;2160;OLED;240;1300;1500000;178;178;;0;2;2.1;1;1.4;0;0;1;3;1;1;0;0
1329;2026-09-26 13:37:00;ASUS;ROG Swift PG27AQN;59999;4.47;19;27.0;2560x1440;2560;1440;IPS;360;600;1000;178;178;;0;3;2.0;1;1.4;0;0;0;2;0;1;0;0
1010;2026-09-26 13:37:00;ASUS;ROG Swift PG27UCDM;124999;4.82;86;26.5;3840x2160;3840;2160;OLED;240;1000;1500000;178;178;;0;2;2.1;1;2.1a;0;0;1;3;1;1;0;0
1297;2026-09-26 13:37:00;ASUS;TUF Gaming VG246H1A;12499;4.81;59;23.8;1920x1080;1920;1080;IPS;100;300;1300;178;178;;0;2;1.4;0;;0;0;0;0;1;0;0;0
1227;2026-09-26 13:37:00;ASUS;TUF Gaming VG249Q1A;16599;4.54;675;23.8;1920x1080;1920;1080;IPS;165;250;1000;178;178;;0;2;1.4;1;1.2;0;0;0;0;1;0;1;0
1135;2026-09-26 13:37:00;ASUS;TUF Gaming VG249Q3R;10999;4.82;133;23.8;1920x1080;1920;1080;IPS;180;250;1000;178;178;3;1;2;2.0;1;1.2;0;0;0;0;1;0;0;0
948;2026-09-26 13:37:00;ASUS;TUF Gaming VG249QM5A;15999;4.77;59;23.8;1920x1080;1920;1080;IPS;240;300;1000;178;178;;0;2;2.0;1;1.4;0;0;0;0;1;1;0;0
939;2026-09-26 13:37:00;ASUS;TUF Gaming VG259Q5A;12499;4.82;86;24.5;1920x1080;1920;1080;IPS;200;300;1000;178;178;;0;2;2.0;1;1.4;0;0;0;0;1;1;0;0
954;2026-09-26 13:37:00;ASUS;TUF Gaming VG259QL5A;12999;4.8;61;24.5;1920x1080;1920;1080;IPS;200;300;1000;178;178;;0;2;2.0;1;1.4;0;0;0;0;1;1;1;0
1112;2026-09-26 13:37:00;ASUS;TUF Gaming VG279Q3R;14999;4.85;20;27.0;1920x1080;1920;1080;IPS;180;250;1000;178;178;3;1;2;2.0;1;1.2;0;0;0;0;1;0;0;0
995;2026-09-26 13:37:00;ASUS;TUF Gaming VG279QM5A;15699;4.95;19;27.0;1920x1080;1920;1080;IPS;240;300;1000;178;178;;0;2;2.0;1;1.4;0;0;0;0;1;1;0;0
848;2026-09-26 13:37:00;ASUS;TUF Gaming VG27AQ5A;18999;4.73;154;27.0;2560x1440;2560;1440;IPS;210;300;1300;178;178;;0;2;2.0;1;1.4;0;0;0;0;1;0;1;0
1121;2026-09-26 13:37:00;ASUS;TUF Gaming VG27AQA1A;16999;4.74;319;27.0;2560x1440;2560;1440;VA;170;300;3000;178;178;;0;2;2.0;1;1.2;0;0;0;0;1;0;1;0
1436;2026-09-26 13:37:00;ASUS;TUF Gaming VG27AQM5F;29999;4.8;0;27.0;2560x1440;2560;1440;IPS;320;300;1300;178;178;;0;2;2.1;1;1.4;0;0;0;0;1;1;0;0
1259;2026-09-26 13:37:00;ASUS;TUF Gaming VG27AQML5F;32999;0.0;2;27.0;2560x1440;2560;1440;IPS;320;350;1300;178;178;;0;2;2.1;1;1.4;0;0;0;0;1;1;0;0
1244;2026-09-26 13:37:00;ASUS;TUF Gaming VG27UQ1A;36999;4.5;10;27.0;3840x2160;3840;2160;IPS;160;300;1000;178;178;;0;2;2.1;1;1.4;0;0;0;0;1;1;0;0
1150;2026-09-26 13:37:00;ASUS;TUF Gaming VG27VQ3B;16599;4.67;22;27.0;1920x1080;1920;1080;VA;180;250;3000;178;178;1500;1;2;2.0;1;1.2;0;0;0;0;1;0;0;0
1066;2026-09-26 13:37:00;ASUS;TUF Gaming VG27VQM;19499;4.6;112;27.0;1920x1080;1920;1080;VA;240;350;3000;178;178;1500;1;2;2.0;1;1.2;0;0;0;2;1;0;0;0
966;2026-09-26 13:37:00;ASUS;TUF Gaming VG27WQ3B;19999;4.79;138;27.0;2560x1440;2560;1440;VA;180;300;5000;178;178;1500;1;2;2.0;1;1.4;0;0;0;0;1;0;0;0
1402;2026-09-26 13:37:00;ASUS;TUF Gaming VG28UQL1A;42299;4.72;243;28.0;3840x2160;3840;2160;IPS;144;450;1000;178;178;;0;2;2.0;1;1.4;0;0;0;2;1;1;0;0
1101;2026-09-26 13:37:00;ASUS;TUF Gaming VG328QA1A;20999;4.77;56;31.5;1920x1080;1920;1080;VA;170;300;3000;178;178;;0;2;2.0;1;1.2;0;0;0;0;1;0;1;0
1210;2026-09-26 13:37:00;ASUS;TUF Gaming VG32VQM5B;24999;4.93;14;31.5;1920x1080;1920;1080;VA;250;300;3500;178;178;1500;1;2;2.0;1;1.2;0;0;0;0;1;0;0;0
887;2026-09-26 13:37:00;ASUS;TUF Gaming VG32WQ3B;22999;4.88;114;31.5;2560x1440;2560;1440;VA;180;300;3500;178;178;1500;1;2;2.0;1;1.4;0;0;0;0;1;0;0;0
944;2026-09-26 13:37:00;ASUS;TUF Gaming VG34VQ3B;28599;4.84;218;34.0;3440x1440;3440;1440;VA;180;400;4000;178;178;1500;1;2;2.0;2;1.4;0;0;0;4;1;0;1;0
1051;2026-09-26 13:37:00;ASUS;TUF Gaming VG34VQEL1A;25999;4.79;271;34.0;3440x1440;3440;1440;VA;100;300;3000;178;178;1500;1;2;2.0;1;1.2;0;0;0;3;1;0;0;0
1008;2026-09-26 13:37:00;ASUS;TUF Gaming VG34VQL1B;33499;4.8;134;34.0;3440x1440;3440;1440;VA;165;550;4000;178;178;1500;1;2;2.0;2;1.4;0;0;0;4;1;0;0;0
986;2026-09-26 13:37:00;ASUS;TUF Gaming VG34VQL3A;28999;4.81;210;34.0;3440x1440;3440;1440;VA;180;400;4000;178;178;1500;1;2;2.0;2;1.4;0;0;0;3;1;0;1;0
1510;2026-09-26 13:37:00;ASUS;TUF Gaming VG34WQL5A;33999;4.8;0;34.0;3440x1440;3440;1440;VA;200;400;4000;178;178;1500;1;2;2.0;2;1.4;0;0;0;4;1;0;0;0
862;2026-09-26 13:37:00;ASUS;VA249HG;8999;4.81;117;23.8;1920x1080;1920;1080;IPS;120;300;1500;178;178;;0;1;1.4;0;;1;0;0;0;0;0;1;0
1065;2026-09-26 13:37:00;ASUS;VA279HG;11499;4.95;75;27.0;1920x1080;1920;1080;IPS;120;300;1500;178;178;;0;1;1.4;0;;1;0;0;0;0;0;1;0
946;2026-09-26 13:37:00;ASUS;VA279QG;10999;4.69;39;27.0;1920x1080;1920;1080;IPS;120;300;1500;178;178;;0;1;1.4;1;1.2;1;0;0;0;0;0;1;0
951;2026-09-26 13:37:00;ASUS;VA27DQFS;13999;0.0;13;27.0;1920x1080;1920;1080;IPS;100;300;1000;178;178;;0;1;1.4;1;1.2;1;0;0;2;0;0;1;0
1205;2026-09-26 13:37:00;ASUS;VA32UQSB;38999;4.36;13;31.5;3840x2160;3840;2160;IPS;60;350;1000;178;178;;0;2;2.0;1;1.2;0;0;0;2;0;0;1;0
1308;2026-09-26 13:37:00;ASUS;VA34VCPSR;43999;4.75;4;34.0;3440x1440;3440;1440;VA;100;300;3000;178;178;1500;1;1;2.0;1;1.4;0;0;1;3;0;0;1;0
1209;2026-09-26 13:37:00;ASUS;VP327Q;27999;4.92;13;31.5;3840x2160;3840;2160;VA;60;350;3000;178;178;;0;2;2.0;1;1.2;0;0;0;0;0;0;1;0
1260;2026-09-26 13:37:00;ASUS;VU249CFE-B;16999;4.73;45;23.8;1920x1080;1920;1080;IPS;100;250;1300;178;178;;0;1;1.4;0;;0;0;1;0;0;0;1;0
1365;2026-09-26 13:37:00;ASUS;VU249CFE-G;16999;4.73;45;23.8;1920x1080;1920;1080;IPS;100;250;1300;178;178;;0;1;1.4;0;;0;0;1;0;0;0;0;0
1290;2026-09-26 13:37:00;ASUS;VU249CFE-M;16999;4.73;45;23.8;1920x1080;1920;1080;IPS;100;250;1300;178;178;;0;1;1.4;0;;0;0;1;0;0;0;1;0
1306;2026-09-26 13:37:00;ASUS;VU249CFE-P;16999;4.73;45;23.8;1920x1080;1920;1080;IPS;100;250;1300;178;178;;0;1;1.4;0;;0;0;1;0;0;0;0;0
1342;2026-09-26 13:37:00;ASUS;VU249HFI-W Eye Care;14999;4.25;4;23.8;1920x1080;1920;1080;IPS;100;250;1300;178;178;;0;2;1.4;0;;0;0;0;0;0;0;1;0
1462;2026-09-26 13:37:00;ASUS;VU279CFE-B;19999;4.37;16;27.0;1920x1080;1920;1080;IPS;100;250;1300;178;178;;0;1;1.4;0;;0;0;1;0;0;0;1;0
1540;2026-09-26 13:37:00;ASUS;VU279CFE-G;19999;4.37;16;27.0;1920x1080;1920;1080;IPS;100;250;1300;178;178;;0;1;1.4;0;;0;0;1;0;0;0;0;0
1373;2026-09-26 13:37:00;ASUS;VU279CFE-M;19999;4.37;16;27.0;1920x1080;1920;1080;IPS;100;250;1300;178;178;;0;1;1.4;0;;0;0;1;0;0;0;1;0
1394;2026-09-26 13:37:00;ASUS;VU279HFI-W Eye Care;19999;4.8;0;27.0;1920x1080;1920;1080;IPS;100;250;1300;178;178;;0;2;1.4;0;;0;0;0;0;0;0;1;0
1340;2026-09-26 13:37:00;ASUS;VU34WCIP-W Eye Care;44999;0.0;1;34.0;3440x1440;3440;1440;VA;100;300;3000;178;178;1500;1;1;2.0;1;1.4;0;0;1;4;0;0;1;0
1316;2026-09-26 13:37:00;ASUS;VY249HE;8199;4.68;155;23.8;1920x1080;1920;1080;IPS;75;250;1000;178;178;;0;1;1.4;0;;1;0;0;0;0;0;0;0
1358;2026-09-26 13:37:00;ASUS;VY249HF;11199;4.85;52;23.8;1920x1080;1920;1080;IPS;100;250;1300;178;178;;0;1;1.4;0;;0;0;0;0;0;0;1;0
1130;2026-09-26 13:37:00;ASUS;VY249HF-W;9299;4.85;52;23.8;1920x1080;1920;1080;IPS;100;250;1300;178;178;;0;1;1.4;0;;0;0;0;0;0;0;1;0
1195;2026-09-26 13:37:00;ASUS;VY249HGE;9099;4.79;372;23.8;1920x1080;1920;1080;IPS;144;250;1000;178;178;;0;1;1.4;0;;0;0;0;0;1;0;0;0
1321;2026-09-26 13:37:00;ASUS;VY27UQ;26999;4.82;22;27.0;3840x2160;3840;2160;IPS;60;350;1000;178;178;;0;2;2.0;1;1.4;0;0;0;0;0;0;1;0
1178;2026-09-26 13:37:00;ASUS;VZ24EHF-W;9999;4.84;13;23.8;1920x1080;1920;1080;IPS;100;250;1300;178;178;;0;1;1.4;0;;0;0;0;0;0;0;1;0
1248;2026-09-26 13:37:00;ASUS;VZ27EHF;12999;4.73;22;27.0;1920x1080;1920;1080;IPS;100;250;1300;178;178;;0;1;1.4;0;;0;0;0;0;0;0;1;0
1242;2026-09-26 13:37:00;ASUS;VZ27EHF-W;12999;4.73;22;27.0;1920x1080;1920;1080;IPS;100;250;1300;178;178;;0;1;1.4;0;;0;0;0;0;0;0;1;0
1231;2026-09-26 13:37:00;ASUS;XG27ACDNG;71999;4.88;59;26.5;2560x1440;2560;1440;OLED;360;450;1500000;178;178;;0;2;2.1;1;1.4;0;0;1;3;1;1;0;0
1417;2026-09-26 13:37:00;ASUS;ZenScreen MB165B;12999;0.0;1;15.6;1366x768;1366;768;TN;60;220;500;90;65;;0;0;;0;;0;0;0;0;0;0;0;0
1361;2026-09-26 13:37:00;ASUS;ZenScreen MB166CR;21299;0.0;1;15.6;1920x1080;1920;1080;IPS;60;250;800;178;178;;0;0;;0;;0;0;1;0;0;0;0;0
1385;2026-09-26 13:37:00;ASUS;ZenScreen MB249C;42499;4.67;3;23.8;1920x1080;1920;1080;IPS;75;250;1000;178;178;;0;1;1.4;0;;0;0;1;0;1;0;1;0
1409;2026-09-26 13:37:00;ASUS;ZenScreen MB27ACF;46999;0.0;1;27.0;2560x1440;2560;1440;IPS;100;300;1500;178;178;;0;1;2.0;0;;0;0;1;0;0;0;1;0
886;2026-09-26 13:37:00;Aceline;CF20N2;4999;4.58;93;19.5;1600x900;1600;900;TN;75;220;600;140;110;;0;1;1.4;0;;1;0;0;0;0;0;0;0
955;2026-09-26 13:37:00;Aceline;CF24N1S;7999;4.67;27;23.8;1920x1080;1920;1080;IPS;200;300;1000;178;178;;0;1;2.1;1;1.4;0;0;0;0;1;0;0;0
900;2026-09-26 13:37:00;Aceline;CF24N2;6799;4.71;65;23.8;1920x1080;1920;1080;IPS;100;250;1000;178;178;;0;1;1.4;0;;1;0;0;0;0;0;0;0
914;2026-09-26 13:37:00;Aceline;GS CF24N4;7499;4.65;230;23.8;1920x1080;1920;1080;IPS;180;300;1000;178;178;;0;1;1.4;1;1.2;0;0;0;0;0;0;1;0
1016;2026-09-26 13:37:00;Aceline;GS CF27F4;8999;4.64;158;27.0;1920x1080;1920;1080;IPS;180;300;1000;178;178;;0;1;1.4;1;1.2;0;0;0;0;0;0;0;0
905;2026-09-26 13:37:00;Aceline;GS CF27N1S;9799;4.67;39;27.0;1920x1080;1920;1080;IPS;200;350;1000;178;178;;0;1;2.1;1;1.2;0;0;0;0;1;1;0;0
1004;2026-09-26 13:37:00;Aceline;GS CF27N4;11899;4.74;282;27.0;2560x1440;2560;1440;IPS;180;300;1000;178;178;;0;2;1.4;2;1.2;0;0;0;0;0;0;1;0
867;2026-09-26 13:37:00;Aceline;GS CQ27N1S;11599;4.75;37;27.0;2560x1440;2560;1440;IPS;200;300;1000;178;178;;0;2;2.1;2;1.4;0;0;0;0;1;0;0;0
1525;2026-09-26 13:37:00;Acer; EK241YP0bmix;8099;4.8;0;23.8;1920x1080;1920;1080;VA;180;250;4000;178;178;;0;1;1.4;0;;0;0;0;0;1;0;0;0
1506;2026-09-26 13:37:00;Acer;B277Gbmiprxv;15999;4.8;0;27.0;1920x1080;1920;1080;;120;250;1500;;;;0;1;1.4;1;1.2;0;0;0;0;0;0;1;0
1477;2026-09-26 13:37:00;Acer;CB272Dbmiprcx;25199;0.0;2;27.0;1920x1080;1920;1080;IPS;75;250;1000;178;178;;0;1;1.4;1;1.2;1;0;0;0;0;0;0;0
1518;2026-09-26 13:37:00;Acer;CB272Gbiprv;12399;4.8;0;27.0;1920x1080;1920;1080;IPS;75;250;1500;178;178;;0;1;;1;;1;0;0;0;1;0;0;0
1446;2026-09-26 13:37:00;Acer;CE270KXwmiippruzx;85999;4.8;0;26.5;3840x2160;3840;2160;OLED;240;1000;1500000;178;178;;0;2;2.1;2;1.4;0;0;1;2;1;0;0;0
1541;2026-09-26 13:37:00;Acer;CE270UZwmiipprx;49999;4.8;0;26.5;2560x1440;2560;1440;OLED;280;1000;1500000;178;178;;0;2;2.1;2;1.4;0;0;0;0;1;0;0;0
1452;2026-09-26 13:37:00;Acer;CZ342CURVbmiphuzx;33799;3.67;9;34.0;3440x1440;3440;1440;VA;180;300;3000;178;178;1000;1;1;2.0;1;;0;0;1;2;1;0;0;0
1108;2026-09-26 13:37:00;Acer;EA220QHbi;11999;4.62;13;21.5;1920x1080;1920;1080;VA;100;250;3000;178;178;;0;1;1.4;0;;1;0;0;0;1;0;0;0
885;2026-09-26 13:37:00;Acer;EK221QHbi;6499;4.69;143;21.5;1920x1080;1920;1080;VA;100;250;3000;178;178;;0;1;1.4;0;;1;0;0;0;1;0;0;0
1326;2026-09-26 13:37:00;Acer;EK241YEbi;7399;4.86;39;23.8;1920x1080;1920;1080;IPS;100;250;1000;178;178;;0;1;1.4;0;;1;0;0;0;0;0;0;0
1492;2026-09-26 13:37:00;Acer;EK241YP0bi;8099;4.8;0;23.8;1920x1080;1920;1080;VA;144;250;4000;178;178;;0;1;1.4;0;;1;0;0;0;1;0;0;0
1170;2026-09-26 13:37:00;Acer;EK251QGbi;13499;4.76;118;24.5;1920x1080;1920;1080;IPS;120;250;1500;178;178;;0;1;1.4;0;;1;0;0;0;0;0;1;0
1041;2026-09-26 13:37:00;Acer;EK271KL1Mbmiipx;15999;4.62;21;27.0;3840x2160;3840;2160;IPS;72;250;1000;178;178;;0;2;2.0;1;1.2;0;0;0;0;1;0;0;0
850;2026-09-26 13:37:00;Acer;EK271P6bi;9199;4.85;192;27.0;1920x1080;1920;1080;IPS;144;250;1000;178;178;;0;1;1.4;0;;1;0;0;0;1;0;0;0
1152;2026-09-26 13:37:00;Acer;EK321QKbmiipx;18999;4.38;8;31.5;3840x2160;3840;2160;VA;60;250;3000;178;178;;0;2;2.0;1;1.4;0;0;0;0;1;0;0;0
1425;2026-09-26 13:37:00;Acer;HA240YAwi;6599;4.75;4;23.8;1920x1080;1920;1080;IPS;75;250;1000;178;178;;0;1;1.4;0;;1;0;0;0;1;0;0;0
1249;2026-09-26 13:37:00;Acer;KA242YE0bi;8499;4.93;40;23.8;1920x1080;1920;1080;IPS;100;250;1000;178;178;;0;1;1.4;0;;1;0;0;0;1;0;0;0
1344;2026-09-26 13:37:00;Acer;KA242YG0bi;11999;4.93;40;23.8;1920x1080;1920;1080;IPS;120;250;1500;178;178;;0;1;1.4;0;;1;0;0;0;0;0;0;0
999;2026-09-26 13:37:00;Acer;KA242YGbi;10499;4.87;23;23.8;1920x1080;1920;1080;IPS;120;250;1500;178;178;;0;1;1.4;0;;1;0;0;0;1;0;0;0
1189;2026-09-26 13:37:00;Acer;KA242YP6bi;9499;4.48;23;23.8;1920x1080;1920;1080;IPS;144;250;1500;178;178;;0;1;1.4;0;;1;0;0;0;1;0;0;0
818;2026-09-26 13:37:00;Acer;KA272G0bi;8799;4.92;266;27.0;1920x1080;1920;1080;IPS;120;250;1500;178;178;;0;1;1.4;0;;1;0;0;0;1;0;0;0
872;2026-09-26 13:37:00;Acer;KA272UAbmipx;9999;4.75;71;27.0;2560x1440;2560;1440;IPS;75;250;1000;178;178;;0;1;2.0;1;1.2;0;0;0;0;1;0;0;0
917;2026-09-26 13:37:00;Acer;KG241YP3bip;8999;4.85;136;23.8;1920x1080;1920;1080;VA;180;250;3000;178;178;;0;1;2.0;1;1.2;0;0;0;0;1;0;0;0
1488;2026-09-26 13:37:00;Acer;KG273UW2;20699;4.8;0;27.0;2560x1440;2560;1440;IPS;240;250;1000;178;178;;0;2;2.0;1;1.4;0;0;0;0;1;0;0;0
1165;2026-09-26 13:37:00;Acer;Nitro ED240QP0bi;9499;4.55;11;23.6;1920x1080;1920;1080;VA;144;250;3000;178;178;1500;1;1;1.4;0;;1;0;0;0;1;0;0;0
1238;2026-09-26 13:37:00;Acer;Nitro ED240QSbmiipx;9799;4.74;282;23.6;1920x1080;1920;1080;VA;165;250;3000;178;178;1500;1;2;2.0;1;1.4;0;0;0;0;1;0;0;0
1158;2026-09-26 13:37:00;Acer;Nitro ED270RS3biip;12499;4.81;39;27.0;1920x1080;1920;1080;VA;180;250;3000;178;178;1500;1;2;2.0;1;1.4;0;0;0;0;1;0;0;0
1086;2026-09-26 13:37:00;Acer;Nitro ED270W0bmiipx;14999;4.88;26;27.0;1920x1080;1920;1080;VA;240;250;3000;178;178;1500;1;2;2.0;1;1.4;0;0;0;0;1;0;0;0
1120;2026-09-26 13:37:00;Acer;Nitro ED273US3bmiipx;16999;4.04;28;27.0;2560x1440;2560;1440;VA;180;250;5000;178;178;1500;1;2;2.0;1;1.4;0;0;0;0;1;0;0;0
1193;2026-09-26 13:37:00;Acer;Nitro ED320QW0bmiipx;25999;4.53;38;31.5;1920x1080;1920;1080;VA;240;250;3000;178;178;1500;1;2;2.1;1;1.4;0;0;0;0;1;0;0;0
1514;2026-09-26 13:37:00;Acer;Nitro ED340CURW0biip;26999;4.8;0;34.0;3440x1440;3440;1440;VA;240;250;3000;178;178;1500;1;2;2.1;1;1.4;0;0;0;0;1;0;0;0
1368;2026-09-26 13:37:00;Acer;Nitro ED340CURX0bmiipx;24999;3.12;17;34.0;3440x1440;3440;1440;VA;200;250;4000;178;178;1500;1;2;2.1;1;1.4;0;0;0;0;1;0;0;0
1474;2026-09-26 13:37:00;Acer;Nitro ED343CURV3bmiippx;38299;4.86;7;34.0;3440x1440;3440;1440;VA;180;300;4000;178;178;1000;1;2;2.0;2;1.4;0;0;0;0;1;0;0;0
1118;2026-09-26 13:37:00;Acer;Nitro EDA323QUS3bmiipx;21299;4.69;29;31.5;2560x1440;2560;1440;VA;180;250;3500;178;178;1500;1;2;2.0;1;1.4;0;0;0;0;1;0;0;0
1517;2026-09-26 13:37:00;Acer;Nitro EI491CR Sbmiipphx;65999;4.8;0;49.0;3840x1080;3840;1080;VA;144;400;3000;178;178;1800;1;2;2.0;2;1.2;0;0;0;0;1;0;0;0
1201;2026-09-26 13:37:00;Acer;Nitro KG241YX3bip;9999;4.8;50;23.8;1920x1080;1920;1080;VA;200;300;3000;178;178;;0;1;2.0;1;1.2;0;0;0;0;1;0;0;0
1423;2026-09-26 13:37:00;Acer;Nitro KG242YEbmiix;11999;4.87;15;23.8;1920x1080;1920;1080;IPS;100;250;1000;178;178;;0;2;1.4;0;;1;0;0;0;1;0;0;0
1203;2026-09-26 13:37:00;Acer;Nitro KG251QF3bmiipx;16499;4.48;16;24.5;1920x1080;1920;1080;IPS;320;250;1000;178;178;;0;2;2.0;1;1.4;0;0;0;0;1;0;0;0
987;2026-09-26 13:37:00;Acer;Nitro KG270X1bmiipx;10199;4.68;40;27.0;1920x1080;1920;1080;IPS;200;250;1000;178;178;;0;2;2.0;1;1.4;0;0;0;0;1;0;0;0
1437;2026-09-26 13:37:00;Acer;Nitro KG271UZ2bmiipx;18599;4.8;0;27.0;2560x1440;2560;1440;IPS;;250;1000;178;178;;0;2;2.0;1;1.4;0;0;0;0;1;0;0;0
1240;2026-09-26 13:37:00;Acer;Nitro QG240YS3bipx;8399;4.61;188;23.8;1920x1080;1920;1080;VA;180;300;4000;178;178;;0;1;2.0;1;1.4;0;0;0;0;1;0;0;0
1084;2026-09-26 13:37:00;Acer;Nitro QG271P6bip;12499;4.86;21;27.0;1920x1080;1920;1080;IPS;144;250;1500;178;178;;0;1;1.4;1;1.2;0;0;0;0;1;0;0;0
1073;2026-09-26 13:37:00;Acer;Nitro VG270KV4bmiipx;27999;4.84;31;27.0;3840x2160;3840;2160;IPS;160;250;1000;178;178;;0;2;2.1;1;1.4;0;0;0;0;1;0;0;0
960;2026-09-26 13:37:00;Acer;Nitro VG270UX1bmiipx;15899;4.83;61;27.0;2560x1440;2560;1440;IPS;200;250;1000;178;178;;0;2;2.0;1;1.4;0;0;0;0;1;0;0;0
1175;2026-09-26 13:37:00;Acer;Nitro VG272UW2bmiipx;28999;4.5;12;27.0;2560x1440;2560;1440;IPS;240;400;1000;178;178;;0;2;2.0;1;1.4;0;0;0;0;1;0;0;0
1116;2026-09-26 13:37:00;Acer;Nitro XF240YX1bmiiphx;12499;4.86;7;23.8;1920x1080;1920;1080;IPS;200;250;1000;178;178;;0;2;2.0;1;1.4;0;0;0;0;1;0;0;0
1011;2026-09-26 13:37:00;Acer;Nitro XF243YP6bipr;10999;4.83;30;23.8;1920x1080;1920;1080;IPS;144;250;1500;178;178;;0;1;1.4;1;1.2;0;0;0;0;1;0;0;0
1505;2026-09-26 13:37:00;Acer;Nitro XF270UP1biiph;17699;4.8;0;27.0;2560x1440;2560;1440;IPS;144;250;1500;178;178;;0;2;2.1;1;1.4;0;0;0;0;1;0;0;0
1247;2026-09-26 13:37:00;Acer;Nitro XF273UW2bmiiprx;32999;4.61;16;27.0;2560x1440;2560;1440;IPS;240;400;1000;178;178;;0;2;2.0;1;1.4;0;0;0;0;1;0;0;0
1455;2026-09-26 13:37:00;Acer;Nitro XV242Fbmiiprx;78499;2.67;3;24.1;1920x1080;1920;1080;TN;540;400;1000;170;160;;0;2;2.0;1;1.4;0;0;0;0;1;0;0;0
1415;2026-09-26 13:37:00;Acer;Nitro XV270 F5bmiiprzx;43499;4.8;0;27.0;1920x1080;1920;1080;IPS;520;400;;178;178;;0;2;2.1;1;1.4;0;0;0;3;1;0;0;0
826;2026-09-26 13:37:00;Acer;Nitro XV271UM3BMIIPRX;18999;4.79;450;27.0;2560x1440;2560;1440;IPS;180;250;1000;178;178;;0;2;2.0;1;1.2;0;0;0;0;1;0;0;0
1500;2026-09-26 13:37:00;Acer;Nitro XV272UF3;28399;4.8;0;27.0;2560x1440;2560;1440;IPS;300;400;1000;178;178;;0;2;2.1;1;1.4;0;0;0;0;1;0;0;0
1374;2026-09-26 13:37:00;Acer;Nitro XV272UW2bmiiprx;26499;4.35;45;27.0;2560x1440;2560;1440;IPS;240;400;1000;178;178;;0;2;2.0;1;1.4;0;0;0;0;1;0;0;0
1395;2026-09-26 13:37:00;Acer;Nitro XV275KP3biipruzx;46999;4.5;6;27.0;3840x2160;3840;2160;IPS;160;600;1000;178;178;;0;2;2.1;1;1.4;0;0;1;2;1;0;0;0
1256;2026-09-26 13:37:00;Acer;Nitro XV320QKP0bmiiprx;41999;4.44;9;31.5;3840x2160;3840;2160;VA;160;250;4000;178;178;;0;2;2.1;1;1.4;0;0;0;0;1;0;0;0
1523;2026-09-26 13:37:00;Acer;Nitro XV320QKV4bmiiprx;43999;4.8;0;31.5;3840x2160;3840;2160;IPS;160;250;1000;178;178;;0;2;2.1;1;1.4;0;0;0;0;1;0;0;0
1286;2026-09-26 13:37:00;Acer;Nitro XV320QUPbmiiprx;27999;4.73;26;31.5;2560x1440;2560;1440;IPS;180;250;1000;178;178;;0;2;;2;1.2;0;0;0;0;1;0;0;0
1389;2026-09-26 13:37:00;Acer;Nitro XV322QKKVbmiiphuzx;71499;4.66;46;31.5;3840x2160;3840;2160;IPS;144;400;1000;178;178;;0;2;2.1;1;1.4;0;0;0;4;1;0;0;0
1291;2026-09-26 13:37:00;Acer;Nitro XV322QKV3bmiiphx;42799;4.6;10;31.5;3840x2160;3840;2160;IPS;160;400;1000;178;178;;0;2;2.1;1;1.4;0;0;0;0;1;0;0;0
1379;2026-09-26 13:37:00;Acer;Nitro XV325QKV3bmiipprx;42999;4.8;0;31.5;3840x2160;3840;2160;IPS;;;1000;178;178;;0;2;2.1;2;1.4;0;0;0;0;1;0;0;0
1471;2026-09-26 13:37:00;Acer;Nitro XV345CURXbmiipphx;51799;3.21;15;34.0;3440x1440;3440;1440;VA;240;300;4000;178;178;1000;1;2;2.1;2;1.4;0;0;0;0;1;0;0;0
1447;2026-09-26 13:37:00;Acer;Nitro XZ340CUHbiiphx;32799;3.92;13;34.0;3440x1440;3440;1440;VA;100;250;3000;178;178;1500;1;2;2.0;1;1.4;0;0;0;0;1;0;0;0
1521;2026-09-26 13:37:00;Acer;Nitro XZ340CURJ0bmiiphx;23999;4.8;0;34.0;3440x1440;3440;1440;VA;;250;3000;178;178;1500;1;2;2.1;1;1.4;0;0;0;0;1;0;0;0
1513;2026-09-26 13:37:00;Acer;Nitro XZ343CURX0bmiiphuzx;33999;4.8;0;34.0;3440x1440;3440;1440;VA;200;400;3500;178;178;1000;1;2;2.1;1;1.4;0;0;1;2;1;0;0;0
1445;2026-09-26 13:37:00;Acer;Nitro XZ403CKRbmiiphuzx;87999;4.8;0;39.7;5120x2160;5120;2160;VA;180;400;3300;178;178;1000;1;2;2.1;1;1.4;0;0;1;2;1;0;0;0
1343;2026-09-26 13:37:00;Acer;Nitro XZ452CUVbemiiphuzx;77299;4.52;11;44.5;5120x1440;5120;1440;VA;165;450;3000;178;178;1500;1;2;2.1;1;1.4;0;0;1;3;1;0;0;0
1355;2026-09-26 13:37:00;Acer;PD163Qbmiuux;34299;4.33;6;15.6;1920x1080;1920;1080;IPS;60;250;800;170;170;;0;1;;0;;0;0;1;0;1;0;0;0
1160;2026-09-26 13:37:00;Acer;PM161QB1bmiuux;13499;4.84;19;15.6;1920x1080;1920;1080;IPS;60;250;1000;178;178;;0;1;1.4;0;;0;0;1;0;1;0;0;0
1350;2026-09-26 13:37:00;Acer;Predator X27U W1bmiipprx;43999;4.8;0;26.5;2560x1440;2560;1440;OLED;240;1000;;178;178;;0;2;2.1;1;;0;0;0;0;0;0;0;0
1393;2026-09-26 13:37:00;Acer;Predator X27U Z1bmiiprx;53999;0.0;1;26.5;2560x1440;2560;1440;QD-OLED;;;;;;;0;0;;0;;0;0;0;0;0;0;0;0
1459;2026-09-26 13:37:00;Acer;Predator X27UFbmiipphuzx;64999;3.67;3;27.0;2560x1440;2560;1440;OLED;360;1000;1500000;178;178;;0;2;2.1;2;1.4;0;0;1;2;1;0;0;0
1383;2026-09-26 13:37:00;Acer;Predator X27Ubmiipruzx;55799;0.0;3;26.5;2560x1440;2560;1440;OLED;240;1000;1500000;178;178;;0;2;2.0;1;1.4;0;0;1;2;1;0;0;0
1336;2026-09-26 13:37:00;Acer;Predator X32X2bmiiphx;93999;0.0;3;31.5;3840x2160;3840;2160;OLED;240;1000;1500000;178;178;;0;2;2.1;1;1.4;0;0;0;0;1;1;0;0
1318;2026-09-26 13:37:00;Acer;Predator X32X5bmiiphuzx;99999;0.0;3;31.5;3840x2160;3840;2160;OLED;240;250;1500000;178;178;;0;2;2.1;1;1.4;0;0;1;2;1;1;1;0
1424;2026-09-26 13:37:00;Acer;Predator X32Xbmiipphuzx;109999;0.0;7;31.5;3840x2160;3840;2160;OLED;240;1000;1500000;178;178;1700;1;2;2.1;2;1.4;0;0;1;2;1;0;0;0
1481;2026-09-26 13:37:00;Acer;Predator X34F1bmiipphuzx;103999;4.8;0;34.0;3440x1440;3440;1440;OLED;360;1300;1500000;178;178;1800;1;2;2.1;2;1.4;0;0;1;2;1;1;0;0
1412;2026-09-26 13:37:00;Acer;Predator X34V3bmiiphuzx;52499;0.0;6;34.0;3440x1440;3440;1440;VA;180;1000;4000;178;178;1500;1;2;2.0;1;1.4;0;0;1;2;1;0;0;0
1277;2026-09-26 13:37:00;Acer;Predator X34Vbmiiphuzx;69299;0.0;7;34.0;3440x1440;3440;1440;OLED;175;1000;1500000;178;178;1800;1;1;2.0;2;1.4;0;0;1;2;1;0;0;0
1354;2026-09-26 13:37:00;Acer;Predator X49Vbmiiphuzx;84999;0.0;4;49.0;5120x1440;5120;1440;OLED;144;1000;1500000;178;178;1800;1;2;2.1;1;1.4;0;0;1;2;1;0;0;0
1375;2026-09-26 13:37:00;Acer;Predator X49Xbmipphuzx;92999;4.8;5;49.0;5120x1440;5120;1440;OLED;240;1000;1500000;178;178;1800;1;1;2.1;2;1.4;0;0;1;2;1;0;0;0
1313;2026-09-26 13:37:00;Acer;Predator XB273KV3bmiiprx;33499;4.64;11;27.0;3840x2160;3840;2160;IPS;160;400;1000;178;178;;0;2;2.1;1;1.4;0;0;0;0;1;0;0;0
1410;2026-09-26 13:37:00;Acer;Predator XB323QKV3bmiiphx;79499;4.78;9;31.5;3840x2160;3840;2160;IPS;160;400;1000;178;178;;0;2;2.1;1;1.4;0;0;0;0;1;0;0;0
1496;2026-09-26 13:37:00;Acer;Predator XB323QKV4bmiiprx;44999;4.8;0;31.5;3840x2160;3840;2160;IPS;160;250;1000;178;178;;0;2;2.1;1;1.4;0;0;0;0;1;1;0;0
1441;2026-09-26 13:37:00;Acer;Predator XB323QUM3bmiiphx;43299;4.62;21;31.5;2560x1440;2560;1440;IPS;180;250;1000;178;178;;0;2;2.0;1;1.2;0;0;0;0;0;1;1;0
1519;2026-09-26 13:37:00;Acer;ProCreator PE270X Tbmiiphcuzx;91999;4.8;0;27.0;5120x2880;5120;2880;IPS;60;400;2000;178;178;;0;2;2.1;1;1.4;0;0;1;3;1;0;0;0
1330;2026-09-26 13:37:00;Acer;ProCreator PE320QXTbmiiphcuzx;86999;0.0;1;31.5;6016x3384;6016;3384;IPS;;600;2000;178;178;;0;1;2.1;1;2.1;0;0;0;3;0;0;0;0
1338;2026-09-26 13:37:00;Acer;ProDesigner PE320QKPsmiiphuzx;79999;0.0;1;31.5;3840x2160;3840;2160;OLED;165;1000;1500000;178;178;;0;2;2.1;1;1.4;0;0;1;2;1;0;0;0
857;2026-09-26 13:37:00;Acer;SA242YH1bi;6999;4.82;142;23.8;1920x1080;1920;1080;VA;100;250;3000;178;178;;0;1;1.4;0;;1;0;0;0;0;0;0;0
1047;2026-09-26 13:37:00;Acer;SA242YUP1bmipx;12999;4.66;58;23.8;2560x1440;2560;1440;IPS;144;250;1500;178;178;;0;1;2.0;1;1.4;0;0;0;0;1;0;0;0
1495;2026-09-26 13:37:00;Acer;SA273P1bi;10699;4.8;0;27.0;1920x1080;1920;1080;IPS;144;250;1500;178;178;;0;1;1.4;0;;1;0;0;0;1;0;0;0
1087;2026-09-26 13:37:00;Acer;SB322QAbi;15999;4.67;34;31.5;1920x1080;1920;1080;IPS;75;300;1000;178;178;;0;1;1.4;0;;1;0;0;0;1;0;0;0
1464;2026-09-26 13:37:00;Acer;SB322QAbi;16999;4.8;0;31.5;1920x1080;1920;1080;IPS;75;300;1000;178;178;;0;1;1.4;0;;1;0;0;0;1;0;0;0
969;2026-09-26 13:37:00;Acer;SB322QUEbmipx;19699;4.96;23;31.5;2560x1440;2560;1440;IPS;100;300;1000;178;178;;0;1;2.0;1;1.2;0;0;0;0;1;0;0;0
1547;2026-09-26 13:37:00;Acer;SH242YG0bmihux;13199;0.0;1;23.8;1920x1080;1920;1080;IPS;120;250;1500;178;178;;0;1;1.4;0;;0;0;1;0;1;0;0;0
1544;2026-09-26 13:37:00;Acer;UT272bmipzx;44999;3.67;2;27.0;1920x1080;1920;1080;IPS;75;360;1000;178;178;;0;1;1.4;1;1.2;0;0;0;2;1;0;0;0
1475;2026-09-26 13:37:00;Acer;V277Gbip;10399;4.86;7;27.0;1920x1080;1920;1080;IPS;120;250;1500;178;178;;0;1;1.4;1;1.2;1;0;0;0;1;0;0;0
1450;2026-09-26 13:37:00;Acer;Vero B247YEwmiprxv;16999;3.89;5;23.8;1920x1080;1920;1080;IPS;100;250;1000;178;178;;0;1;1.4;1;1.2;1;0;0;0;1;0;0;0
1466;2026-09-26 13:37:00;Acer;Vero CB242YE3bmiruxv;11999;4.8;0;23.8;1920x1080;1920;1080;IPS;100;250;1000;178;178;;0;1;1.4;0;;0;0;1;0;1;0;0;0
1487;2026-09-26 13:37:00;Acer;Vero CB271bmirux;24999;4.8;0;27.0;1920x1080;1920;1080;IPS;75;250;1000;178;178;;0;1;1.4;0;;0;0;1;0;1;0;0;0
1449;2026-09-26 13:37:00;Acer;Vero CB272E3bmirux;17799;0.0;2;27.0;1920x1080;1920;1080;IPS;100;250;1000;178;178;;0;1;1.4;0;;0;0;1;0;1;0;0;0
1303;2026-09-26 13:37:00;Acer;Vero CB343CURbemiiphuzx;40299;0.0;4;34.0;3440x1440;3440;1440;IPS;60;300;1000;178;178;3800;1;2;2.0;1;1.2;0;0;0;4;1;0;0;0
1535;2026-09-26 13:37:00;Acer;XV270UX1bmiiprx;19499;4.8;0;27.0;2560x1440;2560;1440;IPS;200;250;1000;178;178;;0;2;2.0;1;1.4;0;0;0;0;1;0;0;0
1237;2026-09-26 13:37:00;Apple;Studio Display;214999;0.0;3;27.0;5120x2880;5120;2880;IPS;60;600;;178;178;;0;0;;0;;0;0;0;2;0;0;0;0
1377;2026-09-26 13:37:00;Apple;Studio Display;248999;0.0;3;27.0;5120x2880;5120;2880;IPS;60;600;;178;178;;0;0;;0;;0;0;0;2;0;0;0;0
1432;2026-09-26 13:37:00;AsRock;CL25FF;8899;4.82;11;24.5;1920x1080;1920;1080;IPS;100;300;1300;178;178;;0;1;1.4;0;;1;0;0;0;1;0;0;0
1451;2026-09-26 13:37:00;AsRock;CL27FF;12199;4.8;20;27.0;1920x1080;1920;1080;IPS;100;300;1000;178;178;;0;1;1.4;0;;1;0;0;0;1;0;0;0
1386;2026-09-26 13:37:00;AsRock;PG27FFT1B;14399;4.7;27;27.0;1920x1080;1920;1080;IPS;180;450;1000;178;178;;0;2;2.0;1;1.2;0;0;0;0;1;0;0;0
1427;2026-09-26 13:37:00;AsRock;PG27FFX2A;39999;3.67;3;27.0;1920x1080;1920;1080;IPS;520;400;1000;178;178;;0;2;2.1;1;1.4;0;0;0;2;1;0;0;0
1418;2026-09-26 13:37:00;AsRock;Phantom Gaming PG27FRS1A;18499;4.82;23;27.0;1920x1080;1920;1080;VA;280;300;4000;178;178;1500;1;2;2.0;1;1.2;0;0;0;0;1;0;0;0
970;2026-09-26 13:37:00;Asus;ProArt Display PA278QGV;26499;4.78;27;27.0;2560x1440;2560;1440;IPS;;350;1500;178;178;;0;1;2.0;1;1.4;0;0;0;4;0;0;0;0
908;2026-09-26 13:37:00;Asus;ROG STRIX XG27AQDMES;49999;4.85;34;26.5;2560x1440;2560;1440;OLED;240;400;1500000;178;178;;0;1;2.1;1;1.4;0;0;0;0;1;1;1;0
942;2026-09-26 13:37:00;Asus;ROG STRIX XG27AQDNG;69999;4.83;13;26.5;2560x1440;2560;1440;OLED;360;1000;1500000;178;178;;0;1;2.1;1;1.4;0;0;0;2;1;1;0;0
932;2026-09-26 13:37:00;Asus;ROG STRIX XG27AQWMG;62999;0.0;16;26.5;2560x1440;2560;1440;OLED;280;1500;1500000;178;178;;0;1;2.1;1;1.4;0;0;0;2;0;0;1;0
1162;2026-09-26 13:37:00;Asus;TUF Gaming VG279QE5A;15999;0.0;25;27.0;1920x1080;1920;1080;IPS;146;300;1500;178;178;;0;1;2.0;1;1.2;0;0;0;0;0;0;1;0
1085;2026-09-26 13:37:00;Asus;TUF Gaming VG27UQEL5A;25999;0.0;5;27.0;3840x2160;3840;2160;IPS;80;400;1000;178;178;;0;2;2.0;1;1.4;0;0;0;1;1;1;1;0
1360;2026-09-26 13:37:00;Asus;TUF Gaming VG27VQM1B;21999;4.56;5;27.0;1920x1080;1920;1080;VA;280;250;4000;178;178;1500;1;2;2.0;1;1.2;0;0;0;0;1;0;1;0
1543;2026-09-26 13:37:00;Asus;VA279QGSE;16799;4.8;0;27.0;1920x1080;1920;1080;IPS;120;300;1500;178;178;;0;1;1.4;1;1.2;1;0;0;0;1;0;0;0
1153;2026-09-26 13:37:00;Asus;VA27UCPS Business;32999;0.0;7;27.0;3840x2160;3840;2160;IPS;60;350;1000;178;178;;0;1;2.0;1;1.4;0;0;1;4;0;0;1;0
1168;2026-09-26 13:37:00;DEXP;DF22H1;7599;4.7;2100;21.4;1920x1080;1920;1080;VA;75;250;3000;170;170;;0;1;1.4;0;;1;0;0;0;1;0;0;0
978;2026-09-26 13:37:00;DEXP;DF22N1K;5899;4.71;30;21.45;1920x1080;1920;1080;VA;100;250;3000;178;178;;0;1;1.4;0;;1;0;0;0;1;0;0;0
980;2026-09-26 13:37:00;DEXP;DF22N2;6199;4.72;487;21.45;1920x1080;1920;1080;VA;100;250;3000;178;178;;0;1;1.4;0;;1;0;0;0;0;0;0;0
804;2026-09-26 13:37:00;DEXP;DF22N2S;5599;4.77;1000;21.45;1920x1080;1920;1080;VA;100;250;3000;178;178;;0;1;1.4;0;;1;0;0;0;1;0;0;0
888;2026-09-26 13:37:00;DEXP;DF22N3S;5899;4.77;1000;21.45;1920x1080;1920;1080;VA;100;250;3000;178;178;;0;1;1.4;0;;1;0;0;0;1;0;0;0
876;2026-09-26 13:37:00;DEXP;DF24H1S;7699;0.0;25;23.8;1920x1080;1920;1080;IPS;144;250;1500;178;178;;0;1;2.1;1;1.4;0;0;0;0;0;0;1;0
806;2026-09-26 13:37:00;DEXP;DF24N1;6999;4.84;1700;23.8;1920x1080;1920;1080;IPS;100;300;1000;178;178;;0;1;2.0;0;;1;0;0;0;1;0;0;0
899;2026-09-26 13:37:00;DEXP;DF24N1;7499;4.84;172;23.8;1920x1080;1920;1080;IPS;100;300;1000;178;178;;0;1;2.0;0;;1;0;0;0;1;0;0;0
846;2026-09-26 13:37:00;DEXP;DF24N1S;6999;4.83;170;23.8;1920x1080;1920;1080;IPS;100;250;1000;178;178;;0;1;1.4;0;;1;0;0;0;1;0;0;0
822;2026-09-26 13:37:00;DEXP;DF24N2;7199;4.75;792;23.8;1920x1080;1920;1080;VA;100;300;4000;178;178;;0;1;2.0;0;;1;0;0;0;1;0;0;0
935;2026-09-26 13:37:00;DEXP;DF24N4;7399;4.83;122;23.8;1920x1080;1920;1080;IPS;144;300;1500;178;178;;0;1;1.4;0;;1;0;0;0;1;0;0;0
1138;2026-09-26 13:37:00;DEXP;DF27H1UC;14199;4.63;36;27.0;1920x1080;1920;1080;IPS;100;300;1300;178;178;;0;1;1.4;0;;1;0;1;2;0;0;1;0
859;2026-09-26 13:37:00;DEXP;DF27N1;9699;4.84;1700;27.0;1920x1080;1920;1080;IPS;100;300;1300;178;178;;0;1;2.1;0;;1;0;0;0;0;0;0;0
1317;2026-09-26 13:37:00;DEXP;DF27N1;10799;4.77;736;27.0;1920x1080;1920;1080;IPS;75;300;1000;178;178;;0;1;2.1;0;;1;0;0;0;0;0;0;0
912;2026-09-26 13:37:00;DEXP;DF27N1 V2;9699;4.92;39;27.0;1920x1080;1920;1080;IPS;144;300;1500;178;178;;0;1;2.1;1;1.2;1;0;0;0;1;0;0;0
844;2026-09-26 13:37:00;DEXP;DF27N2;9599;4.81;377;27.0;1920x1080;1920;1080;VA;100;300;4000;178;178;;0;1;2.0;0;;1;0;0;0;1;0;0;0
1226;2026-09-26 13:37:00;DEXP;DF27N3;8799;4.77;147;27.0;1920x1080;1920;1080;VA;75;300;4000;178;178;1500;1;1;1.4;0;;1;0;0;0;0;0;0;0
884;2026-09-26 13:37:00;DEXP;DF27N4;9099;4.9;20;27.0;1920x1080;1920;1080;IPS;144;300;1500;178;178;;0;1;1.4;0;;1;0;0;0;1;0;0;0
1076;2026-09-26 13:37:00;DEXP;DQ27H1;14399;4.87;77;27.0;2560x1440;2560;1440;IPS;100;300;1300;178;178;;0;2;2.0;1;1.4;0;0;0;0;1;1;0;0
926;2026-09-26 13:37:00;DEXP;DQ27H1 V2;13999;4.93;28;27.0;2560x1440;2560;1440;IPS;144;300;1500;178;178;;0;2;2.0;1;1.4;0;0;0;0;1;1;0;0
849;2026-09-26 13:37:00;DEXP;DQ27N1;10899;4.83;443;27.0;2560x1440;2560;1440;IPS;100;300;1300;178;178;;0;2;2.1;1;1.4;0;0;0;0;0;0;0;0
881;2026-09-26 13:37:00;DEXP;DQ27N1 V3;12199;4.88;76;27.0;2560x1440;2560;1440;IPS;144;300;1500;178;178;;0;2;2.1;1;1.4;0;0;0;0;0;0;0;0
913;2026-09-26 13:37:00;DEXP;DQ27N2;10699;4.77;199;27.0;2560x1440;2560;1440;IPS;100;300;1300;178;178;;0;1;2.0;1;1.4;0;0;0;0;1;1;0;0
1211;2026-09-26 13:37:00;DEXP;DQ27N2;10999;4.7;313;27.0;2560x1440;2560;1440;VA;75;300;4000;178;178;;0;2;2.1;1;1.4;0;0;0;0;0;1;0;0
820;2026-09-26 13:37:00;DEXP;DQ32N1;15199;4.82;919;31.5;2560x1440;2560;1440;IPS;100;350;1000;178;178;;0;2;2.1;1;1.4;0;0;0;0;1;1;0;0
1154;2026-09-26 13:37:00;DEXP;DQ32N1;13999;4.82;919;31.5;2560x1440;2560;1440;IPS;75;350;1000;178;178;;0;2;1.4;2;1.4;0;0;0;0;1;1;0;0
1106;2026-09-26 13:37:00;DEXP;DU27N1;16199;4.74;62;27.0;3840x2160;3840;2160;IPS;60;300;1000;178;178;;0;2;2.0;1;1.4;0;0;0;0;1;1;0;0
975;2026-09-26 13:37:00;DEXP;DU32N1;15999;4.65;95;31.5;3840x2160;3840;2160;VA;60;300;3000;178;178;;0;2;2.0;1;1.4;0;0;0;0;1;1;0;0
1332;2026-09-26 13:37:00;DEXP;GS DF24N1;10699;3.98;56;23.8;1920x1080;1920;1080;IPS;180;250;1000;178;178;;0;2;2.0;1;1.4;0;0;0;0;1;0;0;0
1075;2026-09-26 13:37:00;DEXP;GS DF24N1S2;7599;4.5;15;23.8;1920x1080;1920;1080;IPS;200;300;1000;178;178;;0;1;2.1;1;1.4;0;0;0;0;1;0;0;0
1032;2026-09-26 13:37:00;DEXP;GS DQ27N1S2;11899;4.83;6;27.0;2560x1440;2560;1440;IPS;200;350;1000;178;178;;0;2;;2;;0;0;0;0;1;0;0;0
957;2026-09-26 13:37:00;DEXP;GS DQW34N2;19999;4.93;14;34.0;3440x1440;3440;1440;VA;180;300;3000;178;178;1000;1;2;2.1;2;1.4;0;0;0;0;1;0;0;0
1367;2026-09-26 13:37:00;Dell;Alienware AW2524HF;75799;3.86;7;24.5;1920x1080;1920;1080;IPS;500;400;1000;178;178;;0;1;2.1;2;1.4;0;0;0;4;1;0;0;0
1246;2026-09-26 13:37:00;Dell;Alienware AW2525HM;38499;4.62;11;24.5;1920x1080;1920;1080;IPS;320;400;1000;178;178;;0;2;2.1;1;1.4;0;0;0;2;1;1;0;0
1305;2026-09-26 13:37:00;Dell;Alienware AW2723DF;72299;0.0;14;27.0;2560x1440;2560;1440;IPS;280;600;1000;178;178;;0;2;2.0;1;1.4;0;0;0;4;1;1;0;0
1292;2026-09-26 13:37:00;Dell;Alienware AW2724HF;39999;4.42;10;27.0;1920x1080;1920;1080;IPS;360;400;1000;178;178;;0;1;2.1;2;1.4;0;0;0;4;1;0;0;0
1448;2026-09-26 13:37:00;Dell;Alienware AW2725D;59999;0.0;0;26.5;2560x1440;2560;1440;OLED;280;1000;1500000;178;178;;0;1;2.1;2;1.4;0;0;0;2;1;1;0;0
1212;2026-09-26 13:37:00;Dell;Alienware AW2725DF;86799;4.85;7;26.5;2560x1440;2560;1440;OLED;360;1000;1500000;178;178;;0;1;2.1;2;1.4;0;0;0;4;1;0;0;0
1508;2026-09-26 13:37:00;Dell;Alienware AW2725DM;35999;4.8;0;27.0;2560x1440;2560;1440;IPS;180;400;1000;178;178;;0;2;2.1;1;1.4;0;0;0;3;1;1;1;0
1538;2026-09-26 13:37:00;Dell;Alienware AW2725Q;108999;4.8;0;26.7;3840x2160;3840;2160;OLED;240;250;;178;178;;0;2;2.1;1;1.4;0;0;0;5;1;1;1;0
1532;2026-09-26 13:37:00;Dell;Alienware AW2725QF;70999;4.8;0;27.0;3840x2160;3840;2160;IPS;180;400;1000;178;178;;0;2;2.1;1;1.4;0;0;0;5;0;1;1;0
1251;2026-09-26 13:37:00;Dell;Alienware AW3225QF;131999;4.94;32;31.6;3840x2160;3840;2160;OLED;240;1000;1000000;178;178;1700;1;2;2.1;1;1.4;0;0;0;4;0;1;1;0
1399;2026-09-26 13:37:00;Dell;Alienware AW3423DWF;99999;0.0;8;34.0;3440x1440;3440;1440;OLED;165;1000;1000000;178;178;1800;1;1;2.0;2;1.4;0;0;0;4;1;0;0;0
1476;2026-09-26 13:37:00;Dell;C2722DE;67999;0.0;3;27.0;2560x1440;2560;1440;IPS;60;350;1000;178;178;;0;1;2.0;1;1.2;0;0;1;4;0;0;0;0
1349;2026-09-26 13:37:00;Dell;P2424HEB;36299;3.33;3;23.8;1920x1080;1920;1080;IPS;60;250;1000;178;178;;0;1;1.4;1;1.2;0;0;1;4;0;0;0;0
1147;2026-09-26 13:37:00;Dell;P2425D;27399;4.73;11;23.8;2560x1440;2560;1440;IPS;100;350;1500;178;178;;0;1;2.1;1;1.4;0;0;0;4;0;0;0;0
1440;2026-09-26 13:37:00;Dell;P2425DE;32999;0.0;5;23.8;2560x1440;2560;1440;IPS;100;350;1500;178;178;;0;1;2.1;1;1.4;0;0;1;4;0;0;0;0
950;2026-09-26 13:37:00;Dell;P2425H;19199;4.92;38;23.8;1920x1080;1920;1080;IPS;100;250;1500;178;178;;0;1;1.4;1;1.2;1;0;0;4;0;0;0;0
1457;2026-09-26 13:37:00;Dell;P2426HE;31299;0.0;0;23.8;1920x1080;1920;1080;IPS;120;300;1500;178;178;;0;1;1.4;1;1.4;0;0;1;4;0;0;0;0
1416;2026-09-26 13:37:00;Dell;P2725DE;39299;0.0;0;27.0;2560x1440;2560;1440;IPS;100;350;1500;178;178;;0;1;2.1;1;1.4;0;0;0;4;0;0;0;0
1486;2026-09-26 13:37:00;Dell;P2725QE;51999;0.0;0;27.0;3840x2160;3840;2160;IPS;100;350;1500;178;178;;0;1;2.1;1;1.4;0;0;1;5;0;0;0;0
1527;2026-09-26 13:37:00;Dell;P2726HE;34499;0.0;0;27.0;1920x1080;1920;1080;IPS;120;300;1500;178;178;;0;1;1.4;1;1.4;0;0;1;4;0;0;0;0
1502;2026-09-26 13:37:00;Dell;P3225DE;55999;0.0;0;31.5;2560x1440;2560;1440;IPS;100;350;1500;178;178;;0;1;2.1;1;1.4;0;0;1;2;0;0;1;0
1300;2026-09-26 13:37:00;Dell;P3424WE;66799;4.33;2;34.0;3440x1440;3440;1440;IPS;60;300;1000;178;178;3800;1;1;2.0;1;1.2;0;0;1;4;0;0;0;0
1534;2026-09-26 13:37:00;Dell;S2425HSM;17999;0.0;0;23.8;1920x1080;1920;1080;IPS;144;300;1500;178;178;;0;2;1.4;0;;0;0;0;0;1;0;0;0
1398;2026-09-26 13:37:00;Dell;S2725DSM;25999;0.0;0;27.0;2560x1440;2560;1440;IPS;144;350;1500;178;178;;0;1;;1;1.4;0;0;0;0;1;0;0;0
1220;2026-09-26 13:37:00;Dell;S2725H;19399;0.0;6;27.0;1920x1080;1920;1080;IPS;100;250;1500;178;178;;0;2;1.4;0;;0;0;0;0;0;0;0;0
1390;2026-09-26 13:37:00;Dell;S2725QC;39999;0.0;0;27.0;3840x2160;3840;2160;VA;120;350;1500;178;178;;0;1;1.4;0;;0;0;1;0;1;0;0;0
1503;2026-09-26 13:37:00;Dell;S3225QS;49799;0.0;0;31.5;3840x2160;3840;2160;VA;120;300;3000;178;178;;0;2;2.1;1;1.4;0;0;0;0;1;0;1;0
1504;2026-09-26 13:37:00;Dell;S3425DW;50999;0.0;0;34.0;3440x1440;3440;1440;VA;120;300;3000;178;178;1800;1;2;2.1;0;;0;0;1;3;1;0;1;0
1261;2026-09-26 13:37:00;Dell;SE2225H;9699;4.83;12;21.45;1920x1080;1920;1080;VA;75;250;3000;178;178;;0;1;1.4;0;;1;0;0;0;0;0;0;0
1468;2026-09-26 13:37:00;Dell;SE2225HM;10899;0.0;0;21.5;1920x1080;1920;1080;VA;100;250;3000;178;178;;0;1;1.4;0;;1;0;0;0;0;0;0;0
1252;2026-09-26 13:37:00;Dell;SE2425H;11299;4.8;5;23.8;1920x1080;1920;1080;VA;75;250;3000;178;178;;0;1;1.4;0;;1;0;0;0;0;0;0;0
1280;2026-09-26 13:37:00;Dell;SE2725H;14499;0.0;4;27.0;1920x1080;1920;1080;VA;75;300;3000;178;178;;0;1;1.4;0;;1;0;0;0;0;0;0;0
1531;2026-09-26 13:37:00;Dell;SE2726HG;21999;0.0;0;27.0;1920x1080;1920;1080;IPS;240;300;1000;178;178;;0;2;;1;1.4;0;0;0;0;1;0;0;0
1131;2026-09-26 13:37:00;Dell;U3225QE;97999;4.9;29;32.0;3840x2160;3840;2160;IPS;120;450;3000;178;178;;0;1;2.1;2;1.4;0;0;1;7;0;0;0;0
1351;2026-09-26 13:37:00;Dell;U4924DW;178999;0.0;2;49.0;5120x1440;5120;1440;IPS;60;350;2000;178;178;3800;1;2;2.1;1;1.4;0;0;1;8;0;0;0;0
1333;2026-09-26 13:37:00;Dell;UltraSharp U2724D;44299;4.92;12;27.0;2560x1440;2560;1440;IPS;120;350;2000;178;178;;0;1;2.1;1;1.4;0;0;1;5;0;0;0;0
1406;2026-09-26 13:37:00;Dell;UltraSharp U2724DE;59999;0.0;9;27.0;2560x1440;2560;1440;IPS;120;350;2000;178;178;;0;1;2.1;1;1.4;0;0;1;5;0;0;0;0
1482;2026-09-26 13:37:00;Dell;UltraSharp U2725QE;84999;0.0;0;27.0;3840x2160;3840;2160;IPS;120;450;1500;178;178;;0;1;2.0;2;1.4;0;0;0;5;0;0;0;0
1381;2026-09-26 13:37:00;Dell;UltraSharp U4323QE;124999;4.5;6;43.0;3840x2160;3840;2160;IPS;60;350;1000;178;178;;0;2;2.1;2;1.4;0;0;1;5;0;0;0;0
1530;2026-09-26 13:37:00;Dell;UltraSharp U5226KW;369999;0.0;0;51.5;6144x2560;6144;2560;IPS;120;400;1700;178;178;4200;1;2;2.1;2;1.4;0;0;1;8;0;0;0;0
1267;2026-09-26 13:37:00;GIGABYTE;G34WQC2 EK;30999;4.85;34;34.0;3440x1440;3440;1440;VA;200;450;4000;178;178;1500;1;2;2.0;2;1.4;0;0;0;0;1;0;0;0
1493;2026-09-26 13:37:00;GIGABYTE;GS24F14A;9499;4.8;0;23.8;1920x1080;1920;1080;IPS;144;400;1500;178;178;;0;2;2.0;1;1.4;0;0;0;0;0;0;0;0
1007;2026-09-26 13:37:00;GIGABYTE;GS25F2A EK;12999;4.76;39;24.5;1920x1080;1920;1080;IPS;240;300;1000;178;178;;0;2;2.0;1;1.4;0;0;0;0;1;0;0;0
1019;2026-09-26 13:37:00;GIGABYTE;GS27FA EU;13499;4.71;44;27.0;1920x1080;1920;1080;IPS;180;300;1000;178;178;;0;2;2.0;1;1.4;0;0;0;0;1;0;0;0
1234;2026-09-26 13:37:00;GIGABYTE;GS27FC;15299;4.91;11;27.0;1920x1080;1920;1080;VA;180;250;3000;178;178;1500;1;2;2.0;1;1.4;0;0;0;0;1;0;0;0
907;2026-09-26 13:37:00;GIGABYTE;GS27FC2 EK;14999;4.69;76;27.0;1920x1080;1920;1080;VA;240;350;3000;178;178;1500;1;2;2.0;1;1.4;0;0;0;0;0;0;1;0
1537;2026-09-26 13:37:00;GIGABYTE;GS27QA;17499;4.8;0;27.0;2560x1440;2560;1440;IPS;180;300;1000;178;178;;0;2;2.0;1;1.4;0;0;0;0;1;0;0;0
838;2026-09-26 13:37:00;GIGABYTE;GS27QA EU;15899;4.78;198;27.0;2560x1440;2560;1440;IPS;180;300;1000;178;178;;0;2;2.0;1;1.4;0;0;0;0;1;0;0;0
1182;2026-09-26 13:37:00;GIGABYTE;M27UP ICE;37999;4.92;61;27.0;3840x2160;3840;2160;IPS;160;350;1000;178;178;;0;2;2.1;1;1.4;0;0;1;3;1;1;0;0
1036;2026-09-26 13:37:00;GIGABYTE;MO27Q2A EK;51499;4.88;61;27.0;2560x1440;2560;1440;OLED;280;250;1500000;178;178;;0;2;2.1;1;1.4;0;0;1;3;1;1;0;0
1199;2026-09-26 13:37:00;GIGABYTE;MO27U2;84999;4.67;13;27.0;3840x2160;3840;2160;OLED;240;250;1500000;178;178;;0;2;2.1;1;1.4;0;0;1;2;1;1;1;0
1092;2026-09-26 13:37:00;GigaByte;"26.5"" MO27Q3 EK";66999;0.0;5;26.5;2560x1440;2560;1440;OLED;360;1000;1500000;178;178;;0;2;2.1;1;1.4;0;0;0;3;1;1;0;0
1151;2026-09-26 13:37:00;GigaByte;G27U EK;29999;4.67;6;27.0;3840x2160;3840;2160;IPS;160;350;1000;178;178;;0;2;2.1;1;1.4;0;0;0;1;1;1;0;0
855;2026-09-26 13:37:00;GigaByte;GO27Q24G;43299;4.95;44;27.0;2560x1440;2560;1440;OLED;240;1300;1500000;178;178;;0;2;2.1;1;1.4;0;0;1;1;1;1;0;0
1397;2026-09-26 13:37:00;GigaByte;GS32QA EK;25999;4.8;0;31.5;2560x1440;2560;1440;IPS;180;300;1000;178;178;;0;2;2.0;1;1.4;0;0;0;0;1;0;0;0
1022;2026-09-26 13:37:00;GigaByte;MO27Q2A ICE;58999;4.88;61;27.0;2560x1440;2560;1440;OLED;280;250;1500000;178;178;;0;2;2.1;1;1.4;0;0;1;3;1;1;0;0
1491;2026-09-26 13:37:00;GigaByte;MO32U24 EK;99999;4.8;0;31.5;3840x2160;3840;2160;OLED;240;300;1500000;178;178;;0;2;2.1;1;1.4;0;0;0;3;1;1;0;0
1157;2026-09-26 13:37:00;GigaByte;MO34WQC36 EK;98799;0.0;7;34.0;3440x1440;3440;1440;OLED;360;1300;1500000;178;178;1800;1;2;2.1;1;2.1;0;0;0;3;1;1;0;0
1454;2026-09-26 13:37:00;Gigabyte;GO27Q24A EK;43299;4.8;0;27.0;2560x1440;2560;1440;OLED;240;400;1500000;178;178;;0;2;2.1;1;1.4;0;0;0;0;0;0;0;0
1515;2026-09-26 13:37:00;Gigabyte;GS25F14;11399;4.8;0;24.5;1920x1080;1920;1080;IPS;144;300;1500;178;178;;0;1;2.0;1;1.2;0;0;0;0;1;0;0;0
1536;2026-09-26 13:37:00;Gigabyte;MO27Q28G;57799;4.8;0;27.0;2560x1440;2560;1440;OLED;280;1500;1500000;178;178;;0;2;2.1;1;1.4;0;0;1;2;0;1;0;0
870;2026-09-26 13:37:00;Hisense;24G3Q;9999;4.73;75;24.0;1920x1080;1920;1080;IPS;240;320;1000;178;178;;0;2;2.0;1;;0;0;0;0;1;0;0;0
1091;2026-09-26 13:37:00;Hisense;24N3G-PRO;6899;4.74;96;23.8;1920x1080;1920;1080;IPS;100;250;1000;178;178;;0;1;1.4;0;;1;0;0;0;0;0;1;0
837;2026-09-26 13:37:00;Hisense;24N3Q;6999;4.84;155;23.8;1920x1080;1920;1080;IPS;144;250;1000;178;178;;0;1;1.4;0;;1;0;0;0;0;0;0;0
1080;2026-09-26 13:37:00;Hisense;24N3Q-PRO;8999;0.0;8;24.0;1920x1080;1920;1080;IPS;144;250;1000;89;89;;0;1;;1;;1;0;0;0;0;0;1;0
1470;2026-09-26 13:37:00;Hisense;24N3SE;7599;4.8;0;23.8;1920x1080;1920;1080;VA;100;250;3000;178;178;;0;1;;0;;1;0;0;0;0;0;0;0
1207;2026-09-26 13:37:00;Hisense;27G3Q;12999;4.71;14;27.0;1920x1080;1920;1080;IPS;240;320;1000;178;178;;0;2;2.0;1;1.2;0;0;0;0;1;0;0;0
1069;2026-09-26 13:37:00;Hisense;27G6K-PRO;20999;4.49;227;27.0;2560x1440;2560;1440;IPS;240;320;1000;89;89;;0;2;;1;;0;0;0;0;1;0;0;0
858;2026-09-26 13:37:00;Hisense;27G6Q PRO;22999;4.88;69;27.0;2560x1440;2560;1440;IPS;320;320;1000;178;178;;0;2;;1;;0;0;0;0;1;0;0;0
1266;2026-09-26 13:37:00;Hisense;27G7Q PRO;44999;4.57;7;27.0;3840x2160;3840;2160;IPS;160;350;1000;89;89;;0;2;2.0;1;1.4;0;0;1;2;1;0;0;0
816;2026-09-26 13:37:00;Hisense;27N3Q;8599;4.84;120;27.0;1920x1080;1920;1080;IPS;144;250;1000;89;89;;0;1;1.4;0;;1;0;0;0;0;0;1;0
1111;2026-09-26 13:37:00;Hisense;27N3Q-PRO;10999;0.0;5;27.0;1920x1080;1920;1080;IPS;144;250;1000;178;178;;0;1;1.4;1;1.2;1;0;0;0;0;0;1;0
1190;2026-09-26 13:37:00;Horizont;H27Z320;18299;0.0;4;27.0;2560x1440;2560;1440;IPS;320;300;1000;178;178;;0;0;;2;;0;1;0;0;0;1;0;0
1456;2026-09-26 13:37:00;Irbis;SMARTVIEW ISM27QIDL;11599;3.5;2;27.0;2560x1440;2560;1440;IPS;75;300;1000;178;178;;0;1;1.4;1;1.2;0;0;1;2;0;0;0;1
1128;2026-09-26 13:37:00;KEYRON;KQ27N1;14299;4.73;177;27.0;2560x1440;2560;1440;IPS;165;300;1000;178;178;;0;2;2.0;1;1.2;0;0;0;0;1;1;0;0
845;2026-09-26 13:37:00;LG;24MR400-B;6999;4.82;443;23.8;1920x1080;1920;1080;IPS;100;250;1300;178;178;;0;1;1.4;0;;1;0;0;0;1;0;0;0
1095;2026-09-26 13:37:00;LG;24MS500-B;6999;4.81;108;23.8;1920x1080;1920;1080;IPS;100;250;1000;178;178;;0;2;1.4;0;;0;0;0;0;0;0;0;0
941;2026-09-26 13:37:00;LG;24U411A-B;7199;4.79;52;23.8;1920x1080;1920;1080;IPS;120;250;1500;178;178;;0;1;1.4;0;;1;0;0;0;0;0;1;0
1411;2026-09-26 13:37:00;LG;24U411B-B;8199;4.8;0;23.8;1920x1080;1920;1080;IPS;144;250;1500;178;178;;0;1;2.0;0;;1;0;0;0;1;0;1;0
1274;2026-09-26 13:37:00;LG;24U421A-B;10499;4.85;13;23.8;1920x1080;1920;1080;VA;100;250;3000;178;178;1500;1;1;2.0;0;;0;0;1;0;0;0;0;0
983;2026-09-26 13:37:00;LG;25MS500-B;6999;4.86;126;24.5;1920x1080;1920;1080;IPS;100;250;1000;178;178;;0;2;1.4;0;;0;0;0;0;0;0;0;0
1050;2026-09-26 13:37:00;LG;27BA65QB-B;27999;4.86;82;27.0;2560x1440;2560;1440;IPS;100;350;1000;178;178;;0;1;2.0;1;1.4;0;0;1;4;0;0;0;0
1139;2026-09-26 13:37:00;LG;27G440A-B;17999;0.0;12;27.0;1920x1080;1920;1080;IPS;240;400;1000;178;178;;0;2;2.1;1;1.4;0;0;0;0;1;1;0;0
1282;2026-09-26 13:37:00;LG;27G850A-B;72299;4.66;47;27.0;3840x2160;3840;2160;IPS;240;450;2000;178;178;;0;2;2.1;1;2.1;0;0;0;2;1;1;0;0
1387;2026-09-26 13:37:00;LG;27GP95R-B;64799;4.66;105;27.0;3840x2160;3840;2160;IPS;144;400;1000;178;178;95;1;2;2.1;1;1.4;0;0;0;2;1;1;0;0
854;2026-09-26 13:37:00;LG;27GS75Q-B;19999;4.79;611;27.0;2560x1440;2560;1440;IPS;180;300;1000;178;178;;0;2;2.0;1;1.4;0;0;0;0;1;1;0;0
1359;2026-09-26 13:37:00;LG;27GX790A-B;89999;4.61;28;26.5;2560x1440;2560;1440;OLED;480;275;1500000;178;178;;0;2;2.1;1;2.1;0;0;0;2;1;1;0;0
821;2026-09-26 13:37:00;LG;27MR400-B;7999;4.82;567;27.0;1920x1080;1920;1080;IPS;100;250;1300;178;178;;0;1;1.4;0;;1;0;0;0;1;0;0;0
1275;2026-09-26 13:37:00;LG;27MS500-B;11999;4.77;68;27.0;1920x1080;1920;1080;IPS;100;250;1000;178;178;;0;2;1.4;0;;0;0;0;0;0;0;0;0
924;2026-09-26 13:37:00;LG;27U411A-B;10499;4.92;40;27.0;1920x1080;1920;1080;IPS;120;250;1500;178;178;;0;1;2.0;0;;1;0;0;0;0;0;1;0
1314;2026-09-26 13:37:00;LG;27U411B-B;9599;0.0;1;27.0;1920x1080;1920;1080;IPS;144;250;1500;178;178;;0;1;2.0;0;;1;0;0;0;1;0;0;0
1146;2026-09-26 13:37:00;LG;27U421A-B;10199;4.65;17;27.0;1920x1080;1920;1080;VA;100;250;3000;178;178;1500;1;1;2.0;0;;0;0;1;0;0;0;0;0
1038;2026-09-26 13:37:00;LG;27U631A-B;12499;4.59;32;27.0;2560x1440;2560;1440;IPS;100;250;1000;178;178;;0;1;2.0;0;;0;0;1;0;0;0;0;0
1376;2026-09-26 13:37:00;LG;32G600A-B;23799;4.8;0;31.5;2560x1440;2560;1440;VA;;300;3000;178;178;1000;1;2;2.0;1;1.4;0;0;0;0;1;0;0;0
1236;2026-09-26 13:37:00;LG;32UN880K-B;63999;0.0;9;31.5;3840x2160;3840;2160;IPS;60;350;1000;178;178;;0;2;2.1;1;1.4;0;0;1;2;1;0;0;0
1494;2026-09-26 13:37:00;LG;34GX900A-B;104499;4.8;0;34.0;3440x1440;3440;1440;OLED;240;275;1500000;178;178;800;1;2;2.1;1;1.4;0;0;1;3;1;1;0;0
1208;2026-09-26 13:37:00;LG;34U620B-B;24599;0.0;7;34.0;3440x1440;3440;1440;VA;;300;4000;178;178;1800;1;2;1.4;1;1.4;0;0;0;0;1;0;0;0
1347;2026-09-26 13:37:00;LG;34U640B-B;28199;4.8;0;34.0;3440x1440;3440;1440;VA;144;300;4000;178;178;1800;1;2;2.0;1;1.4;0;0;1;3;1;0;0;0
1499;2026-09-26 13:37:00;LG;39GX900A-B;129999;4.8;0;39.0;3440x1440;3440;1440;OLED;240;275;1500000;178;178;800;1;2;2.1;1;1.4;0;0;1;3;1;1;0;0
1405;2026-09-26 13:37:00;LG;MyView 27SR50F-W;22999;4.71;17;27.0;1920x1080;1920;1080;IPS;60;250;1000;178;178;;0;2;2.1;0;;0;0;0;2;0;0;0;1
1392;2026-09-26 13:37:00;LG;MyView 32SQ700S-W;39799;4.88;13;31.5;3840x2160;3840;2160;VA;60;250;3000;178;178;;0;2;;0;;0;0;1;2;0;0;0;0
1327;2026-09-26 13:37:00;LG;MyView 32SR50F-W;24999;4.46;24;31.5;1920x1080;1920;1080;IPS;60;250;1200;178;178;;0;2;2.1;0;;0;0;0;2;0;0;0;1
1401;2026-09-26 13:37:00;LG;MyView 32SR83U-W;59999;4.58;29;31.5;3840x2160;3840;2160;IPS;60;400;1000;178;178;;0;2;;0;;0;0;1;3;0;0;0;1
1362;2026-09-26 13:37:00;LG;MyView 32SR85U-W;57999;4.29;7;31.5;3840x2160;3840;2160;IPS;60;400;1000;178;178;;0;2;;0;;0;0;1;3;0;0;0;1
1025;2026-09-26 13:37:00;LG;UltraFine 27UP850K-W;29399;4.84;109;27.0;3840x2160;3840;2160;IPS;60;400;1200;178;178;;0;2;2.0;1;1.4;0;0;1;2;1;0;0;0
979;2026-09-26 13:37:00;LG;UltraFine 27US500-W;20999;4.8;117;27.0;3840x2160;3840;2160;IPS;60;300;1000;178;178;;0;2;2.0;1;1.4;0;0;0;0;0;0;0;0
1296;2026-09-26 13:37:00;LG;UltraFine 32U720A-B;33299;0.0;7;31.5;3840x2160;3840;2160;VA;60;250;3000;178;178;;0;2;2.0;1;1.4;0;0;1;2;0;0;0;0
1281;2026-09-26 13:37:00;LG;UltraFine 32U990A-S;149499;4.33;3;31.5;6144x3456;6144;3456;IPS;60;450;2000;178;178;;0;1;2.1;1;2.1;0;0;0;2;0;0;0;0
1059;2026-09-26 13:37:00;LG;UltraGear 24G411A-B;8399;4.7;37;23.8;1920x1080;1920;1080;IPS;144;250;1500;178;178;;0;1;2.0;1;1.4;0;0;0;0;1;1;0;0
1284;2026-09-26 13:37:00;LG;UltraGear 24G414B-B;9799;4.8;0;23.8;1920x1080;1920;1080;IPS;144;250;1500;178;178;;0;1;2.0;1;1.4;0;0;0;0;1;1;0;0
828;2026-09-26 13:37:00;LG;UltraGear 24GS60F-B;10999;4.75;1200;23.8;1920x1080;1920;1080;IPS;180;300;1000;178;178;;0;1;2.0;1;1.4;0;0;0;0;1;1;0;0
976;2026-09-26 13:37:00;LG;UltraGear 24GS65F-B;10999;4.71;327;23.8;1920x1080;1920;1080;IPS;180;300;1000;178;178;;0;1;2.0;1;1.4;0;0;0;0;1;1;0;0
1024;2026-09-26 13:37:00;LG;UltraGear 25G523B-B;10599;4.91;11;25.0;1920x1080;1920;1080;IPS;200;300;1000;178;178;;0;2;2.0;1;1.4;0;0;0;0;1;1;0;0
963;2026-09-26 13:37:00;LG;UltraGear 25G550B-B;15699;0.0;15;25.0;1920x1080;1920;1080;IPS;300;240;1000;178;178;;0;2;2.0;1;1.4;0;0;0;0;1;1;0;0
874;2026-09-26 13:37:00;LG;UltraGear 27G411A-B;9599;4.84;72;27.0;1920x1080;1920;1080;IPS;144;250;1500;178;178;;0;1;2.0;1;1.4;0;0;0;0;1;1;0;0
1352;2026-09-26 13:37:00;LG;UltraGear 27G414B-B;11299;4.8;0;27.0;1920x1080;1920;1080;IPS;144;250;1500;178;178;;0;1;2.0;1;1.4;0;0;0;0;1;1;0;0
1099;2026-09-26 13:37:00;LG;UltraGear 27G523B-B;12399;4.8;5;27.0;1920x1080;1920;1080;IPS;200;300;1000;178;178;;0;2;2.0;1;1.4;0;0;0;0;1;1;0;0
1233;2026-09-26 13:37:00;LG;UltraGear 27G550B-B;21799;0.0;1;27.0;1920x1080;1920;1080;IPS;300;300;1000;178;178;;0;2;2.0;1;1.4;0;0;0;0;1;1;0;0
1030;2026-09-26 13:37:00;LG;UltraGear 27G610A-B;15999;4.5;8;27.0;2560x1440;2560;1440;IPS;200;400;1000;178;178;;0;2;2.0;1;1.4;0;0;0;0;1;0;1;0
1276;2026-09-26 13:37:00;LG;UltraGear 27G640A-B;30999;0.0;1;27.0;2560x1440;2560;1440;IPS;300;400;1300;178;178;;0;2;2.1;1;1.4;0;0;1;4;1;1;0;0
1117;2026-09-26 13:37:00;LG;UltraGear 27GP750-B;24699;4.81;446;27.0;1920x1080;1920;1080;IPS;240;400;1000;178;178;;0;2;2.0;1;1.2;0;0;0;0;1;1;0;0
1005;2026-09-26 13:37:00;LG;UltraGear 27GR83Q-B;38999;4.74;341;27.0;2560x1440;2560;1440;IPS;240;500;1000;178;178;;0;2;2.1;1;1.4;0;0;0;2;1;1;0;0
1301;2026-09-26 13:37:00;LG;UltraGear 27GR93U-B;49999;4.17;45;27.0;3840x2160;3840;2160;IPS;144;400;1000;178;178;;0;2;2.1;1;1.4;0;0;0;2;1;1;0;0
981;2026-09-26 13:37:00;LG;UltraGear 27GS60F-B;11999;4.87;356;27.0;1920x1080;1920;1080;IPS;180;300;1000;178;178;;0;1;2.0;1;1.4;0;0;0;0;1;1;0;0
968;2026-09-26 13:37:00;LG;UltraGear 27GS60QC-B;16499;4.86;224;27.0;2560x1440;2560;1440;VA;180;300;3000;178;178;1000;1;2;2.0;1;1.4;0;0;0;0;1;0;0;0
933;2026-09-26 13:37:00;LG;UltraGear 27GS65F-B;12999;4.75;205;27.0;1920x1080;1920;1080;IPS;180;300;1000;178;178;;0;1;2.0;1;1.4;0;0;0;0;1;1;0;0
996;2026-09-26 13:37:00;LG;UltraGear 27GS85Q-B;26899;4.73;379;27.0;2560x1440;2560;1440;IPS;180;400;1000;178;178;;0;2;2.0;1;1.4;0;0;0;2;1;1;0;0
1003;2026-09-26 13:37:00;LG;UltraGear 27GX700A-B;55799;4.8;90;26.5;2560x1440;2560;1440;OLED;280;335;1500000;178;178;;0;2;2.1;1;1.4;0;0;0;2;1;1;1;0
1140;2026-09-26 13:37:00;LG;UltraGear 27GX704A-B;51499;4.61;24;27.0;2560x1440;2560;1440;OLED;240;275;1500000;178;178;;0;2;2.1;1;1.4;0;0;0;2;1;1;1;0
1421;2026-09-26 13:37:00;LG;UltraGear 32G403B-B;21199;4.8;0;31.5;1920x1080;1920;1080;VA;144;250;3500;178;178;;0;1;2.0;1;1.4;0;0;0;0;1;0;1;0
997;2026-09-26 13:37:00;LG;UltraGear 32G620B-B;25999;4.58;19;31.5;2560x1440;2560;1440;IPS;200;300;1200;178;178;;0;2;2.0;1;1.4;0;0;0;0;1;1;0;0
936;2026-09-26 13:37:00;LG;UltraGear 32GR93U-B;39999;4.61;335;31.5;3840x2160;3840;2160;IPS;144;500;1000;178;178;;0;2;2.1;1;1.4;0;0;0;2;1;0;0;0
1009;2026-09-26 13:37:00;LG;UltraGear 32GS60QC-B;21499;4.78;214;31.5;2560x1440;2560;1440;VA;180;300;3000;178;178;1000;1;2;2.0;1;1.4;0;0;0;0;1;0;0;0
1115;2026-09-26 13:37:00;LG;UltraGear 32GS85Q-B;39799;4.7;126;31.5;2560x1440;2560;1440;IPS;180;350;1000;178;178;;0;2;2.0;1;1.4;0;0;0;2;1;0;0;0
1243;2026-09-26 13:37:00;LG;UltraGear 32GS95UV-B;139999;4.66;65;31.5;3840x2160;3840;2160;OLED;240;1300;1500000;178;178;;0;2;2.1;1;1.4;0;0;0;2;1;1;0;0
1299;2026-09-26 13:37:00;LG;UltraGear 34GX90SA-W;118499;4.55;17;34.0;3440x1440;3440;1440;OLED;240;1300;1500000;178;178;800;1;2;2.1;1;1.4;0;0;1;2;1;1;0;1
1096;2026-09-26 13:37:00;LG;UltraGear 45GX950A-B;164999;4.91;22;44.5;5120x2160;5120;2160;OLED;165;1300;1500000;178;178;800;1;2;2.1;1;2.1;0;0;1;2;1;1;0;0
1371;2026-09-26 13:37:00;LG;UltraGear 49GR85DC-B;114999;4.59;16;49.0;5120x1440;5120;1440;VA;240;400;3000;178;178;1000;1;2;2.1;1;1.4;0;0;0;2;1;0;0;0
1269;2026-09-26 13:37:00;LG;UltraGear evo 27GM950B-B;104499;0.0;1;27.0;5120x2880;5120;2880;IPS;165;750;1000;178;178;;0;2;2.1;1;2.1;0;0;1;3;1;1;1;0
1126;2026-09-26 13:37:00;LG;UltraGear evo 32GX870B-B;119499;0.0;5;31.5;3840x2160;3840;2160;OLED;240;335;1850000;178;178;;0;2;2.1;1;2.1;0;0;1;3;1;1;1;0
1245;2026-09-26 13:37:00;LG;UltraGear evo 52G930B-B;134999;0.0;6;52.0;5120x2160;5120;2160;VA;240;400;4000;178;178;1000;1;2;2.1;1;2.1;0;0;0;2;1;0;0;0
949;2026-09-26 13:37:00;LG;UltraWide 29U511A-B;14199;4.61;49;29.0;2560x1080;2560;1080;IPS;100;250;1000;178;178;;0;1;2.0;1;1.4;0;0;0;0;1;0;0;0
1026;2026-09-26 13:37:00;LG;UltraWide 29U531A-W;16999;4.93;40;29.0;2560x1080;2560;1080;IPS;100;250;1000;178;178;;0;1;1.4;1;1.4;0;0;1;0;1;0;0;0
1081;2026-09-26 13:37:00;LG;UltraWide 34U601B-B;21499;0.0;7;34.0;3440x1440;3440;1440;VA;120;250;3000;178;178;1800;1;1;2.0;1;1.4;0;0;0;0;1;0;0;0
1110;2026-09-26 13:37:00;LG;UltraWide 34WR50QK-B;28999;4.71;98;34.0;3440x1440;3440;1440;VA;100;300;3000;178;178;1800;1;2;2.0;1;1.4;0;0;0;0;0;0;0;0
1524;2026-09-26 13:37:00;Lenovo;E27Q-20;37799;0.0;0;27.0;2560x1440;2560;1440;IPS;75;350;1000;178;178;;0;1;1.4;1;1.2;0;0;0;0;1;0;0;0
1219;2026-09-26 13:37:00;Lenovo;Legion R27i-30;14799;4.64;11;27.0;1920x1080;1920;1080;IPS;165;400;1000;178;178;;0;2;2.1;1;1.4;0;0;0;0;1;0;1;0
1489;2026-09-26 13:37:00;Lenovo;ThinkCentre TIO-24 Gen5;25699;0.0;0;23.8;1920x1080;1920;1080;IPS;60;250;1000;178;178;;0;1;1.4;1;1.2;0;0;0;1;0;0;0;0
1520;2026-09-26 13:37:00;Lenovo;ThinkCentre TIO24Gen5;27299;0.0;0;23.8;1920x1080;1920;1080;IPS;;250;1000;178;178;;0;1;1.4;1;1.2;0;0;0;2;0;0;0;0
1480;2026-09-26 13:37:00;Lenovo;ThinkVision 27 3D;166999;0.0;1;27.0;3840x2160;3840;2160;IPS;60;310;1000;178;178;;0;2;2.1;1;1.4;0;0;1;5;0;0;0;0
1522;2026-09-26 13:37:00;Lenovo;ThinkVision E27q-40;25499;0.0;0;27.0;2560x1440;2560;1440;IPS;100;350;1500;178;178;;0;2;2.1;1;1.2;0;0;0;0;0;0;0;0
1433;2026-09-26 13:37:00;Lenovo;ThinkVision P24qd-40;38799;0.0;0;23.8;2560x1440;2560;1440;IPS;120;300;1500;178;178;;0;1;2.1;1;1.4;0;0;1;5;0;0;0;0
1384;2026-09-26 13:37:00;Lenovo;ThinkVision S24e-20;8799;0.0;10;23.8;1920x1080;1920;1080;VA;60;250;3000;178;178;;0;1;1.4;0;;1;0;0;0;0;0;0;0
1434;2026-09-26 13:37:00;Lime;G270;12399;4.56;44;27.0;2560x1440;2560;1440;VA;144;250;1000;178;178;;0;2;;1;;0;0;0;0;0;0;0;0
962;2026-09-26 13:37:00;MSI;"15.6"" PRO MP165 E6";11499;4.89;46;15.6;1920x1080;1920;1080;IPS;60;250;1000;178;178;;0;1;2.0b;0;;0;0;1;0;0;0;0;0
945;2026-09-26 13:37:00;MSI;"27"" MAG 274QRFW E20";22199;4.72;67;27.0;2560x1440;2560;1440;IPS;200;400;1000;178;178;;0;2;2.0b;1;1.4a;0;0;0;0;1;1;0;0
1460;2026-09-26 13:37:00;MSI;272QPF E20;23499;4.8;0;27.0;2560x1440;2560;1440;IPS;200;300;1000;178;178;;0;2;2.0b;1;1.4a;0;0;0;0;1;1;0;0
1461;2026-09-26 13:37:00;MSI;274QF E20;20199;4.8;0;27.0;2560x1440;2560;1440;IPS;200;250;1200;178;178;;0;2;2.0b;1;1.4a;0;0;0;0;0;0;1;0
1272;2026-09-26 13:37:00;MSI;G2422C;11799;4.63;158;23.6;1920x1080;1920;1080;VA;180;250;3000;178;178;1500;1;2;2.0b;1;1.2a;0;0;0;0;0;0;1;0
817;2026-09-26 13:37:00;MSI;G242L E14;9999;4.88;795;23.8;1920x1080;1920;1080;IPS;144;300;1500;178;178;;0;1;1.4b;1;1.2a;0;0;0;0;0;0;1;0
843;2026-09-26 13:37:00;MSI;G255F;9999;4.79;981;24.5;1920x1080;1920;1080;IPS;180;300;1000;178;178;;0;2;2.0b;1;1.2a;0;0;0;0;0;0;1;0
1089;2026-09-26 13:37:00;MSI;G255PF E2;14999;4.74;193;24.5;1920x1080;1920;1080;IPS;180;300;1000;178;178;;0;2;2.0;1;1.2;0;0;0;0;0;0;1;0
1074;2026-09-26 13:37:00;MSI;G272QPF E2;21999;4.63;604;27.0;2560x1440;2560;1440;IPS;180;300;1200;178;178;;0;2;2.0b;1;1.4;0;0;0;0;0;0;1;0
889;2026-09-26 13:37:00;MSI;G275L E14;10299;4.71;311;27.0;1920x1080;1920;1080;IPS;144;300;1500;178;178;;0;1;2.0;1;1.2a;0;0;0;0;0;0;1;0
1200;2026-09-26 13:37:00;MSI;MAG 242C;11499;4.68;13;23.6;1920x1080;1920;1080;VA;180;300;3000;178;178;1500;1;1;2.0b;1;1.2a;0;0;0;0;0;0;1;0
1015;2026-09-26 13:37:00;MSI;MAG 242F;10999;4.65;116;23.8;1920x1080;1920;1080;IPS;200;300;1000;178;178;;0;1;2.0b;1;1.2a;0;0;0;0;1;0;0;0
824;2026-09-26 13:37:00;MSI;MAG 245F X24;12999;4.85;160;23.8;1920x1080;1920;1080;IPS;240;300;1000;178;178;;0;2;2.0b;1;1.2a;0;0;0;0;0;0;1;0
973;2026-09-26 13:37:00;MSI;MAG 272F X24;15999;4.81;52;27.0;1920x1080;1920;1080;IPS;240;300;1000;178;178;;0;2;2.0b;1;1.2a;0;0;0;0;0;0;1;0
1366;2026-09-26 13:37:00;MSI;MAG 272QP QD-OLED X24;55999;4.8;0;26.5;2560x1440;2560;1440;OLED;240;400;1500000;178;178;;0;2;2.1;1;1.4a;0;0;1;0;0;0;1;0
928;2026-09-26 13:37:00;MSI;MAG 272QP QD-OLED X50;69999;4.73;107;26.5;2560x1440;2560;1440;OLED;500;1000;1500000;178;178;;0;2;2.1;1;1.4a;0;0;1;0;0;0;1;0
1088;2026-09-26 13:37:00;MSI;MAG 272QPW QD-OLED X28;52999;4.58;57;26.5;2560x1440;2560;1440;OLED;280;1000;1500000;178;178;;0;2;2.1;1;1.4a;0;0;1;0;0;0;1;0
1528;2026-09-26 13:37:00;MSI;MAG 272UP E16;85999;4.8;0;26.5;3840x2160;3840;2160;OLED;165;1000;1500000;178;178;;0;2;2.1;1;1.4a;0;0;1;3;0;1;0;0
1255;2026-09-26 13:37:00;MSI;MAG 272UP QD-OLED X24;79999;4.47;16;26.5;3840x2160;3840;2160;OLED;240;1000;1500000;178;178;;0;2;2.1;1;1.4a;0;0;1;0;0;0;1;0
1049;2026-09-26 13:37:00;MSI;MAG 272URDF E16;28999;4.47;82;27.0;3840x2160;3840;2160;IPS;160;400;1000;178;178;;0;2;2.1;1;1.4a;0;0;0;2;1;0;1;0
877;2026-09-26 13:37:00;MSI;MAG 274F;13499;4.84;544;27.0;1920x1080;1920;1080;IPS;200;300;1000;178;178;;0;1;2.0b;1;1.2a;0;0;0;0;0;0;1;0
805;2026-09-26 13:37:00;MSI;MAG 274QF X24;18999;4.77;635;27.0;2560x1440;2560;1440;IPS;240;250;1000;178;178;;0;2;2.0b;1;1.4a;0;0;0;0;1;0;0;0
1001;2026-09-26 13:37:00;MSI;MAG 274QP QD-OLED X24;46499;4.9;50;26.5;2560x1440;2560;1440;OLED;240;400;1500000;178;178;;0;2;2.1;1;1.4;0;0;0;0;0;0;1;0
1179;2026-09-26 13:37:00;MSI;MAG 274QPF X30MV;41499;4.68;55;27.0;2560x1440;2560;1440;VA;300;1000;4500;178;178;;0;2;2.1;1;1.4a;0;0;0;0;0;0;1;0
878;2026-09-26 13:37:00;MSI;MAG 274QRFW X32;26999;4.75;324;27.0;2560x1440;2560;1440;IPS;320;400;1000;178;178;;0;2;2.1;1;1.4a;0;0;0;0;0;0;1;0
1134;2026-09-26 13:37:00;MSI;MAG 274UPDF E16M;47299;4.55;38;27.0;3840x2160;3840;2160;IPS;160;1000;1000;178;178;;0;2;2.1;1;1.4a;0;0;1;0;0;0;1;0
1422;2026-09-26 13:37:00;MSI;MAG 275CQF E18;18999;4.8;0;27.0;2560x1440;2560;1440;VA;180;250;5000;178;178;1500;1;2;2.0b;1;1.4a;0;0;0;0;0;0;1;0
1100;2026-09-26 13:37:00;MSI;MAG 275F;14999;4.65;279;27.0;1920x1080;1920;1080;IPS;180;250;1000;178;178;;0;2;2.0b;1;1.4;0;0;0;0;0;0;1;0
971;2026-09-26 13:37:00;MSI;MAG 275QF E20;16999;4.93;28;27.0;2560x1440;2560;1440;IPS;200;300;1200;178;178;;0;2;2.0b;1;1.4a;0;0;0;0;1;0;1;0
1155;2026-09-26 13:37:00;MSI;MAG 275UPD E14;33999;4.89;27;27.0;3840x2160;3840;2160;IPS;144;250;1500;178;178;;0;2;2.1;1;1.4a;0;0;0;0;0;0;1;0
1052;2026-09-26 13:37:00;MSI;MAG 276CXF;15499;4.77;120;27.0;1920x1080;1920;1080;VA;280;300;4000;178;178;1500;1;2;2.0b;1;1.4a;0;0;0;0;0;0;1;0
1310;2026-09-26 13:37:00;MSI;MAG 27C6F;18499;4.68;69;27.0;1920x1080;1920;1080;VA;180;250;3000;178;178;1500;1;2;2.0b;1;1.4;0;0;0;0;0;0;1;0
1263;2026-09-26 13:37:00;MSI;MAG 27C6X;18799;4.79;153;27.0;1920x1080;1920;1080;VA;250;250;3000;178;178;1500;1;2;2.0b;1;1.2a;0;0;0;0;0;0;1;0
903;2026-09-26 13:37:00;MSI;MAG 27CQ6F;19499;4.81;517;27.0;2560x1440;2560;1440;VA;180;300;5000;178;178;1500;1;2;2.0b;1;1.4;0;0;0;0;0;0;1;0
901;2026-09-26 13:37:00;MSI;MAG 27CQ6PF;16999;4.86;116;27.0;2560x1440;2560;1440;VA;180;300;5000;178;178;1500;1;2;2.0b;1;1.4;0;0;0;0;1;0;0;0
927;2026-09-26 13:37:00;MSI;MAG 321CQF E18;19999;4.67;127;31.5;2560x1440;2560;1440;VA;180;300;3000;178;178;1500;1;2;2.0b;1;1.4a;0;0;0;0;0;0;1;0
1264;2026-09-26 13:37:00;MSI;MAG 321CUP QD-OLED;141499;4.71;30;31.5;3840x2160;3840;2160;OLED;165;1000;1500000;178;178;1700;1;1;2.1;1;1.4a;0;0;1;0;0;0;1;0
972;2026-09-26 13:37:00;MSI;MAG 321UP QD-OLED;69999;4.87;87;31.5;3840x2160;3840;2160;OLED;165;1000;1500000;178;178;;0;2;2.1;1;1.4a;0;0;1;0;1;0;0;0
1191;2026-09-26 13:37:00;MSI;MAG 321UPD E14;39999;0.0;3;31.5;3840x2160;3840;2160;IPS;288;300;1500;178;178;;0;2;2.1;1;1.4a;0;0;0;0;0;0;1;0
1239;2026-09-26 13:37:00;MSI;MAG 322UP QD-OLED E16;85999;4.95;11;31.5;3840x2160;3840;2160;OLED;165;1000;1500000;178;178;;0;2;2.1;1;1.4a;0;0;1;0;0;0;1;0
1071;2026-09-26 13:37:00;MSI;MAG 322URDF E16;46999;4.62;66;31.5;3840x2160;3840;2160;IPS;160;450;1000;178;178;;0;2;2.1;1;1.4a;0;0;0;2;0;0;1;0
1529;2026-09-26 13:37:00;MSI;MAG 325CQPF E18;30499;4.8;0;31.5;2560x1440;2560;1440;VA;180;300;3500;178;178;1000;1;2;2.0b;1;1.4a;0;0;0;0;1;0;0;0
1271;2026-09-26 13:37:00;MSI;MAG 325CQRXF E2;29999;3.95;39;31.5;2560x1440;2560;1440;VA;240;300;3500;178;178;1000;1;2;2.0b;1;1.4a;0;0;1;0;0;0;1;0
1054;2026-09-26 13:37:00;MSI;MAG 325QF E18V;24999;4.8;79;31.5;2560x1440;2560;1440;VA;180;300;3500;178;178;;0;2;2.0b;1;1.4a;0;0;0;0;0;0;1;0
1061;2026-09-26 13:37:00;MSI;MAG 32C6X;19899;4.79;101;31.5;1920x1080;1920;1080;VA;250;250;3000;178;178;1500;1;2;2.0b;1;1.2a;0;0;0;0;0;0;1;0
1431;2026-09-26 13:37:00;MSI;MAG 341CQP QD-OLED;89999;4.64;40;34.0;3440x1440;3440;1440;OLED;175;1000;1500000;178;178;1800;1;2;2.1;1;1.4a;0;0;1;2;1;0;0;0
1254;2026-09-26 13:37:00;MSI;MAG 341CQP X28;94999;0.0;4;34.1;3440x1440;3440;1440;OLED;280;300;1500000;178;178;1800;1;2;2.1;1;1.4a;0;0;1;3;1;1;0;0
993;2026-09-26 13:37:00;MSI;MAG 342CQRF E20;28999;4.59;15;34.0;3440x1440;3440;1440;VA;200;300;3500;178;178;1500;1;2;2.0b;1;1.4;0;0;0;0;0;0;1;0
947;2026-09-26 13:37:00;MSI;MAG 401QR;38999;4.78;201;40.0;3440x1440;3440;1440;IPS;155;400;1000;178;178;;0;2;2.0;1;1.4a;0;0;1;2;0;0;1;0
1133;2026-09-26 13:37:00;MSI;MPG 242R X60N;71499;4.8;43;24.1;1920x1080;1920;1080;TN;600;500;1000;178;178;242;1;2;2.1;1;1.4a;0;0;1;3;0;0;1;0
1298;2026-09-26 13:37:00;MSI;MPG 272QRF X36;59999;4.67;6;27.0;2560x1440;2560;1440;IPS;;400;1000;178;178;;0;2;2.1;1;1.4a;0;0;0;5;0;1;0;0
1148;2026-09-26 13:37:00;MSI;MPG 272URX QD-OLED;107999;4.75;29;26.5;3840x2160;3840;2160;OLED;240;1000;1500000;178;178;;0;2;2.1;1;2.1a;0;0;1;2;0;1;0;0
1000;2026-09-26 13:37:00;MSI;MPG 274URDFW E16M;47999;4.63;70;27.0;3840x2160;3840;2160;IPS;160;1000;1000;178;178;;0;2;2.1;1;1.4a;0;0;0;2;0;0;1;0
1546;2026-09-26 13:37:00;MSI;MPG 274URF QD;45299;3.88;8;27.0;3840x2160;3840;2160;IPS;160;400;1000;178;178;;0;2;2.1;1;1.4a;0;0;1;2;1;0;0;0
1119;2026-09-26 13:37:00;MSI;MPG 321URXW QD-OLED;98799;4.95;21;31.5;3840x2160;3840;2160;OLED;240;1000;1500000;178;178;;0;2;2.1;1;1.4;0;0;1;2;0;0;0;0
982;2026-09-26 13:37:00;MSI;MPG 341CQPX QD-OLED;84999;4.77;185;34.0;3440x1440;3440;1440;OLED;240;1000;1500000;178;178;1800;1;2;2.1;1;1.4a;0;0;1;2;0;0;1;0
989;2026-09-26 13:37:00;MSI;MPG 346CQRF X24;37999;4.65;83;34.0;3440x1440;3440;1440;VA;240;400;4000;178;178;1500;1;2;2.1;1;1.4a;0;0;1;2;0;0;1;0
1181;2026-09-26 13:37:00;MSI;MPG 491CQP QD-OLED;89999;4.88;45;49.0;5120x1440;5120;1440;OLED;144;1000;1500000;178;178;1800;1;2;2.1;1;1.4a;0;0;1;2;0;0;1;0
1137;2026-09-26 13:37:00;MSI;MPG 491CQPX QD-OLED;104999;4.93;58;49.0;5120x1440;5120;1440;OLED;240;1000;1500000;178;178;1800;1;2;2.1;1;1.4a;0;0;1;3;0;0;1;0
977;2026-09-26 13:37:00;MSI;Modern MD2412PW;13999;4.83;159;23.8;1920x1080;1920;1080;IPS;100;300;1000;178;178;;0;1;1.4;0;;0;0;1;0;1;0;0;0
961;2026-09-26 13:37:00;MSI;Modern MD2712PW;13499;4.81;79;27.0;1920x1080;1920;1080;IPS;100;300;1000;178;178;;0;1;1.4;0;;0;0;1;0;0;0;1;0
998;2026-09-26 13:37:00;MSI;Modern MD271UL;19499;4.65;348;27.0;3840x2160;3840;2160;IPS;60;300;1000;178;178;;0;2;2.0b;1;1.2a;0;0;1;0;0;0;1;0
1125;2026-09-26 13:37:00;MSI;Modern MD272UPHG;30999;4.78;45;27.0;3840x2160;3840;2160;IPS;60;400;1000;178;178;;0;2;2.0b;1;1.4a;0;0;1;3;0;0;1;0
1105;2026-09-26 13:37:00;MSI;Modern MD272UPHW;34999;4.78;45;27.0;3840x2160;3840;2160;IPS;60;400;1000;178;178;;0;2;2.0b;1;1.4a;0;0;1;3;0;0;1;0
1295;2026-09-26 13:37:00;MSI;Modern MD272UPSW;26999;4.44;9;27.0;3840x2160;3840;2160;IPS;60;300;1000;178;178;;0;1;2.0b;1;1.4a;0;0;1;2;0;0;1;1
1136;2026-09-26 13:37:00;MSI;Modern MD342CQP;31999;4.73;26;34.0;3440x1440;3440;1440;VA;120;300;3500;178;178;1500;1;2;;1;;0;0;1;2;0;0;1;0
1017;2026-09-26 13:37:00;MSI;Modern MD342CQPW;29999;4.78;65;34.0;3440x1440;3440;1440;VA;120;300;3500;178;178;1500;1;2;2.0b;1;1.4a;0;0;1;2;0;0;1;0
1176;2026-09-26 13:37:00;MSI;PRO MAX 241PHW E14;16199;4.75;4;23.8;1920x1080;1920;1080;IPS;144;300;1500;178;178;;0;1;2.0b;1;1.2a;0;0;1;2;1;0;0;0
1364;2026-09-26 13:37:00;MSI;PRO MAX 271PHW E14;19499;4.8;0;27.0;1920x1080;1920;1080;IPS;144;250;1000;178;178;;0;1;2.0b;1;1.2a;0;0;1;4;0;0;1;0
1217;2026-09-26 13:37:00;MSI;PRO MAX 271QPHW E14;24999;4.8;0;27.0;2560x1440;2560;1440;IPS;144;300;1500;178;178;;0;2;2.0b;1;1.2a;0;0;1;4;0;0;1;0
1539;2026-09-26 13:37:00;MSI;PRO MAX 271QPX14G;54999;4.8;0;27.0;2560x1440;2560;1440;OLED;144;400;1500000;178;178;;0;2;2.0b;1;1.4a;0;0;1;1;1;1;0;0
1408;2026-09-26 13:37:00;MSI;PRO MAX 271UPX12G;77999;4.8;0;26.5;3840x2160;3840;2160;OLED;;250;;178;178;;0;2;2.1;1;1.4a;0;0;0;1;1;1;0;0
1339;2026-09-26 13:37:00;MSI;PRO MAX 271UPXW12G;79999;0.0;1;26.5;3840x2160;3840;2160;OLED;;250;;178;178;;0;2;2.1;1;1.4a;0;0;0;1;1;1;0;0
1324;2026-09-26 13:37:00;MSI;PRO MP225 E12L;9299;0.0;1;21.45;1920x1080;1920;1080;IPS;120;300;1300;178;178;;0;1;1.4b;0;;1;0;0;0;0;0;1;0
893;2026-09-26 13:37:00;MSI;PRO MP225V;6999;4.75;162;21.45;1920x1080;1920;1080;VA;100;300;4000;178;178;;0;1;1.4b;0;;1;0;0;0;0;0;1;0
827;2026-09-26 13:37:00;MSI;PRO MP2412;7499;4.75;1500;23.8;1920x1080;1920;1080;VA;100;300;4000;178;178;;0;1;1.4b;1;1.2a;0;0;0;0;1;0;0;0
1063;2026-09-26 13:37:00;MSI;PRO MP242A E2;12199;4.8;90;23.8;1920x1080;1920;1080;IPS;120;300;1500;178;178;;0;1;1.4b;1;1.2a;1;0;0;0;0;0;1;0
1090;2026-09-26 13:37:00;MSI;PRO MP242L;9099;4.92;41;23.8;1920x1080;1920;1080;IPS;100;250;1000;178;178;;0;1;1.4b;1;1.2a;0;0;0;0;0;0;1;0
1145;2026-09-26 13:37:00;MSI;PRO MP242PMG;13599;4.69;28;23.8;1920x1080;1920;1080;IPS;120;300;1500;178;178;;0;1;1.4b;1;1.2a;1;0;0;2;0;0;1;0
1328;2026-09-26 13:37:00;MSI;PRO MP243W E14;9499;0.0;1;23.8;1920x1080;1920;1080;IPS;144;300;1500;178;178;;0;1;1.4b;1;1.2a;0;0;0;0;0;0;1;0
810;2026-09-26 13:37:00;MSI;PRO MP243X;7699;4.81;1700;23.8;1920x1080;1920;1080;IPS;100;300;1000;178;178;;0;1;1.4;1;1.2a;0;0;0;0;0;0;1;0
1216;2026-09-26 13:37:00;MSI;PRO MP245PHG E14;13999;4.8;0;23.8;1920x1080;1920;1080;IPS;144;300;1500;178;178;;0;1;2.0;1;1.2a;0;0;1;3;1;0;1;0
868;2026-09-26 13:37:00;MSI;PRO MP251 E2;10499;4.89;303;24.5;1920x1080;1920;1080;IPS;120;300;1500;178;178;;0;1;2.0;1;1.4a;1;0;0;0;0;0;1;0
967;2026-09-26 13:37:00;MSI;PRO MP251L E2;7999;4.83;124;24.5;1920x1080;1920;1080;IPS;120;250;1500;178;178;;0;1;1.4;0;;1;0;0;0;0;0;1;0
911;2026-09-26 13:37:00;MSI;PRO MP251P;12999;4.86;142;24.5;1920x1080;1920;1080;IPS;100;300;1300;178;178;;0;1;1.4b;0;;1;0;0;0;1;0;0;0
930;2026-09-26 13:37:00;MSI;PRO MP251W E2;10999;4.86;194;24.5;1920x1080;1920;1080;IPS;120;300;1500;178;178;;0;1;2.0;1;1.4a;1;0;0;0;0;0;1;0
1161;2026-09-26 13:37:00;MSI;PRO MP272PMG;16999;4.96;45;27.0;1920x1080;1920;1080;IPS;120;300;1500;178;178;;0;1;1.4b;1;1.2a;1;0;0;2;0;0;1;0
800;2026-09-26 13:37:00;MSI;PRO MP273A;10999;4.82;2500;27.0;1920x1080;1920;1080;IPS;100;300;1000;178;178;;0;1;1.4b;1;1.2a;1;0;0;0;0;0;1;0
1039;2026-09-26 13:37:00;MSI;PRO MP273AW;12499;4.82;2500;27.0;1920x1080;1920;1080;IPS;100;300;1000;178;178;;0;1;1.4b;1;1.2a;1;0;0;0;0;0;1;0
1307;2026-09-26 13:37:00;MSI;PRO MP273L E14;10999;0.0;1;27.0;1920x1080;1920;1080;IPS;144;250;1500;178;178;;0;1;2.0;0;;1;0;0;0;0;0;1;0
937;2026-09-26 13:37:00;MSI;PRO MP273Q E14;13799;4.9;10;27.0;2560x1440;2560;1440;IPS;144;300;1500;178;178;;0;2;2.0b;1;1.2a;0;0;0;0;0;0;1;0
1484;2026-09-26 13:37:00;MSI;PRO MP273UP E6;23999;4.8;0;27.0;3840x2160;3840;2160;IPS;60;300;1000;178;178;;0;2;2.0b;1;1.4a;0;0;0;0;0;0;1;0
1029;2026-09-26 13:37:00;MSI;PRO MP273W E14A;11499;0.0;6;27.0;1920x1080;1920;1080;IPS;144;250;1500;178;178;;0;1;2.0;1;1.2a;1;0;0;0;0;0;1;0
823;2026-09-26 13:37:00;MSI;PRO MP275Q;14999;4.84;587;27.0;2560x1440;2560;1440;IPS;100;300;1300;178;178;;0;2;2.0b;1;1.2a;0;0;0;0;0;0;1;0
1082;2026-09-26 13:37:00;MSI;PRO MP275QPDG;30999;4.71;17;27.0;2560x1440;2560;1440;IPS;100;250;1300;178;178;;0;2;2.0b;1;1.2a;0;0;1;4;0;0;1;0
865;2026-09-26 13:37:00;MSI;PRO MP275W E2;11999;4.89;375;27.0;1920x1080;1920;1080;IPS;120;300;1500;178;178;;0;1;2.0;1;1.2a;1;0;0;0;0;0;1;0
1279;2026-09-26 13:37:00;MSI;PRO MP341CQ E12;23999;0.0;1;34.0;3440x1440;3440;1440;VA;120;300;3500;178;178;1500;1;2;2.0b;1;1.4a;0;0;0;0;0;0;1;0
1060;2026-09-26 13:37:00;MSI;PRO MP341CQW;25799;4.81;93;34.0;3440x1440;3440;1440;VA;100;300;3000;178;178;1500;1;2;2.0b;1;1.2a;0;0;0;0;1;0;0;0
1396;2026-09-26 13:37:00;MSI;PRO MP341CQW E12;26999;4.8;0;34.0;3440x1440;3440;1440;VA;120;300;3500;178;178;1500;1;2;2.0b;1;1.4a;0;0;0;0;0;0;1;0
1094;2026-09-26 13:37:00;Machenike;MCF25F200L;11999;4.86;81;24.5;1920x1080;1920;1080;IPS;200;300;1000;178;178;;0;2;2.0;1;1.4;0;0;0;0;0;0;1;0
1156;2026-09-26 13:37:00;Machenike;MCF25F200L-W;11999;4.86;81;24.5;1920x1080;1920;1080;IPS;200;300;1000;178;178;;0;2;2.0;1;1.4;0;0;0;0;0;0;1;0
1183;2026-09-26 13:37:00;Machenike;MCF25F400L;25999;4.56;9;24.5;1920x1080;1920;1080;IPS;400;400;1000;178;178;;0;2;2.0;2;1.4;0;0;0;0;0;0;1;0
1289;2026-09-26 13:37:00;Machenike;MCF27F300L;17999;0.0;12;27.0;1920x1080;1920;1080;IPS;300;300;1000;178;178;;0;2;2.0;2;1.4;0;0;0;0;0;0;1;0
1380;2026-09-26 13:37:00;Machenike;MCQ27F260;16999;3.42;91;27.0;2560x1440;2560;1440;IPS;260;300;1000;178;178;;0;2;2.0;2;1.4;0;0;0;0;0;0;1;0
943;2026-09-26 13:37:00;Machenike;MJF24F200;7999;4.61;109;23.8;1920x1080;1920;1080;IPS;200;250;1000;178;178;;0;2;2.0;1;1.4;0;0;0;0;0;0;1;0
1400;2026-09-26 13:37:00;Machenike;MK-CF25F300M;18599;0.0;1;24.5;1920x1080;1920;1080;IPS;320;600;1000;178;178;;0;2;2.0;1;1.4;0;0;0;0;0;0;1;0
1542;2026-09-26 13:37:00;Machenike;MK-DQ27F280E;49999;4.8;0;26.5;2560x1440;2560;1440;OLED;280;1000;;178;178;;0;2;2.1;1;1.4;0;0;0;4;0;0;1;0
1323;2026-09-26 13:37:00;Machenike;MK-DQ34C240L;34999;0.0;1;34.0;3440x1440;3440;1440;VA;250;400;4000;178;178;;0;2;2.1;1;1.4;0;0;0;0;0;0;1;0
1285;2026-09-26 13:37:00;Machenike;MK-ZF24F200;8499;0.0;3;23.8;1920x1080;1920;1080;IPS;200;250;1000;178;178;;0;2;2.0;1;1.4;0;0;0;0;0;0;1;0
1403;2026-09-26 13:37:00;Machenike;MK-ZQ25F250;17999;0.0;4;24.5;2560x1440;2560;1440;IPS;250;250;1000;178;178;;0;2;2.0;1;1.4;0;0;0;0;0;0;1;0
1023;2026-09-26 13:37:00;Machenike;MK-ZQ27F210L;14799;4.61;47;27.0;2560x1440;2560;1440;IPS;210;400;1000;178;178;;0;2;2.0;1;1.4;0;0;0;0;0;0;1;0
1278;2026-09-26 13:37:00;Machenike;MKF23F180;8999;4.44;127;23.8;1920x1080;1920;1080;IPS;180;250;1000;178;178;;0;2;1.4;1;1.2;0;0;0;0;0;0;1;0
1002;2026-09-26 13:37:00;Machenike;MKF24F240;8999;4.61;81;23.8;1920x1080;1920;1080;IPS;240;300;1000;178;178;;0;2;2.0;1;1.4;0;0;0;0;0;0;1;0
1037;2026-09-26 13:37:00;Machenike;MKF25F300;12999;4.55;168;24.5;1920x1080;1920;1080;IPS;300;400;1000;178;178;;0;2;2.0;1;1.4;0;0;0;0;0;0;1;0
1258;2026-09-26 13:37:00;Machenike;MKF27F240;12999;0.0;4;27.0;1920x1080;1920;1080;IPS;240;300;1000;178;178;;0;2;2.0;1;1.4;0;0;0;0;0;0;1;0
1143;2026-09-26 13:37:00;Machenike;MKF27F240L;13499;4.85;76;27.0;1920x1080;1920;1080;IPS;240;300;1000;178;178;;0;2;2.0;1;1.4;0;0;0;0;0;0;1;0
1028;2026-09-26 13:37:00;Machenike;MKQ27F240-L;18999;4.78;541;27.0;2560x1440;2560;1440;IPS;240;400;1000;178;178;;0;2;2.0;1;1.4;0;0;0;0;0;0;1;0
1062;2026-09-26 13:37:00;Machenike;MKQ27F300L;24999;4.78;541;27.0;2560x1440;2560;1440;IPS;300;400;1000;178;178;;0;2;2.0;1;1.4;0;0;0;0;0;0;1;0
1224;2026-09-26 13:37:00;Machenike;MKQ34C170L;35999;4.55;81;34.0;3440x1440;3440;1440;IPS;170;300;1000;178;178;;0;2;2.0;1;1.4;0;0;1;3;0;0;1;0
1174;2026-09-26 13:37:00;Machenike;MKU27F160L-D;28999;4.93;14;27.0;3840x2160;3840;2160;IPS;160;300;1000;178;178;;0;2;2.0;1;1.4;0;0;0;0;0;0;1;0
1501;2026-09-26 13:37:00;Philips;24B2U3301;19699;4.8;0;23.8;1920x1080;1920;1080;IPS;120;300;1500;178;178;;0;1;1.4;1;1.4;0;0;1;4;0;0;1;0
1048;2026-09-26 13:37:00;Philips;24E1N1100A/01;9499;4.72;95;23.8;1920x1080;1920;1080;IPS;100;250;1300;178;178;;0;1;1.4;0;;1;0;0;0;0;0;1;0
875;2026-09-26 13:37:00;Philips;24E1N2100D;7499;4.83;29;23.8;1920x1080;1920;1080;IPS;120;300;1500;178;178;;0;1;1.4;0;;1;1;0;0;0;0;1;0
1465;2026-09-26 13:37:00;Philips;24E1N5300HE/00;25199;0.0;4;23.8;1920x1080;1920;1080;IPS;75;300;1000;178;178;;0;1;1.4;1;1.2;0;0;1;4;1;0;0;0
1512;2026-09-26 13:37:00;Philips;24E2G2200;10499;4.8;0;23.8;1920x1080;1920;1080;IPS;144;300;1500;178;178;;0;1;1.4;1;1.4;0;0;0;0;0;0;1;0
1159;2026-09-26 13:37:00;Philips;24M1N3200ZS;10999;4.64;110;23.8;1920x1080;1920;1080;IPS;165;250;1100;178;178;;0;2;;1;;0;0;0;0;1;0;0;0
1169;2026-09-26 13:37:00;Philips;25M2N3200W;15999;4.79;196;24.5;1920x1080;1920;1080;VA;240;300;3000;178;178;;0;2;2.0;1;1.4;0;0;0;0;0;0;1;0
1467;2026-09-26 13:37:00;Philips;27E2G2200;11299;4.8;0;27.0;1920x1080;1920;1080;IPS;144;300;1500;178;178;;0;1;2.1;1;1.4;0;0;0;0;0;0;1;0
836;2026-09-26 13:37:00;Philips;27E2N2500;12999;4.86;208;27.0;2560x1440;2560;1440;IPS;120;300;1500;178;178;;0;1;2.0;1;1.4;0;0;0;0;0;0;1;0
861;2026-09-26 13:37:00;Philips;27M2C5200W;13499;4.86;108;27.0;1920x1080;1920;1080;VA;280;300;4000;178;178;1500;1;2;2.0;1;1.4;0;0;0;0;0;0;1;0
1172;2026-09-26 13:37:00;Philips;27M2N3200S;13999;4.73;15;27.0;1920x1080;1920;1080;IPS;180;300;1000;178;178;;0;2;2.0;1;1.4;0;0;0;0;1;0;0;0
931;2026-09-26 13:37:00;Philips;27M2N3500PF;17399;4.43;228;27.0;2560x1440;2560;1440;IPS;260;300;1000;178;178;;0;2;2.0;1;1.4;0;0;0;0;0;0;1;0
994;2026-09-26 13:37:00;Philips;27M2N5500Q/60;19999;4.91;23;27.0;2560x1440;2560;1440;IPS;200;350;1200;178;178;;0;2;2.0;1;1.4;0;0;0;0;0;1;1;0
1429;2026-09-26 13:37:00;Philips;27M2N6500P;55999;4.8;0;26.5;2560x1440;2560;1440;OLED;;400;1000;178;178;;0;2;2.0;1;1.4;0;0;0;3;0;0;1;0
1444;2026-09-26 13:37:00;Philips;27M2N8800;91999;4.8;0;27.0;3840x2160;3840;2160;OLED;;300;1000;178;178;;0;2;2.1;1;2.1;0;0;0;3;1;1;0;0
1214;2026-09-26 13:37:00;Philips;32E1N1800LA;24999;4.42;18;31.5;3840x2160;3840;2160;VA;60;300;3500;178;178;;0;2;2.0;1;1.4;0;0;0;0;0;0;0;0
1319;2026-09-26 13:37:00;Philips;32M2C3200WL;19999;0.0;1;31.5;1920x1080;1920;1080;VA;260;300;3500;178;178;1500;1;2;2.0;1;1.4;0;0;0;0;0;0;1;0
1163;2026-09-26 13:37:00;Philips;34M2C3500L;27499;4.66;16;34.0;3440x1440;3440;1440;VA;180;300;4000;178;178;1500;1;2;2.0;1;1.4;0;0;0;0;0;0;1;0
1302;2026-09-26 13:37:00;Philips;Evnia 32M1C5200W;22499;0.0;8;31.5;1920x1080;1920;1080;VA;240;300;3500;178;178;1500;1;2;2.0;1;1.4;0;0;0;0;0;0;0;0
1230;2026-09-26 13:37:00;Philips;Evnia 32M2C5501;29499;0.0;3;31.5;2560x1440;2560;1440;VA;180;300;3500;178;178;1500;1;2;2.0;1;1.4;0;0;0;0;1;1;0;0
1235;2026-09-26 13:37:00;Philips;Evnia 32M2N8800/60;89999;4.91;12;31.5;3840x2160;3840;2160;OLED;240;1000;1500000;178;178;;0;2;2.1;1;1.4;0;0;0;2;0;1;1;0
1185;2026-09-26 13:37:00;Raskat;I27Q7D;8899;4.48;39;27.0;2560x1440;2560;1440;IPS;75;250;1000;178;178;;0;2;;1;;0;0;0;0;0;0;0;0
990;2026-09-26 13:37:00;Samsung;Essential S3 S30GD S27D300GAI;10199;4.74;142;27.0;1920x1080;1920;1080;IPS;100;250;1000;178;178;;0;1;1.4;0;;1;0;0;0;0;0;0;0
965;2026-09-26 13:37:00;Samsung;Essential S3 S32GF S27F320GAI;9599;4.84;97;27.0;1920x1080;1920;1080;IPS;120;250;1000;178;178;;0;2;1.4;0;;0;0;0;0;0;0;0;0
1378;2026-09-26 13:37:00;Samsung;LS24DG302EIXCI;13999;4.7;0;24.0;1920x1080;1920;1080;VA;;;;;;;0;1;;0;;0;0;0;0;0;0;0;0
1439;2026-09-26 13:37:00;Samsung;LS27DG302EIXCI;17499;4.7;0;27.0;1920x1080;1920;1080;VA;;;;;;;0;1;;0;;0;0;0;0;0;0;0;0
897;2026-09-26 13:37:00;Samsung;LS27HG610SIXCI;45999;4.92;27;27.0;2560x1440;2560;1440;OLED;240;400;1000000;178;178;;0;1;2.1;1;1.4;0;0;0;0;1;0;0;0
1072;2026-09-26 13:37:00;Samsung;M7 M70F S32FM702UI;28999;4.85;34;32.0;3840x2160;3840;2160;VA;60;300;3000;178;178;;0;2;2.0;0;;0;0;1;3;0;0;0;1
1370;2026-09-26 13:37:00;Samsung;Odyssey 3D G90XF S27FG900XI;89999;0.0;7;27.0;3840x2160;3840;2160;IPS;165;350;1000;178;178;;0;2;2.1;1;1.4;0;0;0;2;1;1;0;0
1363;2026-09-26 13:37:00;Samsung;Odyssey Ark G97NC S55CG97WNI;199999;4.63;17;55.0;3840x2160;3840;2160;VA;165;600;1000000;178;178;1000;1;1;2.0;1;1.4;0;0;0;2;1;0;0;1
934;2026-09-26 13:37:00;Samsung;Odyssey G3 G30D S24DG300EI;13999;4.82;209;24.0;1920x1080;1920;1080;VA;180;250;3000;178;178;;0;1;2.0;1;1.4;0;0;0;0;1;0;0;0
974;2026-09-26 13:37:00;Samsung;Odyssey G3 G30D S27DG300EI;13499;4.79;114;27.0;1920x1080;1920;1080;VA;180;250;3000;178;178;;0;1;2.0;1;1.4;0;0;0;0;1;0;0;0
922;2026-09-26 13:37:00;Samsung;Odyssey G3 G30D S32DG300EI;22799;4.82;209;32.0;1920x1080;1920;1080;VA;180;250;3000;178;178;;0;1;2.0;1;1.4;0;0;0;0;1;0;0;0
1309;2026-09-26 13:37:00;Samsung;Odyssey G4;19999;0.0;1;25.0;1920x1080;1920;1080;IPS;;240;1000;178;178;;0;1;2.0;1;1.2;0;0;0;0;1;1;0;0
864;2026-09-26 13:37:00;Samsung;Odyssey G4 G40B S25BG400EI;17199;4.71;810;25.0;1920x1080;1920;1080;IPS;240;400;1000;178;178;;0;2;2.0;1;1.2;0;0;0;0;1;1;0;0
1034;2026-09-26 13:37:00;Samsung;Odyssey G4 G40B S27BG400EI;20599;4.82;211;27.0;1920x1080;1920;1080;IPS;240;400;1000;178;178;;0;2;2.0;1;1.2;0;0;0;0;1;1;0;0
1325;2026-09-26 13:37:00;Samsung;Odyssey G4 S27HG400EI;22999;4.7;0;27.0;1920x1080;1920;1080;IPS;240;400;1000;178;178;;0;2;2.0;1;1.2;0;0;0;0;1;0;0;0
1097;2026-09-26 13:37:00;Samsung;Odyssey G5 G50D S27DG500EI;24999;4.56;207;27.0;2560x1440;2560;1440;IPS;180;350;1000;178;178;;0;1;;1;;0;0;0;0;1;0;0;0
847;2026-09-26 13:37:00;Samsung;Odyssey G5 G50F;23999;4.83;71;32.0;2560x1440;2560;1440;IPS;180;240;1000;178;178;;0;1;2.0;1;1.2;0;0;0;0;1;1;0;0
866;2026-09-26 13:37:00;Samsung;Odyssey G5 G50F;17999;4.72;55;27.0;2560x1440;2560;1440;IPS;180;300;1000;178;178;;0;1;2.0;1;1.2;0;0;0;0;1;1;0;0
819;2026-09-26 13:37:00;Samsung;Odyssey G5 G50SF S27FG502SI;37999;4.86;540;27.0;2560x1440;2560;1440;OLED;180;200;1000000;178;178;;0;1;2.0;1;1.2;0;0;0;0;1;1;0;0
807;2026-09-26 13:37:00;Samsung;Odyssey G5 G53F S27FG532EI;17499;4.83;632;27.0;2560x1440;2560;1440;IPS;200;300;1000;178;178;;0;2;2.0;1;1.4;0;0;0;0;1;0;0;0
871;2026-09-26 13:37:00;Samsung;Odyssey G5 G55C S27CG550EI;16499;4.71;224;27.0;2560x1440;2560;1440;VA;165;300;2500;178;178;1000;1;1;2.0;1;1.2;0;0;0;0;1;0;0;0
984;2026-09-26 13:37:00;Samsung;Odyssey G5 G55C S32CG550EI;22299;4.69;200;31.5;2560x1440;2560;1440;VA;165;300;2500;178;178;1000;1;1;2.0;1;1.2;0;0;0;0;1;0;0;0
833;2026-09-26 13:37:00;Samsung;Odyssey G5 G55T C34G55TWWI;23999;4.64;957;34.0;3440x1440;3440;1440;VA;165;250;2500;178;178;1000;1;1;2.0;1;1.4;0;0;0;0;1;0;0;0
883;2026-09-26 13:37:00;Samsung;Odyssey G6 S27FG606EI;31999;4.69;186;27.0;2560x1440;2560;1440;IPS;350;350;1000;178;178;;0;1;2.1;1;1.4;0;0;0;0;1;1;0;0
1144;2026-09-26 13:37:00;Samsung;Odyssey G7 G70D S32DG702EI;54299;4.48;48;32.0;3840x2160;3840;2160;IPS;144;350;1000;178;178;;0;2;2.1;1;1.4;0;0;0;2;1;1;0;1
1046;2026-09-26 13:37:00;Samsung;Odyssey G7 G70F S27FG706EI;43499;4.89;31;27.0;3840x2160;3840;2160;IPS;180;350;1000;178;178;;0;2;2.1;1;1.4;0;0;0;2;1;1;0;0
1132;2026-09-26 13:37:00;Samsung;Odyssey G7 G75F S37FG756EI;62999;4.67;41;37.0;3840x2160;3840;2160;VA;165;350;3000;178;178;1000;1;2;2.1;1;1.4;0;0;0;2;1;0;0;0
1055;2026-09-26 13:37:00;Samsung;Odyssey G7 G75F S40FG756EI;77999;4.86;37;40.0;5120x2160;5120;2160;VA;180;350;3000;178;178;1000;1;2;2.1;1;1.4;0;0;0;2;1;0;0;0
1304;2026-09-26 13:37:00;Samsung;Odyssey G8 G80HS S32HG802ES;125499;0.0;1;31.5;6144x3456;6144;3456;IPS;165;400;1000;178;178;;0;2;2.1;1;2.1;0;0;0;2;1;1;0;0
1497;2026-09-26 13:37:00;Samsung;Odyssey G8 G80SH LS27HG802SIXCI;101999;4.7;0;27.0;3840x2160;3840;2160;OLED;240;250;1500000;178;178;;0;2;2.1;1;2.1;0;0;1;1;1;1;0;0
918;2026-09-26 13:37:00;Samsung;Odyssey G8 G85SD S34DG852SI;76299;4.87;174;34.0;3440x1440;3440;1440;OLED;175;250;1000000;178;178;1800;1;2;2.1;1;1.4;0;0;0;2;1;1;0;1
1270;2026-09-26 13:37:00;Samsung;Odyssey G9 G91F S49FG916EI;84999;4.33;6;49.0;5120x1440;5120;1440;VA;144;350;2500;178;178;1000;1;2;2.1;1;1.4;0;0;0;2;1;0;0;0
1202;2026-09-26 13:37:00;Samsung;Odyssey Neo G7 G75NB S32BG752NI;66999;4.65;122;32.0;3840x2160;3840;2160;VA;165;350;1000000;178;178;1000;1;2;2.1;1;1.4;0;0;0;2;1;0;0;0
1198;2026-09-26 13:37:00;Samsung;Odyssey Neo G9 G95NC S57CG952NI;189999;4.45;54;57.0;7680x2160;7680;2160;VA;240;420;2500;178;178;1000;1;3;2.1;1;2.1;0;0;0;2;1;0;0;0
1430;2026-09-26 13:37:00;Samsung;Odyssey Neo G9 S49AG950NI;149999;4.51;139;48.7;5120x1440;5120;1440;VA;240;420;1000000;178;178;1000;1;2;2.1;1;1.4;0;0;0;2;1;1;0;0
873;2026-09-26 13:37:00;Samsung;Odyssey OLED G6 G60SD S27DG600SI;58999;4.76;422;27.0;2560x1440;2560;1440;OLED;360;250;1000000;178;178;;0;2;2.1;1;1.4;0;0;0;2;1;0;0;0
1014;2026-09-26 13:37:00;Samsung;Odyssey OLED G6 G61SD S27DG612SI;61999;4.8;327;27.0;2560x1440;2560;1440;OLED;240;250;1000000;178;178;;0;2;2.1;1;1.4;0;0;0;2;1;1;0;0
891;2026-09-26 13:37:00;Samsung;Odyssey OLED G6 S27FG602SI;69999;4.77;189;27.0;2560x1440;2560;1440;OLED;500;300;1000000;178;178;;0;2;2.1;1;1.4;0;0;0;2;1;1;0;0
1320;2026-09-26 13:37:00;Samsung;Odyssey OLED G8 G80SH;95799;4.7;0;32.0;3840x2160;3840;2160;OLED;240;300;1000;178;178;;0;2;2.1;1;2.1;0;0;1;2;1;1;0;0
1042;2026-09-26 13:37:00;Samsung;Odyssey OLED G8 G81SF S27FG812SI;79999;4.9;25;27.0;3840x2160;3840;2160;OLED;240;260;1000000;178;178;;0;2;2.1;1;1.4;0;0;0;2;1;1;0;0
1104;2026-09-26 13:37:00;Samsung;Odyssey OLED G9 G91SD S49DG910SI;93999;4.85;75;49.0;5120x1440;5120;1440;OLED;144;250;1000000;178;178;1800;1;1;2.1;1;1.4;0;0;0;2;1;1;0;0
940;2026-09-26 13:37:00;Samsung;Odyssey OLED G9 G93SD S49DG932SI;94999;4.78;103;49.0;5120x1440;5120;1440;OLED;240;250;1000000;178;178;1800;1;1;2.1;1;1.4;0;0;0;2;1;1;0;0
1472;2026-09-26 13:37:00;Samsung;Odyssey OLED G9 G95SC S49CG954SI;189999;4.86;21;49.0;5120x1440;5120;1440;OLED;240;250;1000000;178;178;1800;1;1;2.1;1;1.4;0;0;0;3;1;0;0;1
1102;2026-09-26 13:37:00;Samsung;Odyssey OLED G9 G95SD S49DG952SI;103999;4.91;55;49.0;5120x1440;5120;1440;OLED;240;250;1000000;178;178;1800;1;1;2.1;1;1.4;0;0;0;2;1;1;0;1
956;2026-09-26 13:37:00;Samsung;S3 S30GD S24D300GAI;8299;4.6;101;24.0;1920x1080;1920;1080;IPS;100;250;1000;178;178;;0;1;1.4;0;;1;0;0;0;0;0;0;0
802;2026-09-26 13:37:00;Samsung;S3 S32GF S24F320GAI;7999;4.79;404;24.0;1920x1080;1920;1080;IPS;120;250;1000;178;178;;0;2;1.4;0;;0;0;0;0;0;0;0;0
1056;2026-09-26 13:37:00;Samsung;S4 S40GD S24D400GAI;11999;4.66;65;24.0;1920x1080;1920;1080;IPS;100;250;1000;178;178;;0;2;1.4;1;1.2;0;0;0;2;0;0;0;0
869;2026-09-26 13:37:00;Samsung;S4 S40GD S27D400GAI;12399;4.77;48;27.0;1920x1080;1920;1080;IPS;100;250;1000;178;178;;0;2;1.4;1;1.2;0;0;0;2;0;0;0;0
1288;2026-09-26 13:37:00;Samsung;Smart LS32FM703UIXCI;28299;0.0;2;32.0;3840x2160;3840;2160;VA;60;300;3000;178;178;;0;2;2.0;0;;0;0;0;3;0;0;0;1
1114;2026-09-26 13:37:00;Samsung;Smart M7 S43FM702UI;39999;4.66;40;43.0;3840x2160;3840;2160;VA;60;300;5000;178;178;;0;2;2.0;0;;0;0;1;3;0;0;0;1
1265;2026-09-26 13:37:00;Samsung;Smart M8 M80F S32FM803UI UHD;44999;4.8;5;31.5;3840x2160;3840;2160;VA;60;300;3000;178;178;;0;1;2.0;0;;0;0;1;2;0;0;0;1
1458;2026-09-26 13:37:00;Samsung;ViewFinity S6 S60UD S24D604UAU;25199;4.7;0;24.0;2560x1440;2560;1440;IPS;100;350;1000;178;178;;0;1;2.0;1;1.4;0;0;1;2;0;0;0;0
1180;2026-09-26 13:37:00;Samsung;ViewFinity S6 S60UD S32D604UAI;29999;4.67;82;31.5;2560x1440;2560;1440;IPS;100;350;1000;178;178;;0;1;2.0;1;1.4;0;0;1;3;0;0;0;0
882;2026-09-26 13:37:00;Samsung;ViewFinity S6 S61F S27F610EAI;15899;4.91;85;27.0;2560x1440;2560;1440;IPS;100;300;1000;178;178;;0;1;2.0;1;1.2;0;0;0;0;0;0;0;0
1478;2026-09-26 13:37:00;Samsung;ViewFinity S6 S65VC S34C650VAI;44999;0.0;2;34.0;3440x1440;3440;1440;VA;100;350;3000;178;178;1000;1;1;2.0;1;1.2;0;0;1;2;1;0;0;0
1194;2026-09-26 13:37:00;Samsung;ViewFinity S7 S70D S37D702EAI;42999;4.83;6;37.0;3840x2160;3840;2160;VA;60;350;3000;178;178;;0;2;2.1;1;1.4;0;0;0;0;0;0;0;0
1357;2026-09-26 13:37:00;Samsung;ViewFinity S7 S70H;28599;4.7;0;32.0;3840x2160;3840;2160;VA;60;300;3000;178;178;;0;1;2.0;1;1.2;0;0;0;1;0;0;0;0
1407;2026-09-26 13:37:00;Samsung;ViewFinity S7 S70H 4K UHD S27H700EAI;25599;4.7;0;27.0;3840x2160;3840;2160;IPS;60;300;1000;178;178;;0;1;2.0;1;1.2;0;0;0;0;0;0;0;0
1388;2026-09-26 13:37:00;Samsung;ViewFinity S8;121999;4.7;0;40.0;5120x2160;5120;2160;VA;144;350;3000;178;178;1000;1;1;2.1;1;1.4;0;0;1;1;1;0;0;0
1419;2026-09-26 13:37:00;Samsung;ViewFinity S8 S80H S27H804EAI;29799;4.7;0;27.0;3840x2160;3840;2160;IPS;60;280;1000;178;178;;0;1;2.0;1;1.2;0;0;0;3;0;0;0;0
1507;2026-09-26 13:37:00;Samsung;ViewFinity S8 S80H S32H804EAI;33999;4.7;0;31.5;3840x2160;3840;2160;VA;60;280;3000;178;178;;0;1;2.0;1;1.2;0;0;0;3;0;0;0;0
1164;2026-09-26 13:37:00;Samsung;ViewFinity S8 S80HF;58999;0.0;1;27.0;5120x2880;5120;2880;IPS;60;350;1000;178;178;;0;1;2.1;1;1.4;0;0;1;4;0;0;0;0
1382;2026-09-26 13:37:00;Samsung;ViewFinity S8 S80PB S27B800PXI;44299;4.66;33;27.0;3840x2160;3840;2160;IPS;60;350;1000;178;178;;0;1;2.0;1;1.4;0;0;1;3;0;0;0;0
1312;2026-09-26 13:37:00;Samsung;ViewFinity S8 S80PB S32B800PXI;55799;4.45;22;32.0;3840x2160;3840;2160;IPS;60;350;1000;178;178;;0;1;2.0;1;1.4;0;0;1;3;0;0;0;0
1079;2026-09-26 13:37:00;Samsung;ViewFinity S8 S80UD S37D802UAI;39999;4.78;41;37.0;3840x2160;3840;2160;VA;60;350;3000;178;178;;0;1;2.0;1;1.2;0;0;0;3;0;0;0;0
1404;2026-09-26 13:37:00;Samsung;ViewFinity S8 S80UH S27H804UAI;32999;4.7;0;27.0;3840x2160;3840;2160;IPS;60;350;1000;178;178;;0;1;2.0;1;1.2;0;0;1;4;0;0;0;0
1369;2026-09-26 13:37:00;Samsung;ViewFinity S8 S80UH S32H804UAI;34999;4.7;0;31.5;3840x2160;3840;2160;VA;60;350;3000;178;178;;0;1;2.0;1;1.2;0;0;1;4;0;0;0;0
1345;2026-09-26 13:37:00;Samsung;ViewFinity S9 S95UC S49C950UAI;87999;4.75;4;49.0;5120x1440;5120;1440;VA;120;350;3000;178;178;1000;1;2;2.0;1;1.4;0;0;1;3;0;0;0;0
842;2026-09-26 13:37:00;TCL;25G64;15999;4.77;664;24.5;1920x1080;1920;1080;IPS;300;600;1000;178;178;;0;2;2.1;1;1.4;0;0;0;0;1;1;0;0
1257;2026-09-26 13:37:00;TCL;25P1AD;11999;0.0;2;24.5;1920x1080;1920;1080;IPS;;400;;178;178;;0;2;2.0;1;1.4;0;0;0;0;1;1;0;0
1511;2026-09-26 13:37:00;TCL;25P2A Pro;29999;4.8;0;24.5;2560x1440;2560;1440;IPS;360;800;;178;178;;0;1;2.1;1;1.4;0;0;0;0;1;0;0;0
1067;2026-09-26 13:37:00;TCL;27C2A;33999;4.81;16;27.0;3840x2160;3840;2160;IPS;160;1200;1000;178;178;;0;2;2.1;1;1.4;0;0;0;0;1;1;1;0
898;2026-09-26 13:37:00;TCL;27G64 QD;19999;4.81;479;27.0;2560x1440;2560;1440;VA;180;600;5000;178;178;;0;2;2.1;1;1.4;0;0;0;0;1;1;0;0
1428;2026-09-26 13:37:00;TCL;27P1AD;14999;0.0;1;27.0;1920x1080;1920;1080;IPS;;400;;178;178;;0;2;2.0;1;1.4;0;0;0;0;1;1;0;0
1083;2026-09-26 13:37:00;TCL;27P2A;17999;4.55;11;27.0;2560x1440;2560;1440;IPS;200;600;;178;178;;0;2;2.1;1;1.4;0;0;0;0;1;1;0;0
925;2026-09-26 13:37:00;TCL;27P2A PRO;23999;0.0;24;27.0;2560x1440;2560;1440;IPS;320;800;1000;178;178;;0;2;2.1;1;1.4;0;0;0;0;1;0;0;0
904;2026-09-26 13:37:00;TCL;27P3A;25999;4.69;56;27.0;2560x1440;2560;1440;IPS;260;1200;1000;178;178;;0;2;2.1;1;1.4;0;0;0;0;1;0;1;0
991;2026-09-26 13:37:00;TCL;32G64 QD-MiniLED;29999;4.73;188;32.0;2560x1440;2560;1440;VA;180;600;3500;178;178;;0;2;2.1;1;1.4;0;0;0;0;1;1;0;0
1070;2026-09-26 13:37:00;TCL;32R84;63999;4.9;21;31.5;3840x2160;3840;2160;VA;165;1400;4000;178;178;;0;2;2.1;1;1.4;0;0;1;4;1;1;1;0
1188;2026-09-26 13:37:00;TCL;32X3A;84999;4.73;11;32.0;3840x2160;3840;2160;OLED;240;1300;1500000;178;178;;0;2;2.1;1;2.1;0;0;1;4;1;0;1;0
1093;2026-09-26 13:37:00;Tecno;MegaView GT AXS34MK1;23199;4.87;55;34.0;3440x1440;3440;1440;VA;;;;;;1500;1;2;;0;;0;0;0;0;0;0;0;0
1006;2026-09-26 13:37:00;Tecno;MegaView SE AXS24BC1;5999;4.85;48;23.8;1920x1080;1920;1080;IPS;100;320;1000;178;178;;0;1;2.0;0;;1;0;0;0;0;0;0;0
1142;2026-09-26 13:37:00;Titan;Army C24A1G;9199;4.84;39;23.6;1920x1080;1920;1080;VA;180;300;3000;89;89;1500;1;2;2.0;2;1.4;0;0;0;0;0;0;1;0
1196;2026-09-26 13:37:00;Titan;Army C32A1R;19999;4.69;19;31.5;2560x1440;2560;1440;VA;180;300;3000;89;89;1500;1;2;2.0;2;1.4;0;0;0;0;0;0;1;0
1337;2026-09-26 13:37:00;Titan;Army C49SH;59499;4.56;108;49.0;3840x1080;3840;1080;VA;144;400;3000;178;178;1800;1;1;2.1;1;1.4;0;0;0;0;0;0;1;0
1173;2026-09-26 13:37:00;Titan;Army N27SQ PLUS;16899;4.61;442;27.0;2560x1440;2560;1440;VA;144;300;4000;178;178;1500;1;2;1.4;2;1.2;0;0;0;0;0;0;1;0
1213;2026-09-26 13:37:00;Titan;Army N32SQ PLUS;19999;4.6;185;31.5;2560x1440;2560;1440;VA;144;300;3000;178;178;1500;1;2;1.4;2;1.2;0;0;0;0;0;0;1;0
1184;2026-09-26 13:37:00;Titan;Army P23H2M;11299;4.43;273;23.3;2560x1080;2560;1080;VA;200;300;4000;178;178;;0;2;2.0;1;1.4;0;0;0;0;0;0;1;0
1341;2026-09-26 13:37:00;Titan;Army P2410G;9999;4.72;89;23.8;1920x1080;1920;1080;IPS;180;320;1000;178;178;;0;1;2.0;1;1.4;0;0;0;0;0;0;1;0
1222;2026-09-26 13:37:00;Titan;Army P24H2G;9599;4.67;442;23.8;1920x1080;1920;1080;VA;165;300;4000;178;178;;0;1;1.4;1;1.2;0;0;0;0;0;0;1;0
1322;2026-09-26 13:37:00;Titan;Army P24H3G;11299;4.78;467;23.6;1920x1080;1920;1080;VA;180;250;3000;178;178;1500;1;2;2.1;1;1.4;0;0;0;0;0;0;1;0
1058;2026-09-26 13:37:00;Titan;Army P2510G;9599;4.8;50;24.5;1920x1080;1920;1080;IPS;200;350;1000;178;178;;0;1;2.0;1;1.4;0;0;0;0;1;0;0;0
1057;2026-09-26 13:37:00;Titan;Army P2510H;10799;4.8;238;24.5;1920x1080;1920;1080;IPS;240;350;1000;178;178;;0;2;2.0;2;1.4;0;0;0;0;0;0;1;0
1040;2026-09-26 13:37:00;Titan;Army P2510S;16199;4.88;8;24.5;2560x1440;2560;1440;IPS;240;350;1000;178;178;;0;2;2.0;2;1.4;0;0;0;0;0;0;1;0
1268;2026-09-26 13:37:00;Titan;Army P2710G;11199;4.8;25;27.0;1920x1080;1920;1080;VA;180;300;4000;178;178;;0;1;2.0;1;1.4;0;0;0;0;0;0;1;0
1315;2026-09-26 13:37:00;Titan;Army P2710R;18199;4.8;20;27.0;2560x1440;2560;1440;IPS;180;320;1000;178;178;2710;1;2;2.0;2;1.4;0;0;0;0;0;0;1;0
988;2026-09-26 13:37:00;Titan;Army P27A2R;15999;4.72;977;27.0;2560x1440;2560;1440;IPS;200;300;1000;178;178;2;1;2;2.0;2;1.4;0;0;0;0;0;0;1;0
1346;2026-09-26 13:37:00;Titan;Army P27A2V;33999;4.78;89;27.0;3840x2160;3840;2160;IPS;160;300;1000;178;178;;0;2;2.1;1;1.4;0;0;1;2;0;0;1;0
1413;2026-09-26 13:37:00;Titan;Army P27A6V;51299;4.66;78;27.0;3840x2160;3840;2160;IPS;160;1000;1000;178;178;;0;2;2.1;1;1.4;0;0;1;0;0;0;1;0
1122;2026-09-26 13:37:00;Titan;Army P27H2G;11299;4.76;610;27.0;1920x1080;1920;1080;VA;165;300;4000;178;178;;0;1;1.4;1;1.2;0;0;0;0;0;0;1;0
1225;2026-09-26 13:37:00;Titan;Army P40UG;34999;4.53;262;40.0;3440x1440;3440;1440;IPS;144;350;1200;178;178;;0;2;2.0;1;1.4;0;0;1;0;0;0;1;0
1021;2026-09-26 13:37:00;Xiaomi;A22i;6999;4.75;133;21.45;1920x1080;1920;1080;VA;75;250;3000;178;178;;0;1;1.4;0;;1;0;0;0;0;0;0;0
814;2026-09-26 13:37:00;Xiaomi;A24i;8199;4.84;954;23.8;1920x1080;1920;1080;IPS;100;250;1000;178;178;;0;1;1.4;1;1.2;0;0;0;0;0;0;0;0
815;2026-09-26 13:37:00;Xiaomi;A24i 2026;7799;4.87;119;23.8;1920x1080;1920;1080;IPS;144;300;1500;178;178;;0;1;2.0;1;1.4;0;0;0;0;0;0;0;0
812;2026-09-26 13:37:00;Xiaomi;A27Qi 2026;13399;4.88;93;27.0;2560x1440;2560;1440;IPS;120;300;1300;178;178;;0;1;2.0;1;1.4;0;0;0;0;0;0;0;0
808;2026-09-26 13:37:00;Xiaomi;A27i;10699;4.84;604;27.0;1920x1080;1920;1080;IPS;100;250;1000;178;178;;0;1;2.0;1;1.2;0;0;0;0;0;0;0;0
1469;2026-09-26 13:37:00;Xiaomi;A27i 2026;9999;4.8;0;27.0;1920x1080;1920;1080;IPS;144;300;1500;178;178;;0;1;2.0;1;1.4;0;0;0;0;0;0;0;0
856;2026-09-26 13:37:00;Xiaomi;Curved Gaming Monitor G34WQi 2026;29999;4.71;45;34.0;3440x1440;3440;1440;VA;180;350;4000;178;178;1500;1;2;2.0;2;1.4;0;0;0;0;1;0;0;0
1013;2026-09-26 13:37:00;Xiaomi;G Pro 27Qi;28799;4.79;15;27.0;2560x1440;2560;1440;IPS;180;2000;1000;178;178;;0;2;2.0;2;1.4;0;0;0;0;1;0;1;0
809;2026-09-26 13:37:00;Xiaomi;G24i 2026;10799;4.85;667;23.8;1920x1080;1920;1080;IPS;200;400;1000;178;178;;0;1;2.0;1;1.4;0;0;0;0;1;1;0;0
1353;2026-09-26 13:37:00;Xiaomi;G25i 2026;12999;0.0;2;24.5;1920x1080;1920;1080;IPS;;400;1000;178;178;;0;1;2.0;1;1.4;0;0;0;0;1;0;0;0
803;2026-09-26 13:37:00;Xiaomi;G27Qi 2026;15899;4.84;431;27.0;2560x1440;2560;1440;IPS;200;400;1000;178;178;;0;2;2.0;2;1.4;0;0;0;0;1;0;0;0
829;2026-09-26 13:37:00;Xiaomi;G27i 2026;11999;4.83;270;27.0;1920x1080;1920;1080;IPS;200;400;1000;178;178;;0;1;2.0;1;1.4;0;0;0;0;1;1;0;0
851;2026-09-26 13:37:00;Xiaomi;G27i 2026;11999;4.83;270;27.0;1920x1080;1920;1080;IPS;200;400;1000;178;178;;0;1;2.0;1;1.4;0;0;0;0;1;0;0;0
1218;2026-09-26 13:37:00;Xiaomi;Mini LED Gaming Monitor G Pro 27i;29199;4.56;198;27.0;2560x1440;2560;1440;IPS;180;1000;1000;178;178;;0;2;2.0;2;1.4;0;0;0;0;1;0;0;0
952;2026-09-26 13:37:00;iFFALCON;R24Q51;6999;4.88;58;24.0;1920x1080;1920;1080;VA;100;450;1500;178;178;;0;1;1.4;0;;1;0;0;0;0;0;0;0
959;2026-09-26 13:37:00;iFFALCON;R25Q51;8999;4.92;135;24.5;1920x1080;1920;1080;IPS;144;450;1500;178;178;;0;1;1.4;0;;1;0;0;0;0;0;0;0
1442;2026-09-26 13:37:00;Монитор;27M2N3200NF;13999;4.8;0;27.0;1920x1080;1920;1080;IPS;144;300;1500;178;178;;0;1;1.4;1;1.4;0;0;0;0;0;1;1;0
745;2026-08-01 19:51:00;AIWA;MF270L-Y;10399;0.0;1;27.0;1920x1080;1920;1080;VA;165;250;3000;178;178;;0;1;1.4;1;;0;0;0;0;0;0;0;0
463;2026-08-01 19:51:00;AOC;16T20;10199;4.9;21;15.6;1920x1080;1920;1080;IPS;60;230;800;178;178;;0;1;2.0;0;;0;0;1;0;0;0;0;0
554;2026-08-01 19:51:00;AOC;22B30HM2;7199;4.77;29;21.5;1920x1080;1920;1080;VA;100;250;3000;178;178;;0;1;1.4;0;;1;0;0;0;0;0;1;0
192;2026-08-01 19:51:00;AOC;24B15H3;6999;0.0;18;23.8;1920x1080;1920;1080;IPS;120;250;1000;178;178;;0;1;1.4;0;;1;0;0;0;0;0;0;0
345;2026-08-01 19:51:00;AOC;24B2XHM2;9499;4.75;173;23.8;1920x1080;1920;1080;VA;75;250;3000;178;178;;0;1;1.4;0;;1;0;0;0;0;0;0;0
637;2026-08-01 19:51:00;AOC;24B30HM2;7299;4.82;11;23.8;1920x1080;1920;1080;VA;100;250;4000;178;178;;0;1;1.4;0;;1;0;0;0;0;0;1;0
14;2026-08-01 19:51:00;AOC;24B36H;6999;4.83;128;23.8;1920x1080;1920;1080;IPS;120;250;1500;178;178;;0;1;1.4;0;;1;0;0;0;0;0;1;0
39;2026-08-01 19:51:00;AOC;24B36X;8599;4.82;314;23.8;1920x1080;1920;1080;IPS;144;250;1500;178;178;;0;1;1.4;1;1.4;0;0;0;0;0;0;1;0
144;2026-08-01 19:51:00;AOC;24B3HA2;8099;4.94;31;23.8;1920x1080;1920;1080;IPS;100;250;1500;178;178;;0;1;1.4;0;;1;0;0;0;0;0;1;0
102;2026-08-01 19:51:00;AOC;24G11ZE;11999;4.62;135;23.8;1920x1080;1920;1080;IPS;240;300;1000;178;178;;0;1;2.0;1;1.4;0;0;0;0;0;0;1;0
513;2026-08-01 19:51:00;AOC;24G2SP;15499;4.5;1200;23.8;1920x1080;1920;1080;IPS;165;300;1000;178;178;;0;2;1.4;1;1.2;1;0;0;0;1;0;1;0
576;2026-08-01 19:51:00;AOC;24G2SPAE;7499;4.34;1100;23.8;1920x1080;1920;1080;IPS;165;300;1000;178;178;;0;2;1.4;1;1.2;1;0;0;0;1;0;0;0
592;2026-08-01 19:51:00;AOC;24G2ZE/BK;14799;4.52;198;23.8;1920x1080;1920;1080;IPS;240;350;1000;178;178;;0;2;2.0;1;1.2;0;0;0;0;1;0;0;0
355;2026-08-01 19:51:00;AOC;24G42E;10199;4.77;14;23.8;1920x1080;1920;1080;IPS;180;300;1000;178;178;;0;2;2.0;1;1.4;0;0;0;0;0;0;1;0
651;2026-08-01 19:51:00;AOC;24G4E;11999;4.6;13;23.8;1920x1080;1920;1080;IPS;180;300;1000;178;178;;0;1;2.0;1;1.4;0;0;0;0;0;1;1;0
641;2026-08-01 19:51:00;AOC;24G4X;17999;4.33;28;23.8;1920x1080;1920;1080;IPS;180;300;1000;178;178;;0;2;2.0;1;1.4;0;0;0;0;0;1;1;0
583;2026-08-01 19:51:00;AOC;24G4XED;13999;4.81;28;23.8;1920x1080;1920;1080;IPS;180;300;1000;178;178;;0;2;2.0;1;1.4;0;0;0;0;0;1;1;0
696;2026-08-01 19:51:00;AOC;25B36H;9099;4.89;9;24.5;1920x1080;1920;1080;IPS;100;250;1300;178;178;;0;1;1.4;0;;1;0;0;0;0;0;1;0
410;2026-08-01 19:51:00;AOC;25B36H3;8499;4.76;17;24.5;1920x1080;1920;1080;IPS;120;300;1300;178;178;;0;1;2.0;0;;1;0;0;0;0;0;1;0
258;2026-08-01 19:51:00;AOC;25B36X;9599;4.77;52;24.5;1920x1080;1920;1080;IPS;144;300;1500;178;178;;0;1;1.4;1;1.4;0;0;0;0;0;0;0;0
377;2026-08-01 19:51:00;AOC;25G42E;10499;4.83;100;24.5;1920x1080;1920;1080;IPS;180;300;1000;178;178;;0;1;2.0;1;1.4;0;0;0;0;0;0;1;0
143;2026-08-01 19:51:00;AOC;25G4S;17899;4.87;73;24.5;1920x1080;1920;1080;IPS;310;400;1000;178;178;;0;2;2.0;1;1.4;0;0;0;0;0;1;0;0
568;2026-08-01 19:51:00;AOC;27B2H/EU;12999;4.81;691;27.0;1920x1080;1920;1080;IPS;75;250;1000;178;178;;0;1;1.4;0;;1;0;0;0;0;0;0;0
30;2026-08-01 19:51:00;AOC;27B30H3;8599;4.87;149;27.0;1920x1080;1920;1080;IPS;120;300;1500;178;178;;0;1;1.4;0;;1;0;0;0;0;0;0;0
284;2026-08-01 19:51:00;AOC;27B36H;9499;4.65;12;27.0;1920x1080;1920;1080;IPS;100;250;1500;178;178;;0;1;1.4;0;;1;0;0;0;0;0;1;0
31;2026-08-01 19:51:00;AOC;27B36X;8999;4.85;236;27.0;1920x1080;1920;1080;IPS;144;250;1500;178;178;;0;1;1.4;1;1.4;0;0;0;0;0;0;1;0
604;2026-08-01 19:51:00;AOC;27B3CA2;11999;0.0;8;27.0;1920x1080;1920;1080;IPS;100;250;1300;178;178;;0;1;1.4;0;;0;0;1;2;0;0;1;0
449;2026-08-01 19:51:00;AOC;27B3CF2;12999;4.64;12;27.0;1920x1080;1920;1080;IPS;100;250;1300;178;178;;0;1;1.4;0;;0;0;1;2;0;0;1;0
270;2026-08-01 19:51:00;AOC;27G11ZE2;13999;4.6;195;27.0;1920x1080;1920;1080;IPS;240;300;1000;178;178;;0;1;2.0;1;1.4;0;0;0;0;1;0;0;0
361;2026-08-01 19:51:00;AOC;27G42E;11699;4.72;27;27.0;1920x1080;1920;1080;IPS;180;300;1000;178;178;;0;1;2.0;1;1.4;0;0;0;0;0;1;1;0
794;2026-08-01 19:51:00;AOC;27G4HA;13199;4.8;0;27.0;1920x1080;1920;1080;IPS;200;300;1000;178;178;;0;2;2.0;1;1.4;0;0;0;0;1;1;1;0
624;2026-08-01 19:51:00;AOC;27G4X;18899;4.59;20;27.0;1920x1080;1920;1080;IPS;180;300;1000;178;178;;0;2;2.0;1;1.4;0;0;0;0;0;1;1;0
622;2026-08-01 19:51:00;AOC;AG276UZD;82299;4.71;7;27.0;3840x2160;3840;2160;OLED;240;1000;1500000;178;178;;0;2;2.1;1;2.1;0;0;1;2;1;0;1;0
207;2026-08-01 19:51:00;AOC;AG346UCD;66999;4.93;31;34.0;3440x1440;3440;1440;OLED;175;1000;1500000;178;178;1800;1;2;2.0;1;1.4;0;0;0;3;1;1;0;0
465;2026-08-01 19:51:00;AOC;AGON PRO AG276QSD;63299;4.7;14;26.5;2560x1440;2560;1440;OLED;360;250;1500000;178;178;;0;2;2.1;2;1.4;0;0;0;2;1;0;0;0
777;2026-08-01 19:51:00;AOC;AGON PRO AG276QZD;59999;0.0;3;26.5;2560x1440;2560;1440;OLED;240;1000;1500;178;178;;0;2;2.0;2;1.4;0;0;0;2;1;0;0;0
565;2026-08-01 19:51:00;AOC;AGON PRO AG276QZD2;62999;0.0;10;26.7;2560x1440;2560;1440;OLED;240;1000;1500000;178;178;;0;2;2.1;2;1.4;0;0;0;2;0;0;1;0
478;2026-08-01 19:51:00;AOC;AGON PRO AG326UD;71999;4.63;25;31.5;3840x2160;3840;2160;OLED;165;1000;1500000;178;178;;0;2;2.1;1;1.4;0;0;0;3;0;1;1;0
747;2026-08-01 19:51:00;AOC;AGON PRO AG344UXM;68299;3.59;10;34.0;3440x1440;3440;1440;IPS;170;1000;1000;178;178;;0;2;2.1;1;1.4;0;0;1;4;1;1;0;0
470;2026-08-01 19:51:00;AOC;C24G2AE/BK;12999;4.69;518;23.6;1920x1080;1920;1080;VA;165;250;3000;178;178;1500;1;2;1.4;1;1.2;1;0;0;0;1;0;0;0
318;2026-08-01 19:51:00;AOC;C24G42E;9999;4.71;22;23.6;1920x1080;1920;1080;VA;180;250;3000;178;178;1500;1;2;2.0;1;1.4;0;0;0;0;0;0;1;0
152;2026-08-01 19:51:00;AOC;C27G42E;11199;4.95;44;27.0;1920x1080;1920;1080;VA;180;300;3000;178;178;1500;1;2;2.0;1;1.4;0;0;0;0;0;0;1;0
664;2026-08-01 19:51:00;AOC;C27G4ZE;16999;4.86;7;27.0;1920x1080;1920;1080;VA;280;300;4000;178;178;1500;1;1;2.0;1;1.4;0;0;0;0;0;0;1;0
620;2026-08-01 19:51:00;AOC;C27G4ZXU;17999;4.58;10;27.0;1920x1080;1920;1080;VA;280;300;3000;178;178;1500;1;2;;1;;0;0;0;4;0;0;1;0
191;2026-08-01 19:51:00;AOC;CQ27G4X;19199;4.67;64;27.0;2560x1440;2560;1440;VA;180;300;4000;178;178;1500;1;2;2.0;1;1.4;0;0;0;0;1;0;1;0
662;2026-08-01 19:51:00;AOC;CQ32G4E;26999;4.53;8;31.5;2560x1440;2560;1440;VA;180;300;3500;178;178;1500;1;1;2.0;1;1.2;0;0;0;0;0;0;1;0
413;2026-08-01 19:51:00;AOC;CS24A/P;63999;4.69;13;24.1;1920x1080;1920;1080;TN;600;500;1000;176;170;;0;2;2.1;1;1.4;0;0;0;4;1;0;0;0
82;2026-08-01 19:51:00;AOC;CS25G;18999;4.64;128;24.5;1920x1080;1920;1080;IPS;310;350;1000;176;170;;0;2;2.0;1;1.4;0;0;0;0;0;1;0;0
64;2026-08-01 19:51:00;AOC;CU34G4;25199;4.76;328;34.0;3440x1440;3440;1440;VA;180;300;2500;178;178;1500;1;2;2.0;1;1.4;0;0;0;0;1;0;1;0
404;2026-08-01 19:51:00;AOC;CU34G4Z;41999;4.72;22;34.0;3440x1440;3440;1440;VA;240;450;2500;178;178;1500;1;2;2.1;1;1.4;0;0;0;2;0;0;1;0
351;2026-08-01 19:51:00;AOC;Q24B35/60;10599;4.5;4;23.8;2560x1440;2560;1440;IPS;;250;1300;178;178;;0;1;2.0;1;1.4;0;0;0;0;0;0;1;0
601;2026-08-01 19:51:00;AOC;Q24V4EA;10999;4.66;137;23.8;2560x1440;2560;1440;IPS;75;250;1000;178;178;;0;1;1.4;1;1.2;0;0;0;0;0;0;1;0
52;2026-08-01 19:51:00;AOC;Q27B30S3;10499;4.62;156;27.0;2560x1440;2560;1440;IPS;120;300;1500;178;178;;0;1;2.0;1;1.4;0;0;0;0;0;0;0;0
40;2026-08-01 19:51:00;AOC;Q27G40E;12399;4.67;186;27.0;2560x1440;2560;1440;IPS;180;300;1000;178;178;;0;1;2.0;1;1.4;0;0;0;0;0;1;0;0
239;2026-08-01 19:51:00;AOC;Q27G42HE;15999;4.86;57;27.0;2560x1440;2560;1440;IPS;200;300;1200;178;178;;0;2;2.0;1;1.4;0;0;0;0;0;0;0;0
650;2026-08-01 19:51:00;AOC;U27B35;18399;4.72;13;27.0;3840x2160;3840;2160;IPS;60;300;1000;178;178;;0;2;2.0;1;1.4;0;0;0;0;0;0;0;0
474;2026-08-01 19:51:00;AOC;U27B3AF;19999;0.0;7;27.0;3840x2160;3840;2160;IPS;60;350;1000;178;178;;0;2;2.0;1;1.4;0;0;0;0;0;0;1;0
665;2026-08-01 19:51:00;AOC;U27B3CF;20999;4.29;7;27.0;3840x2160;3840;2160;IPS;60;350;1000;178;178;;0;2;2.0;0;;0;0;1;2;0;0;1;0
644;2026-08-01 19:51:00;AOPEN;27CL1Ebmix;9999;4.95;19;27.0;1920x1080;1920;1080;IPS;100;250;1000;178;178;;0;1;1.4;0;;1;0;0;0;1;0;0;0
723;2026-08-01 19:51:00;AORUS;FO27Q3 EK;83999;4.26;31;27.0;2560x1440;2560;1440;OLED;360;1000;1500000;178;178;;0;2;2.1;1;1.4;0;0;1;2;1;0;0;0
717;2026-08-01 19:51:00;AORUS;FO27Q5P EK;91999;4.9;0;26.5;2560x1440;2560;1440;OLED;500;1000;1500000;178;178;;0;2;2.1;1;2.1;0;0;0;3;1;1;0;0
362;2026-08-01 19:51:00;AORUS;FO32U2P EK;105999;4.87;77;31.5;3840x2160;3840;2160;OLED;240;1000;1500000;178;178;;0;2;2.1;1;2.1;0;0;0;2;1;0;0;0
646;2026-08-01 19:51:00;AOpen;22CV1QH3bi;7999;4.93;15;21.5;1920x1080;1920;1080;VA;100;250;3000;178;178;;0;1;1.4;0;;1;0;0;0;1;0;0;0
459;2026-08-01 19:51:00;AOpen;22SA2QEBI;7999;4.81;19;21.5;1920x1080;1920;1080;IPS;100;250;1000;178;178;;0;1;1.4;0;;1;0;0;0;1;0;0;0
738;2026-08-01 19:51:00;AOpen;24CL1YEbmix;11799;0.0;1;23.8;1920x1080;1920;1080;IPS;100;250;1000;178;178;;0;1;1.4;0;;1;0;0;0;1;0;0;0
660;2026-08-01 19:51:00;AOpen;24SA2YEBI;11199;0.0;2;23.8;1920x1080;1920;1080;IPS;100;250;1000;178;178;;0;1;1.4;0;;1;0;0;0;1;0;0;0
75;2026-08-01 19:51:00;ARDOR GAMING;AURORA AQ27H3;17499;4.78;238;27.0;2560x1440;2560;1440;VA;180;300;5000;178;178;1500;1;2;2.0;2;1.4;0;0;0;0;1;1;0;0
185;2026-08-01 19:51:00;ARDOR GAMING;AURORA AQ27H3;19999;4.81;942;27.0;2560x1440;2560;1440;VA;165;300;4000;178;178;1500;1;2;2.1;2;1.2;0;0;0;0;1;1;0;0
296;2026-08-01 19:51:00;ARDOR GAMING;AURORA AQ27H3;17699;4.78;238;27.0;2560x1440;2560;1440;VA;200;300;5000;178;178;1500;1;2;2.1;2;1.4;0;0;0;0;1;1;0;0
117;2026-08-01 19:51:00;ARDOR GAMING;DARKHAVEN AF27N1;12999;4.86;58;27.0;1920x1080;1920;1080;IPS;240;300;1000;178;178;;0;2;2.1;1;1.4;0;0;0;0;1;1;0;0
135;2026-08-01 19:51:00;ARDOR GAMING;DARKHAVEN AF27N1;12999;4.86;58;27.0;1920x1080;1920;1080;IPS;240;300;1000;178;178;;0;2;2.1;1;1.4;0;0;0;0;1;1;0;0
15;2026-08-01 19:51:00;ARDOR GAMING;DARKMOON AQ27N1;14799;4.84;264;27.0;2560x1440;2560;1440;IPS;200;300;1200;178;178;;0;2;2.1;2;1.4;0;0;0;0;1;1;0;0
115;2026-08-01 19:51:00;ARDOR GAMING;DARKMOON AQ27N1;15399;4.84;264;27.0;2560x1440;2560;1440;IPS;;300;1000;178;178;;0;2;2.1;2;1.4;0;0;0;1;1;1;0;0
175;2026-08-01 19:51:00;ARDOR GAMING;DARKSTAR AF24N1;10299;4.73;312;23.8;1920x1080;1920;1080;IPS;240;300;1000;178;178;;0;2;2.1;1;1.4;0;0;0;0;1;1;0;0
584;2026-08-01 19:51:00;ARDOR GAMING;ETERNITY AF27H2;16699;4.6;162;27.0;1920x1080;1920;1080;VA;240;400;3000;178;178;;0;2;;1;;0;0;0;0;1;1;0;0
548;2026-08-01 19:51:00;ARDOR GAMING;FRONTIER AF27H3;15299;4.83;403;27.0;1920x1080;1920;1080;VA;180;400;3000;178;178;1500;1;2;2.0;1;1.4;0;0;0;0;1;1;0;0
99;2026-08-01 19:51:00;ARDOR GAMING;FRONTIER PRO AF27H3;15299;4.89;143;27.0;1920x1080;1920;1080;VA;280;400;4000;178;178;1500;1;2;2.0;2;1.4;0;0;0;0;1;1;0;0
154;2026-08-01 19:51:00;ARDOR GAMING;FRONTIER PRO AF27H3;16299;4.89;143;27.0;1920x1080;1920;1080;VA;300;400;4000;178;178;1500;1;2;2.1;1;1.4;0;0;0;0;1;1;0;0
430;2026-08-01 19:51:00;ARDOR GAMING;FRONTIER PRO AF27H3;17999;4.83;403;27.0;1920x1080;1920;1080;VA;240;400;3000;178;178;1500;1;2;2.0;1;1.4;0;0;0;0;1;1;0;0
260;2026-08-01 19:51:00;ARDOR GAMING;GATE AF24H3;11499;4.64;120;23.6;1920x1080;1920;1080;VA;240;350;3000;178;178;1500;1;2;2.1;1;1.4;0;0;0;0;1;1;0;0
412;2026-08-01 19:51:00;ARDOR GAMING;GATE AF24H3;12399;4.64;120;23.6;1920x1080;1920;1080;VA;180;250;3000;178;178;1500;1;2;2.0;1;1.4;0;0;0;0;1;1;0;0
424;2026-08-01 19:51:00;ARDOR GAMING;GATE AF24H3;9199;4.81;422;23.6;1920x1080;1920;1080;VA;165;250;3000;178;178;1500;1;2;2.0;2;1.4;0;0;0;0;1;1;0;0
32;2026-08-01 19:51:00;ARDOR GAMING;HORIZON AQ32H3;19499;4.8;281;31.5;2560x1440;2560;1440;VA;180;300;3500;178;178;1500;1;2;2.0;2;1.4;0;0;0;0;1;1;0;0
348;2026-08-01 19:51:00;ARDOR GAMING;HORIZON AQ32H3;22699;4.78;1000;31.5;2560x1440;2560;1440;VA;165;300;3500;178;178;1500;1;2;2.1;2;1.4;0;0;0;0;1;1;0;0
24;2026-08-01 19:51:00;ARDOR GAMING;INFINITY AF27H1;13999;4.76;169;27.0;1920x1080;1920;1080;IPS;240;300;1000;178;178;;0;2;2.1;1;1.4;0;0;0;0;1;1;0;0
251;2026-08-01 19:51:00;ARDOR GAMING;INFINITY AF27H1;12699;4.66;227;27.0;1920x1080;1920;1080;IPS;180;300;1000;178;178;;0;2;2.0;1;1.4;0;0;0;0;1;1;0;0
2;2026-08-01 19:51:00;ARDOR GAMING;INFINITY PRO AQ27H1;16599;4.76;1600;27.0;2560x1440;2560;1440;IPS;200;450;1000;178;178;;0;2;2.1;2;1.4;0;0;0;0;1;1;0;0
98;2026-08-01 19:51:00;ARDOR GAMING;INFINITY ULTRA AQ27H1;21399;4.59;64;27.0;2560x1440;2560;1440;IPS;300;400;1000;178;178;;0;2;2.1;2;1.4;0;0;0;0;1;1;0;0
287;2026-08-01 19:51:00;ARDOR GAMING;LINK AF24H1UE;10999;4.61;856;23.8;1920x1080;1920;1080;IPS;180;350;1000;178;178;;0;1;2.0;1;1.4;0;0;0;2;1;1;0;0
652;2026-08-01 19:51:00;ARDOR GAMING;METEOR AQ27H1M;30999;4.39;32;27.0;2560x1440;2560;1440;IPS;165;1000;100000;178;178;;0;2;2.0;1;1.4;0;0;1;2;1;1;0;0
338;2026-08-01 19:51:00;ARDOR GAMING;NEUTRON AF25H1;12199;4.56;26;24.5;1920x1080;1920;1080;VA;300;300;1000;178;178;;0;2;2.1;1;1.4;0;0;0;0;1;1;0;0
106;2026-08-01 19:51:00;ARDOR GAMING;NEUTRON V2 AF25H1;21699;4.54;43;24.5;1920x1080;1920;1080;IPS;360;400;1000;178;178;;0;2;2.1;2;1.4;0;0;0;0;1;1;0;0
137;2026-08-01 19:51:00;ARDOR GAMING;NOVA AF27H1UE;12599;4.82;330;27.0;1920x1080;1920;1080;IPS;180;300;1000;178;178;;0;2;2.1;1;1.4;0;0;0;2;1;1;0;0
392;2026-08-01 19:51:00;ARDOR GAMING;NOVA ULTRA AU27H1UE;30499;4.46;111;27.0;3840x2160;3840;2160;IPS;160;300;1000;178;178;;0;2;2.1;1;1.4;0;0;1;2;1;1;0;0
37;2026-08-01 19:51:00;ARDOR GAMING;PORTAL AF24H1;10999;4.75;912;23.8;1920x1080;1920;1080;IPS;180;350;1000;178;178;;0;2;2.0;1;1.4;0;0;0;0;1;1;0;0
53;2026-08-01 19:51:00;ARDOR GAMING;PORTAL AF24H1;11899;4.69;10900;23.8;1920x1080;1920;1080;IPS;144;280;1000;178;178;;0;2;2.0;2;1.4;0;0;0;0;1;1;0;0
80;2026-08-01 19:51:00;ARDOR GAMING;PORTAL AF24H1;10999;4.75;912;23.8;1920x1080;1920;1080;IPS;180;300;1000;178;178;;0;2;2.0;1;1.4;0;0;0;0;1;1;0;0
97;2026-08-01 19:51:00;ARDOR GAMING;PORTAL AF24H1;11499;4.76;10900;23.8;1920x1080;1920;1080;IPS;144;280;1000;178;178;;0;2;2.0;2;1.4;0;0;0;0;1;1;0;0
76;2026-08-01 19:51:00;ARDOR GAMING;PORTAL V2 AF24H1;11999;4.71;145;23.8;1920x1080;1920;1080;IPS;240;300;1000;178;178;;0;2;2.1;1;1.4;0;0;0;0;1;1;0;0
141;2026-08-01 19:51:00;ARDOR GAMING;PORTAL V2 AF24H1;11499;4.71;145;23.8;1920x1080;1920;1080;IPS;240;300;1000;178;178;;0;2;2.1;1;1.4;0;0;0;0;1;1;0;0
28;2026-08-01 19:51:00;ARDOR GAMING;QUASAR AQW34H3;26999;4.8;781;34.0;3440x1440;3440;1440;VA;180;350;4000;178;178;1500;1;2;2.1;1;1.4;0;0;0;2;0;0;0;0
72;2026-08-01 19:51:00;ARDOR GAMING;QUASAR AQW34H3;28299;4.8;781;34.0;3440x1440;3440;1440;VA;180;350;4000;178;178;1500;1;2;2.1;1;1.4;0;0;0;2;1;1;0;0
408;2026-08-01 19:51:00;ARDOR GAMING;QUASAR PRO AQW34H3;30299;4.63;210;34.0;3440x1440;3440;1440;VA;180;350;4000;178;178;1500;1;2;2.0;1;1.4;0;0;1;2;1;1;0;0
124;2026-08-01 19:51:00;ARDOR GAMING;RELICT AQ24H1;15399;4.74;234;23.8;2560x1440;2560;1440;IPS;180;350;1000;178;178;;0;2;2.1;2;1.4;0;0;0;0;1;1;0;0
328;2026-08-01 19:51:00;ARDOR GAMING;SHAPER AQ27H4;16899;4.79;765;27.0;2560x1440;2560;1440;VA;165;300;4000;178;178;1000;1;2;2.1;2;1.4;0;0;0;0;1;1;0;0
387;2026-08-01 19:51:00;ARDOR GAMING;SHAPER PRO AQ32H4;23299;4.79;765;31.5;2560x1440;2560;1440;VA;165;300;3500;178;178;1000;1;2;2.1;2;1.4;0;0;0;0;1;1;0;0
501;2026-08-01 19:51:00;ARDOR GAMING;SIDEWINDER AQ27H1U;20499;4.64;43;27.0;2560x1440;2560;1440;IPS;180;300;1000;178;178;;0;1;;1;;0;0;0;2;1;0;1;0
671;2026-08-01 19:51:00;ARDOR GAMING;SIRIUS AQ27H1O;47999;4.47;73;27.0;2560x1440;2560;1440;OLED;240;600;150000;178;178;;0;2;2.0;1;1.4;0;0;1;2;1;1;0;0
71;2026-08-01 19:51:00;ARDOR GAMING;SUPERNOVA PRO AQ32H1UE;21899;4.77;807;31.5;2560x1440;2560;1440;IPS;180;300;1000;178;178;;0;2;2.1;2;1.4;0;0;0;1;1;0;0;0
129;2026-08-01 19:51:00;ARDOR GAMING;SUPERNOVA PRO AQ32H1UE;25999;4.77;807;31.5;2560x1440;2560;1440;IPS;165;350;1200;178;178;;0;2;2.1;1;1.4;0;0;0;2;1;1;0;0
315;2026-08-01 19:51:00;ARDOR GAMING;VEGA AF25H1U;12699;4.88;115;24.5;1920x1080;1920;1080;IPS;180;300;1000;178;178;;0;2;2.1;1;1.4;0;0;0;2;0;0;1;0
395;2026-08-01 19:51:00;ARDOR GAMING;VEGA PRO AQ25H1U;14699;4.62;105;24.5;2560x1440;2560;1440;IPS;170;250;1000;178;178;;0;1;;1;;0;0;0;2;0;0;0;0
754;2026-08-01 19:51:00;ASUS;BE24ECSNK;24999;3.33;3;23.8;1920x1080;1920;1080;IPS;60;300;1000;178;178;;0;1;1.4;1;1.2;0;0;1;4;0;0;0;0
692;2026-08-01 19:51:00;ASUS;BE27ACSBK;36299;0.0;4;27.0;2560x1440;2560;1440;IPS;60;350;1000;178;178;;0;1;1.4;1;1.2;0;0;1;4;0;0;0;0
507;2026-08-01 19:51:00;ASUS;Busines VA27UQSB;24599;4.71;14;27.0;3840x2160;3840;2160;IPS;60;350;1000;178;178;;0;2;2.0;1;1.4;0;0;0;4;0;0;1;0
673;2026-08-01 19:51:00;ASUS;PG32UCDM;167999;4.72;34;31.5;3840x2160;3840;2160;OLED;240;1000;1500000;178;178;;0;2;2.1;1;1.4;0;0;1;3;1;1;1;0
517;2026-08-01 19:51:00;ASUS;ProArt Display OLED PA32UCDM;156999;4.5;4;31.5;3840x2160;3840;2160;OLED;240;1000;1500000;178;178;;0;1;2.1;0;;0;0;0;2;0;0;1;0
495;2026-08-01 19:51:00;ASUS;ProArt Display PA27UCGE;86799;4.67;3;27.0;3840x2160;3840;2160;IPS;160;600;1000;178;178;;0;2;2.1;1;1.4;0;0;1;2;0;0;1;0
384;2026-08-01 19:51:00;ASUS;ProArt Display PA328QV;43999;0.0;47;31.5;2560x1440;2560;1440;IPS;75;400;1000;178;178;;0;2;2.0;1;1.2;0;0;0;4;0;0;1;0
326;2026-08-01 19:51:00;ASUS;ProArt Display PA348CGV;80999;4.86;36;34.0;3440x1440;3440;1440;IPS;120;400;1000;178;178;;0;2;2.0;1;1.4;0;0;1;4;1;0;0;0
762;2026-08-01 19:51:00;ASUS;ProArt PA148CTV;46799;0.0;2;14.0;1920x1080;1920;1080;IPS;60;300;700;178;178;;0;1;;0;;0;0;1;0;0;0;0;0
280;2026-08-01 19:51:00;ASUS;ProArt PA247CV;20799;0.0;20;23.8;1920x1080;1920;1080;IPS;75;300;1000;178;178;;0;1;1.4;1;1.2;0;0;1;4;0;0;1;0
447;2026-08-01 19:51:00;ASUS;ProArt PA24ACRV;37799;0.0;17;23.8;2560x1440;2560;1440;IPS;75;400;1000;178;178;;0;1;2.0;2;1.4;0;0;1;4;0;0;1;0
78;2026-08-01 19:51:00;ASUS;ProArt PA278CGV;36999;4.88;180;27.0;2560x1440;2560;1440;IPS;144;400;1000;178;178;;0;2;2.0;1;1.4;0;0;1;4;1;0;0;0
120;2026-08-01 19:51:00;ASUS;ProArt PA279CRV;37299;4.78;83;27.0;3840x2160;3840;2160;IPS;60;400;1000;178;178;;0;2;2.0;2;1.4;0;0;1;4;0;0;0;0
309;2026-08-01 19:51:00;ASUS;ProArt PA279CV;37499;4.78;250;27.0;3840x2160;3840;2160;IPS;60;350;1000;178;178;;0;2;2.0;1;1.2;0;0;1;4;0;0;1;0
787;2026-08-01 19:51:00;ASUS;ProArt PA27DCE-K;319999;4.5;2;26.9;3840x2160;3840;2160;OLED;60;350;1000000;178;178;;0;3;2.0;1;1.4;0;0;1;3;0;0;0;0
402;2026-08-01 19:51:00;ASUS;ProArt PA329CV;65999;4.69;65;32.0;3840x2160;3840;2160;IPS;60;400;1000;178;178;;0;2;2.0;1;1.2;0;0;1;4;0;0;1;0
780;2026-08-01 19:51:00;ASUS;ProArt PA32DC;449999;4.75;4;31.5;3840x2160;3840;2160;OLED;60;500;1000000;178;178;;0;3;2.0;1;1.4;0;0;1;4;0;0;0;0
796;2026-08-01 19:51:00;ASUS;ProArt PA32UCX-PK;522999;3.67;3;32.0;3840x2160;3840;2160;IPS;60;1200;1000;178;178;;0;3;2.0;1;1.2;0;0;0;3;1;0;0;0
779;2026-08-01 19:51:00;ASUS;ProArt PA32UCXR;329999;0.0;3;32.0;3840x2160;3840;2160;IPS;60;1600;1000;178;178;;0;2;2.0;1;1.4;0;0;0;4;0;0;1;0
322;2026-08-01 19:51:00;ASUS;ProArt PA34VCNV;56999;4.95;21;34.1;3440x1440;3440;1440;IPS;60;300;1000;178;178;3800;1;2;2.0;1;1.4;0;0;1;3;0;0;1;0
220;2026-08-01 19:51:00;ASUS;ROG Strix OLED XG32UCWG;99999;4.83;35;31.5;3840x2160;3840;2160;OLED;165;1300;1500000;178;178;;0;2;2.1;1;1.4;0;0;1;3;1;1;0;0
336;2026-08-01 19:51:00;ASUS;ROG Strix XG259CS;18599;4.83;156;24.5;1920x1080;1920;1080;IPS;180;400;1000;178;178;;0;1;2.0;1;1.4;0;0;1;0;1;0;0;0
81;2026-08-01 19:51:00;ASUS;ROG Strix XG27ACS;23999;4.74;486;27.0;2560x1440;2560;1440;IPS;180;400;1000;178;178;;0;1;2.0;1;1.4;0;0;1;0;1;1;1;0
29;2026-08-01 19:51:00;ASUS;ROG Strix XG27ACS-W;24999;4.82;416;27.0;2560x1440;2560;1440;IPS;180;400;1000;178;178;;0;1;2.0;1;1.4;0;0;1;0;1;1;1;0
202;2026-08-01 19:51:00;ASUS;ROG Strix XG27AQDMG;64999;4.66;110;26.5;2560x1440;2560;1440;OLED;240;450;1500000;178;178;;0;2;2.0;1;1.4;0;0;0;2;1;1;1;0
248;2026-08-01 19:51:00;ASUS;ROG Strix XG27UCDMG;112999;4.85;66;26.5;3840x2160;3840;2160;OLED;240;450;1500000;178;178;;0;2;2.1;1;1.4;0;0;1;3;1;1;1;0
487;2026-08-01 19:51:00;ASUS;ROG Strix XG27UCG;37799;4.55;28;27.0;3840x2160;3840;2160;IPS;160;400;1000;178;178;;0;1;2.1;1;1.4;0;0;1;0;1;1;0;0
252;2026-08-01 19:51:00;ASUS;ROG Strix XG27UCS;40999;4.68;80;27.0;3840x2160;3840;2160;IPS;160;450;1000;178;178;;0;1;2.1;1;1.4;0;0;1;0;1;1;1;0
767;2026-08-01 19:51:00;ASUS;ROG Strix XG27UQR;41499;4.83;65;27.0;3840x2160;3840;2160;IPS;144;400;1000;178;178;;0;2;2.0;2;1.4;0;0;0;2;0;1;0;0
443;2026-08-01 19:51:00;ASUS;ROG Strix XG27WCMS;34999;4.61;31;27.0;2560x1440;2560;1440;VA;280;400;3000;178;178;1500;1;1;2.1;1;1.4;0;0;1;0;1;0;0;0
440;2026-08-01 19:51:00;ASUS;ROG Strix XG27WCS;25899;4.61;28;27.0;2560x1440;2560;1440;VA;180;400;3000;178;178;1500;1;1;1.4;0;;0;0;1;0;1;0;0;0
643;2026-08-01 19:51:00;ASUS;ROG Strix XG32AQ;86999;4.41;32;32.0;2560x1440;2560;1440;IPS;175;600;1000;178;178;;0;2;2.0;1;1.2;0;0;0;2;1;1;0;0
181;2026-08-01 19:51:00;ASUS;ROG Strix XG32UCG;52499;4.84;102;31.5;3840x2160;3840;2160;IPS;160;400;1000;178;178;;0;1;2.1;1;1.4;0;0;1;0;1;1;0;0
333;2026-08-01 19:51:00;ASUS;ROG Strix XG32WCMS;39999;4.81;74;31.5;2560x1440;2560;1440;VA;280;350;4000;178;178;1500;1;1;2.1;1;1.4;0;0;1;0;1;0;1;0
162;2026-08-01 19:51:00;ASUS;ROG Strix XG32WCS;29999;4.91;142;31.5;2560x1440;2560;1440;VA;180;400;3500;178;178;1500;1;1;2.0;1;1.4;0;0;1;0;1;0;0;0
511;2026-08-01 19:51:00;ASUS;ROG Strix XG49VQ;66499;4.78;48;49.0;3840x1080;3840;1080;VA;144;450;3000;178;178;1800;1;2;2.0;1;1.2;0;0;0;2;1;0;0;0
577;2026-08-01 19:51:00;ASUS;ROG Swift OLED PG27AQDM;66499;4.3;30;26.5;2560x1440;2560;1440;OLED;240;450;1500000;178;178;;0;2;2.0;1;1.4;0;0;0;2;1;1;0;0
482;2026-08-01 19:51:00;ASUS;ROG Swift OLED PG32UCDP;132999;4.57;14;31.5;3840x2160;3840;2160;OLED;240;1300;1500000;178;178;;0;2;2.1;1;1.4;0;0;1;3;1;1;0;0
236;2026-08-01 19:51:00;ASUS;ROG Swift PG27AQDP;89999;4.73;46;26.5;2560x1440;2560;1440;OLED;480;450;1500000;178;178;;0;2;2.1;1;1.4;0;0;0;2;1;1;1;0
739;2026-08-01 19:51:00;ASUS;ROG Swift PG27AQN;80499;4.47;19;27.0;2560x1440;2560;1440;IPS;360;600;1000;178;178;;0;3;2.0;1;1.4;0;0;0;2;0;1;0;0
263;2026-08-01 19:51:00;ASUS;ROG Swift PG27UCDM;117499;4.81;79;26.5;3840x2160;3840;2160;OLED;240;1000;1500000;178;178;;0;2;2.1;1;2.1a;0;0;1;3;1;1;0;0
541;2026-08-01 19:51:00;ASUS;ROG Swift PG38UQ;89499;4.76;39;38.0;3840x2160;3840;2160;IPS;144;600;1000;178;178;;0;2;2.1;1;1.4;0;0;0;4;1;1;1;0
610;2026-08-01 19:51:00;ASUS;TUF Gaming VG246H1A;12499;4.81;59;23.8;1920x1080;1920;1080;IPS;100;300;1300;178;178;;0;2;1.4;0;;0;0;0;0;1;0;0;0
581;2026-08-01 19:51:00;ASUS;TUF Gaming VG249Q;14999;4.58;488;23.8;1920x1080;1920;1080;IPS;144;250;1000;178;178;;0;1;1.4;1;1.2;1;0;0;0;1;0;0;0
445;2026-08-01 19:51:00;ASUS;TUF Gaming VG249Q1A;15799;4.54;672;23.8;1920x1080;1920;1080;IPS;165;250;1000;178;178;;0;2;1.4;1;1.2;0;0;0;0;1;0;1;0
271;2026-08-01 19:51:00;ASUS;TUF Gaming VG249Q3R;12199;4.82;127;23.8;1920x1080;1920;1080;IPS;180;250;1000;178;178;3;1;2;2.0;1;1.2;0;0;0;0;1;0;0;0
301;2026-08-01 19:51:00;ASUS;TUF Gaming VG249QM5A;15999;4.75;45;23.8;1920x1080;1920;1080;IPS;240;300;1000;178;178;;0;2;2.0;1;1.4;0;0;0;0;1;1;0;0
281;2026-08-01 19:51:00;ASUS;TUF Gaming VG24VQER;11999;4.8;82;23.6;1920x1080;1920;1080;VA;180;250;3000;178;178;1500;1;2;2.0;1;1.2;0;0;0;0;1;0;0;0
367;2026-08-01 19:51:00;ASUS;TUF Gaming VG259Q5A;12499;4.85;71;24.5;1920x1080;1920;1080;IPS;200;300;1000;178;178;;0;2;2.0;1;1.4;0;0;0;0;1;1;0;0
321;2026-08-01 19:51:00;ASUS;TUF Gaming VG259QL5A;13999;4.8;50;24.5;1920x1080;1920;1080;IPS;200;300;1000;178;178;;0;2;2.0;1;1.4;0;0;0;0;1;1;1;0
626;2026-08-01 19:51:00;ASUS;TUF Gaming VG279Q1R;13399;4.65;372;27.0;1920x1080;1920;1080;IPS;144;250;1000;178;178;1;1;2;1.4;1;1.2;0;0;0;0;1;0;0;0
461;2026-08-01 19:51:00;ASUS;TUF Gaming VG279Q3R;14999;4.84;19;27.0;1920x1080;1920;1080;IPS;180;250;1000;178;178;3;1;2;2.0;1;1.2;0;0;0;0;1;0;0;0
123;2026-08-01 19:51:00;ASUS;TUF Gaming VG279QM;20999;4.73;197;27.0;1920x1080;1920;1080;IPS;280;400;1000;178;178;;0;2;2.0;1;1.2;0;0;0;0;0;1;0;0
555;2026-08-01 19:51:00;ASUS;TUF Gaming VG279QM1A;22999;4.73;64;27.0;1920x1080;1920;1080;IPS;280;300;1000;178;178;;0;2;2.0;1;1.2;0;0;0;0;1;1;0;0
347;2026-08-01 19:51:00;ASUS;TUF Gaming VG279QM5A;18699;0.0;12;27.0;1920x1080;1920;1080;IPS;240;300;1000;178;178;;0;2;2.0;1;1.4;0;0;0;0;1;1;0;0
560;2026-08-01 19:51:00;ASUS;TUF Gaming VG279QML5A;23999;4.73;11;27.0;1920x1080;1920;1080;IPS;240;300;1000;178;178;;0;2;2.0;1;1.4;0;0;0;0;1;1;0;0
558;2026-08-01 19:51:00;ASUS;TUF Gaming VG27AQ1A;32999;4.81;1400;27.0;2560x1440;2560;1440;IPS;170;250;1000;178;178;;0;2;2.0;1;1.2;0;0;0;0;1;1;0;0
51;2026-08-01 19:51:00;ASUS;TUF Gaming VG27AQ5A;18999;4.74;133;27.0;2560x1440;2560;1440;IPS;210;300;1300;178;178;;0;2;2.0;1;1.4;0;0;0;0;1;0;1;0
605;2026-08-01 19:51:00;ASUS;TUF Gaming VG27AQA1A;27299;4.74;318;27.0;2560x1440;2560;1440;VA;170;300;3000;178;178;;0;2;2.0;1;1.2;0;0;0;0;1;0;1;0
628;2026-08-01 19:51:00;ASUS;TUF Gaming VG27UQ1A;36999;4.5;10;27.0;3840x2160;3840;2160;IPS;160;300;1000;178;178;;0;2;2.1;1;1.4;0;0;0;0;1;1;0;0
433;2026-08-01 19:51:00;ASUS;TUF Gaming VG27VQ3B;16599;4.64;20;27.0;1920x1080;1920;1080;VA;180;250;3000;178;178;1500;1;2;2.0;1;1.2;0;0;0;0;1;0;0;0
213;2026-08-01 19:51:00;ASUS;TUF Gaming VG27VQM;19499;4.59;103;27.0;1920x1080;1920;1080;VA;240;350;3000;178;178;1500;1;2;2.0;1;1.2;0;0;0;2;1;0;0;0
246;2026-08-01 19:51:00;ASUS;TUF Gaming VG27WQ3B;19999;4.79;134;27.0;2560x1440;2560;1440;VA;180;300;5000;178;178;1500;1;2;2.0;1;1.4;0;0;0;0;1;0;0;0
240;2026-08-01 19:51:00;ASUS;TUF Gaming VG328QA1A;20999;4.76;49;31.5;1920x1080;1920;1080;VA;170;300;3000;178;178;;0;2;2.0;1;1.2;0;0;0;0;1;0;1;0
499;2026-08-01 19:51:00;ASUS;TUF Gaming VG32VQM5B;21799;4.89;10;31.5;1920x1080;1920;1080;VA;250;300;3500;178;178;1500;1;2;2.0;1;1.2;0;0;0;0;1;0;0;0
632;2026-08-01 19:51:00;ASUS;TUF Gaming VG32VQR;37999;4.52;33;31.5;2560x1440;2560;1440;VA;165;400;3000;178;178;1800;1;2;2.0;1;1.2;0;0;0;0;1;0;0;0
83;2026-08-01 19:51:00;ASUS;TUF Gaming VG32WQ3B;22999;4.86;98;31.5;2560x1440;2560;1440;VA;180;300;3500;178;178;1500;1;2;2.0;1;1.4;0;0;0;0;1;0;0;0
108;2026-08-01 19:51:00;ASUS;TUF Gaming VG34VQ3B;28599;4.84;199;34.0;3440x1440;3440;1440;VA;180;400;4000;178;178;1500;1;2;2.0;2;1.4;0;0;0;4;1;0;1;0
293;2026-08-01 19:51:00;ASUS;TUF Gaming VG34VQEL1A;25999;4.79;260;34.0;3440x1440;3440;1440;VA;100;300;3000;178;178;1500;1;2;2.0;1;1.2;0;0;0;3;1;0;0;0
197;2026-08-01 19:51:00;ASUS;TUF Gaming VG34VQL1B;32799;4.8;130;34.0;3440x1440;3440;1440;VA;165;550;4000;178;178;1500;1;2;2.0;2;1.4;0;0;0;4;1;0;0;0
46;2026-08-01 19:51:00;ASUS;VA249HG;7399;4.82;89;23.8;1920x1080;1920;1080;IPS;120;300;1500;178;178;;0;1;1.4;0;;1;0;0;0;0;0;1;0
283;2026-08-01 19:51:00;ASUS;VA279HG;10699;4.94;68;27.0;1920x1080;1920;1080;IPS;120;300;1500;178;178;;0;1;1.4;0;;1;0;0;0;0;0;1;0
195;2026-08-01 19:51:00;ASUS;VA279QG;10999;4.81;32;27.0;1920x1080;1920;1080;IPS;120;300;1500;178;178;;0;1;1.4;1;1.2;1;0;0;0;0;0;1;0
257;2026-08-01 19:51:00;ASUS;VA27DQFS;13999;0.0;10;27.0;1920x1080;1920;1080;IPS;100;300;1000;178;178;;0;1;1.4;1;1.2;1;0;0;2;0;0;1;0
369;2026-08-01 19:51:00;ASUS;VA27DQSB-W;16999;4.85;26;27.0;1920x1080;1920;1080;IPS;75;250;1000;178;178;;0;1;1.4;1;1.2;1;0;0;2;1;0;0;0
391;2026-08-01 19:51:00;ASUS;VA27EHE;11899;4.89;271;27.0;1920x1080;1920;1080;IPS;75;250;1000;178;178;;0;1;1.4;0;;1;0;0;0;1;0;0;0
316;2026-08-01 19:51:00;ASUS;VA27EHF;8799;4.85;86;27.0;1920x1080;1920;1080;IPS;100;250;1300;178;178;;0;1;1.4;0;;0;0;0;0;0;0;1;0
468;2026-08-01 19:51:00;ASUS;VA32UQSB;38999;4.16;10;31.5;3840x2160;3840;2160;IPS;60;350;1000;178;178;;0;2;2.0;1;1.2;0;0;0;2;0;0;1;0
571;2026-08-01 19:51:00;ASUS;VA34VCPSR;43999;4.75;4;34.0;3440x1440;3440;1440;VA;100;300;3000;178;178;1500;1;1;2.0;1;1.4;0;0;1;3;0;0;1;0
633;2026-08-01 19:51:00;ASUS;VP249QGR;8099;4.64;1200;23.8;1920x1080;1920;1080;IPS;144;250;1000;178;178;;0;1;1.4;1;1.2;1;0;0;0;1;0;0;0
469;2026-08-01 19:51:00;ASUS;VP327Q;27999;4.92;12;31.5;3840x2160;3840;2160;VA;60;350;3000;178;178;;0;2;2.0;1;1.2;0;0;0;0;0;0;1;0
562;2026-08-01 19:51:00;ASUS;VU249CFE-B;16999;4.72;43;23.8;1920x1080;1920;1080;IPS;100;250;1300;178;178;;0;1;1.4;0;;0;0;1;0;0;0;1;0
722;2026-08-01 19:51:00;ASUS;VU249CFE-G;16999;4.72;43;23.8;1920x1080;1920;1080;IPS;100;250;1300;178;178;;0;1;1.4;0;;0;0;1;0;0;0;0;0
569;2026-08-01 19:51:00;ASUS;VU249CFE-M;16999;4.72;43;23.8;1920x1080;1920;1080;IPS;100;250;1300;178;178;;0;1;1.4;0;;0;0;1;0;0;0;1;0
667;2026-08-01 19:51:00;ASUS;VU249CFE-P;16999;4.72;43;23.8;1920x1080;1920;1080;IPS;100;250;1300;178;178;;0;1;1.4;0;;0;0;1;0;0;0;0;0
663;2026-08-01 19:51:00;ASUS;VU249HFI-W Eye Care;14999;4.33;3;23.8;1920x1080;1920;1080;IPS;100;250;1300;178;178;;0;2;1.4;0;;0;0;0;0;0;0;1;0
645;2026-08-01 19:51:00;ASUS;VU279CFE-B;19999;4.32;15;27.0;1920x1080;1920;1080;IPS;100;250;1300;178;178;;0;1;1.4;0;;0;0;1;0;0;0;1;0
758;2026-08-01 19:51:00;ASUS;VU279CFE-G;19999;4.32;15;27.0;1920x1080;1920;1080;IPS;100;250;1300;178;178;;0;1;1.4;0;;0;0;1;0;0;0;0;0
634;2026-08-01 19:51:00;ASUS;VU279CFE-M;19999;4.32;15;27.0;1920x1080;1920;1080;IPS;100;250;1300;178;178;;0;1;1.4;0;;0;0;1;0;0;0;1;0
686;2026-08-01 19:51:00;ASUS;VU279HFI-W Eye Care;19999;4.8;0;27.0;1920x1080;1920;1080;IPS;100;250;1300;178;178;;0;2;1.4;0;;0;0;0;0;0;0;1;0
666;2026-08-01 19:51:00;ASUS;VU34WCIP-W Eye Care;43799;0.0;1;34.0;3440x1440;3440;1440;VA;100;300;3000;178;178;1500;1;1;2.0;1;1.4;0;0;1;4;0;0;1;0
597;2026-08-01 19:51:00;ASUS;VY249HE;10499;4.68;155;23.8;1920x1080;1920;1080;IPS;75;250;1000;178;178;;0;1;1.4;0;;1;0;0;0;0;0;0;0
639;2026-08-01 19:51:00;ASUS;VY249HF;9399;4.84;50;23.8;1920x1080;1920;1080;IPS;100;250;1300;178;178;;0;1;1.4;0;;0;0;0;0;0;0;1;0
400;2026-08-01 19:51:00;ASUS;VY249HF-W;9099;4.84;50;23.8;1920x1080;1920;1080;IPS;100;250;1300;178;178;;0;1;1.4;0;;0;0;0;0;0;0;1;0
427;2026-08-01 19:51:00;ASUS;VY249HGE;12999;4.78;371;23.8;1920x1080;1920;1080;IPS;144;250;1000;178;178;;0;1;1.4;0;;0;0;0;0;1;0;0;0
493;2026-08-01 19:51:00;ASUS;VY27UQ;26999;4.82;22;27.0;3840x2160;3840;2160;IPS;60;350;1000;178;178;;0;2;2.0;1;1.4;0;0;0;0;0;0;1;0
389;2026-08-01 19:51:00;ASUS;VZ24EHF-W;9399;0.0;12;23.8;1920x1080;1920;1080;IPS;100;250;1300;178;178;;0;1;1.4;0;;0;0;0;0;0;0;1;0
502;2026-08-01 19:51:00;ASUS;VZ27EHF;10999;4.68;19;27.0;1920x1080;1920;1080;IPS;100;250;1300;178;178;;0;1;1.4;0;;0;0;0;0;0;0;1;0
505;2026-08-01 19:51:00;ASUS;VZ27EHF-W;12999;4.68;19;27.0;1920x1080;1920;1080;IPS;100;250;1300;178;178;;0;1;1.4;0;;0;0;0;0;0;0;1;0
721;2026-08-01 19:51:00;ASUS;ZenScreen Ink MB14AHD;39999;0.0;1;14.0;1920x1080;1920;1080;IPS;60;220;800;170;170;;0;1;;0;;0;0;1;0;0;0;0;0
702;2026-08-01 19:51:00;ASUS;ZenScreen MB165B;12999;0.0;1;15.6;1366x768;1366;768;TN;60;220;500;90;65;;0;0;;0;;0;0;0;0;0;0;0;0
618;2026-08-01 19:51:00;ASUS;ZenScreen MB166CR;20299;0.0;1;15.6;1920x1080;1920;1080;IPS;60;250;800;178;178;;0;0;;0;;0;0;1;0;0;0;0;0
669;2026-08-01 19:51:00;ASUS;ZenScreen MB249C;35999;4.67;3;23.8;1920x1080;1920;1080;IPS;75;250;1000;178;178;;0;1;1.4;0;;0;0;1;0;1;0;1;0
746;2026-08-01 19:51:00;ASUS;ZenScreen MB27ACF;46999;0.0;1;27.0;2560x1440;2560;1440;IPS;100;300;1500;178;178;;0;1;2.0;0;;0;0;1;0;0;0;1;0
79;2026-08-01 19:51:00;Aceline;CF20N2;4999;4.55;85;19.5;1600x900;1600;900;TN;75;220;600;140;110;;0;1;1.4;0;;1;0;0;0;0;0;0;0
196;2026-08-01 19:51:00;Aceline;CF24N1S;7999;4.56;18;23.8;1920x1080;1920;1080;IPS;200;300;1000;178;178;;0;1;2.1;1;1.4;0;0;0;0;1;0;0;0
116;2026-08-01 19:51:00;Aceline;CF24N2;6299;4.7;57;23.8;1920x1080;1920;1080;IPS;100;250;1000;178;178;;0;1;1.4;0;;1;0;0;0;0;0;0;0
77;2026-08-01 19:51:00;Aceline;GS CF24N4;6999;4.65;201;23.8;1920x1080;1920;1080;IPS;180;300;1000;178;178;;0;1;1.4;1;1.2;0;0;0;0;0;0;1;0
282;2026-08-01 19:51:00;Aceline;GS CF27F4;8999;4.64;151;27.0;1920x1080;1920;1080;IPS;180;300;1000;178;178;;0;1;1.4;1;1.2;0;0;0;0;0;0;0;0
118;2026-08-01 19:51:00;Aceline;GS CF27N1S;8599;4.7;26;27.0;1920x1080;1920;1080;IPS;200;350;1000;178;178;;0;1;2.1;1;1.2;0;0;0;0;1;1;0;0
182;2026-08-01 19:51:00;Aceline;GS CF27N4;12599;4.74;278;27.0;2560x1440;2560;1440;IPS;180;300;1000;178;178;;0;2;1.4;2;1.2;0;0;0;0;0;0;1;0
169;2026-08-01 19:51:00;Aceline;GS CQ27N1S;11599;4.59;15;27.0;2560x1440;2560;1440;IPS;200;300;1000;178;178;;0;2;2.1;2;1.4;0;0;0;0;1;0;0;0
778;2026-08-01 19:51:00;Acer;CB272Dbmiprcx;25199;0.0;2;27.0;1920x1080;1920;1080;IPS;75;250;1000;178;178;;0;1;1.4;1;1.2;1;0;0;0;0;0;0;0
733;2026-08-01 19:51:00;Acer;CZ342CURVbmiphuzx;45799;3.67;9;34.0;3440x1440;3440;1440;VA;180;300;3000;178;178;1000;1;1;2.0;1;;0;0;1;2;1;0;0;0
304;2026-08-01 19:51:00;Acer;EA220QHbi;11999;4.62;13;21.5;1920x1080;1920;1080;VA;100;250;3000;178;178;;0;1;1.4;0;;1;0;0;0;1;0;0;0
100;2026-08-01 19:51:00;Acer;EK221QHbi;6999;4.68;133;21.5;1920x1080;1920;1080;VA;100;250;3000;178;178;;0;1;1.4;0;;1;0;0;0;1;0;0;0
573;2026-08-01 19:51:00;Acer;EK241YEbi;10999;4.85;38;23.8;1920x1080;1920;1080;IPS;100;250;1000;178;178;;0;1;1.4;0;;1;0;0;0;0;0;0;0
441;2026-08-01 19:51:00;Acer;EK251QGbi;9999;4.76;117;24.5;1920x1080;1920;1080;IPS;120;250;1500;178;178;;0;1;1.4;0;;1;0;0;0;0;0;1;0
289;2026-08-01 19:51:00;Acer;EK271KL1Mbmiipx;15999;4.69;16;27.0;3840x2160;3840;2160;IPS;72;250;1000;178;178;;0;2;2.0;1;1.2;0;0;0;0;1;0;0;0
87;2026-08-01 19:51:00;Acer;EK271P6bi;7899;4.85;169;27.0;1920x1080;1920;1080;IPS;144;250;1000;178;178;;0;1;1.4;0;;1;0;0;0;1;0;0;0
498;2026-08-01 19:51:00;Acer;EK321QKbmiipx;18999;4.17;6;31.5;3840x2160;3840;2160;VA;60;250;3000;178;178;;0;2;2.0;1;1.4;0;0;0;4;1;0;0;0
614;2026-08-01 19:51:00;Acer;HA240YEwi;10999;4.95;44;23.8;1920x1080;1920;1080;IPS;100;250;1300;178;178;;0;1;1.4;0;;1;0;0;0;1;0;0;0
596;2026-08-01 19:51:00;Acer;KA242YE0bi;9499;4.93;40;23.8;1920x1080;1920;1080;IPS;100;250;1000;178;178;;0;1;1.4;0;;1;0;0;0;1;0;0;0
684;2026-08-01 19:51:00;Acer;KA242YG0bi;11999;4.93;40;23.8;1920x1080;1920;1080;IPS;120;250;1500;178;178;;0;1;1.4;0;;1;0;0;0;0;0;0;0
269;2026-08-01 19:51:00;Acer;KA242YGbi;10499;4.81;16;23.8;1920x1080;1920;1080;IPS;120;250;1500;178;178;;0;1;1.4;0;;1;0;0;0;1;0;0;0
538;2026-08-01 19:51:00;Acer;KA242YP6bi;9499;4.31;16;23.8;1920x1080;1920;1080;IPS;144;250;1500;178;178;;0;1;1.4;0;;1;0;0;0;1;0;0;0
540;2026-08-01 19:51:00;Acer;KA252QG0bi;8399;0.0;8;24.5;1920x1080;1920;1080;IPS;120;250;1500;178;178;;0;1;1.4;0;;1;0;0;0;1;0;0;0
668;2026-08-01 19:51:00;Acer;KA272E0BI;12999;4.88;43;27.0;1920x1080;1920;1080;IPS;100;250;1000;178;178;;0;1;1.4;0;;1;0;0;0;1;0;0;0
16;2026-08-01 19:51:00;Acer;KA272G0bi;9199;4.92;206;27.0;1920x1080;1920;1080;IPS;120;250;1500;178;178;;0;1;1.4;0;;1;0;0;0;1;0;0;0
95;2026-08-01 19:51:00;Acer;KA272UAbmipx;10299;4.73;60;27.0;2560x1440;2560;1440;IPS;75;250;1000;178;178;;0;1;2.0;1;1.2;0;0;0;0;1;0;0;0
126;2026-08-01 19:51:00;Acer;KG241YP3bip;8999;4.86;115;23.8;1920x1080;1920;1080;VA;180;250;3000;178;178;;0;1;2.0;1;1.2;0;0;0;0;1;0;0;0
484;2026-08-01 19:51:00;Acer;Nitro ED240QP0bi;9499;4.55;11;23.6;1920x1080;1920;1080;VA;144;250;3000;178;178;1500;1;1;1.4;0;;1;0;0;0;1;0;0;0
455;2026-08-01 19:51:00;Acer;Nitro ED240QSbmiipx;9799;4.74;282;23.6;1920x1080;1920;1080;VA;165;250;3000;178;178;1500;1;2;2.0;1;1.4;0;0;0;0;1;0;0;0
393;2026-08-01 19:51:00;Acer;Nitro ED270RS3biip;14499;4.8;38;27.0;1920x1080;1920;1080;VA;180;250;3000;178;178;1500;1;2;2.0;1;1.4;0;0;0;0;1;0;0;0
374;2026-08-01 19:51:00;Acer;Nitro ED270W0bmiipx;14999;4.89;18;27.0;1920x1080;1920;1080;VA;240;250;3000;178;178;1500;1;2;2.0;1;1.4;0;0;0;0;1;0;0;0
406;2026-08-01 19:51:00;Acer;Nitro ED273US3bmiipx;16999;4.5;22;27.0;2560x1440;2560;1440;VA;180;250;5000;178;178;1500;1;2;2.0;1;1.4;0;0;0;0;1;0;0;0
288;2026-08-01 19:51:00;Acer;Nitro ED320QW0bmiipx;25999;4.55;31;31.5;1920x1080;1920;1080;VA;240;250;3000;178;178;1500;1;2;2.1;1;1.4;0;0;0;0;1;0;0;0
743;2026-08-01 19:51:00;Acer;Nitro ED340CURX0bmiipx;24999;2.87;15;34.0;3440x1440;3440;1440;VA;200;250;4000;178;178;1500;1;2;2.1;1;1.4;0;0;0;0;1;0;0;0
737;2026-08-01 19:51:00;Acer;Nitro ED343CURV3bmiippx;38299;4.86;7;34.0;3440x1440;3440;1440;VA;180;300;4000;178;178;1000;1;2;2.0;2;1.4;0;0;0;0;1;0;0;0
349;2026-08-01 19:51:00;Acer;Nitro EDA323QUS3bmiipx;21299;4.67;27;31.5;2560x1440;2560;1440;VA;180;250;3500;178;178;1500;1;2;2.0;1;1.4;0;0;0;0;1;0;0;0
718;2026-08-01 19:51:00;Acer;Nitro EI322QURPbmiippx;32999;4.45;83;31.5;2560x1440;2560;1440;VA;165;400;3000;178;178;1500;1;1;;2;;0;0;0;0;1;0;0;0
729;2026-08-01 19:51:00;Acer;Nitro EI491CURSbmiipphx;111499;0.0;3;49.0;5120x1440;5120;1440;VA;120;400;3000;178;178;1800;1;2;2.0;2;1.4;0;0;0;0;1;0;0;0
364;2026-08-01 19:51:00;Acer;Nitro KG241YX3bip;9999;4.78;45;23.8;1920x1080;1920;1080;VA;200;300;3000;178;178;;0;1;2.0;1;1.2;0;0;0;0;1;0;0;0
678;2026-08-01 19:51:00;Acer;Nitro KG242YEbmiix;12199;4.87;15;23.8;1920x1080;1920;1080;IPS;100;250;1000;178;178;;0;2;1.4;0;;1;0;0;0;1;0;0;0
442;2026-08-01 19:51:00;Acer;Nitro KG251QF3bmiipx;16499;4.48;14;24.5;1920x1080;1920;1080;IPS;320;250;1000;178;178;;0;2;2.0;1;1.4;0;0;0;0;1;0;0;0
209;2026-08-01 19:51:00;Acer;Nitro KG270X1bmiipx;11399;4.91;34;27.0;1920x1080;1920;1080;IPS;200;250;1000;178;178;;0;2;2.0;1;1.4;0;0;0;0;1;0;0;0
609;2026-08-01 19:51:00;Acer;Nitro QG240YS3bipx;9099;4.61;188;23.8;1920x1080;1920;1080;VA;180;300;4000;178;178;;0;1;2.0;1;1.4;0;0;0;0;1;0;0;0
380;2026-08-01 19:51:00;Acer;Nitro QG271P6bip;12499;4.83;18;27.0;1920x1080;1920;1080;IPS;144;250;1500;178;178;;0;1;1.4;1;1.2;0;0;0;0;1;0;0;0
749;2026-08-01 19:51:00;Acer;Nitro VG270Gbmipx;15499;4.68;19;27.0;1920x1080;1920;1080;IPS;120;250;1500;178;178;;0;2;1.4;1;1.2;0;0;0;0;1;0;0;0
290;2026-08-01 19:51:00;Acer;Nitro VG270KV4bmiipx;27999;4.84;25;27.0;3840x2160;3840;2160;IPS;160;250;1000;178;178;;0;2;2.1;1;1.4;0;0;0;0;1;0;0;0
168;2026-08-01 19:51:00;Acer;Nitro VG270UX1bmiipx;15899;4.86;52;27.0;2560x1440;2560;1440;IPS;200;250;1000;178;178;;0;2;2.0;1;1.4;0;0;0;0;1;0;0;0
186;2026-08-01 19:51:00;Acer;Nitro VG271UM3bmiipx;14999;4.79;52;27.0;2560x1440;2560;1440;IPS;180;250;1000;178;178;;0;2;2.0;1;1.2;0;0;0;0;1;0;0;0
685;2026-08-01 19:51:00;Acer;Nitro VG271Zbmiipx;23399;4.75;16;27.0;1920x1080;1920;1080;IPS;280;400;1000;178;178;;0;2;2.0;1;1.2;0;0;0;0;1;0;0;0
544;2026-08-01 19:51:00;Acer;Nitro VG272UW2bmiipx;28999;4.55;11;27.0;2560x1440;2560;1440;IPS;240;400;1000;178;178;;0;2;2.0;1;1.4;0;0;0;0;1;0;0;0
769;2026-08-01 19:51:00;Acer;Nitro VG273Ebmiix;13999;4.92;12;27.0;1920x1080;1920;1080;IPS;100;250;1000;178;178;;0;2;1.4;0;;1;0;0;0;1;0;0;0
368;2026-08-01 19:51:00;Acer;Nitro XF240YX1bmiiphx;12499;4.83;6;23.8;1920x1080;1920;1080;IPS;200;250;1000;178;178;;0;2;2.0;1;1.4;0;0;0;0;1;0;0;0
244;2026-08-01 19:51:00;Acer;Nitro XF243YP6bipr;10999;4.83;23;23.8;1920x1080;1920;1080;IPS;144;250;1500;178;178;;0;1;1.4;1;1.2;0;0;0;0;1;0;0;0
772;2026-08-01 19:51:00;Acer;Nitro XF270M3biiph;19999;0.0;8;27.0;1920x1080;1920;1080;IPS;180;250;1000;178;178;;0;2;2.0;1;1.4;0;0;0;0;1;0;0;0
776;2026-08-01 19:51:00;Acer;Nitro XF270X1biiph;16999;4.58;19;27.0;1920x1080;1920;1080;IPS;200;250;1000;178;178;;0;2;2.0;1;1.4;0;0;0;0;1;0;0;0
418;2026-08-01 19:51:00;Acer;Nitro XF273UW2bmiiprx;32999;4.79;15;27.0;2560x1440;2560;1440;IPS;240;400;1000;178;178;;0;2;2.0;1;1.4;0;0;0;0;1;0;0;0
763;2026-08-01 19:51:00;Acer;Nitro XV242Fbmiiprx;68499;2.67;3;24.1;1920x1080;1920;1080;TN;540;400;1000;170;160;;0;2;2.0;1;1.4;0;0;0;0;1;0;0;0
519;2026-08-01 19:51:00;Acer;Nitro XV252QFbmiiprx;43999;4.65;120;24.5;1920x1080;1920;1080;IPS;390;400;1000;178;178;;0;2;2.0;1;1.4;0;0;0;0;1;0;0;0
753;2026-08-01 19:51:00;Acer;Nitro XV270X1bmiipx;16899;0.0;1;27.0;1920x1080;1920;1080;IPS;200;250;1000;178;178;;0;2;2.0;1;1.2;0;0;0;0;1;0;0;0
41;2026-08-01 19:51:00;Acer;Nitro XV271UM3BMIIPRX;15899;4.78;418;27.0;2560x1440;2560;1440;IPS;180;250;1000;178;178;;0;2;2.0;1;1.2;0;0;0;0;1;0;0;0
638;2026-08-01 19:51:00;Acer;Nitro XV275KP3biipruzx;46999;4.67;6;27.0;3840x2160;3840;2160;IPS;160;600;1000;178;178;;0;2;2.1;1;1.4;0;0;1;2;1;0;0;0
744;2026-08-01 19:51:00;Acer;Nitro XV275KPymipruzx;33499;4.52;90;27.0;3840x2160;3840;2160;IPS;144;400;1000;178;178;;0;1;2.1;1;1.4;0;0;1;2;1;0;0;0
635;2026-08-01 19:51:00;Acer;Nitro XV275Kymipruzx;23999;4.76;175;27.0;3840x2160;3840;2160;IPS;60;400;1000;178;178;;0;1;2.0;1;1.4;0;0;1;2;1;0;0;0
603;2026-08-01 19:51:00;Acer;Nitro XV320QKP0bmiiprx;41999;4.44;9;31.5;3840x2160;3840;2160;VA;160;250;4000;178;178;;0;2;2.1;1;1.4;0;0;0;0;1;0;0;0
454;2026-08-01 19:51:00;Acer;Nitro XV320QUPbmiiprx;27999;4.73;30;31.5;2560x1440;2560;1440;IPS;180;250;1000;178;178;;0;2;;2;1.2;0;0;0;0;1;0;0;0
705;2026-08-01 19:51:00;Acer;Nitro XV322QKKVbmiiphuzx;71499;4.66;46;31.5;3840x2160;3840;2160;IPS;144;400;1000;178;178;;0;2;2.1;1;1.4;0;0;0;4;1;0;0;0
524;2026-08-01 19:51:00;Acer;Nitro XV322QKV3bmiiphx;42799;4.56;9;31.5;3840x2160;3840;2160;IPS;160;400;1000;178;178;;0;2;2.1;1;1.4;0;0;0;0;1;0;0;0
676;2026-08-01 19:51:00;Acer;Nitro XV345CURV3bmiphuzx;48999;4.78;19;34.0;3440x1440;3440;1440;VA;180;300;3000;178;178;1000;1;1;2.0;1;;0;0;1;2;1;0;0;0
765;2026-08-01 19:51:00;Acer;Nitro XV345CURXbmiipphx;58999;3.21;15;34.0;3440x1440;3440;1440;VA;240;300;4000;178;178;1000;1;2;2.1;2;1.4;0;0;0;0;1;0;0;0
798;2026-08-01 19:51:00;Acer;Nitro XZ340CUHbiiphx;32799;3.92;13;34.0;3440x1440;3440;1440;VA;100;250;3000;178;178;1500;1;2;2.0;1;1.4;0;0;0;0;1;0;0;0
740;2026-08-01 19:51:00;Acer;Nitro XZ342CUS3bmiipphx;46499;4.52;31;34.0;3440x1440;3440;1440;VA;180;400;4000;178;178;1500;1;2;2.0;2;1.4;0;0;0;0;1;0;0;0
711;2026-08-01 19:51:00;Acer;Nitro XZ452CUVbemiiphuzx;81299;4.52;11;44.5;5120x1440;5120;1440;VA;165;450;3000;178;178;1500;1;2;2.1;1;1.4;0;0;1;3;1;0;0;0
600;2026-08-01 19:51:00;Acer;PD163Qbmiuux;32799;4.33;6;15.6;1920x1080;1920;1080;IPS;60;250;800;170;170;;0;1;;0;;0;0;1;0;1;0;0;0
308;2026-08-01 19:51:00;Acer;PM161QB1bmiuux;13499;4.86;14;15.6;1920x1080;1920;1080;IPS;60;250;1000;178;178;;0;1;1.4;0;;0;0;1;0;1;0;0;0
536;2026-08-01 19:51:00;Acer;PM191Q Ebmiuux;18999;4.9;10;18.5;1920x1080;1920;1080;IPS;100;250;1000;178;178;;0;1;1.4;0;;0;0;1;0;0;0;0;0
735;2026-08-01 19:51:00;Acer;Predator X27UFbmiipphuzx;64999;3.67;3;27.0;2560x1440;2560;1440;OLED;360;1000;1500000;178;178;;0;2;2.1;2;1.4;0;0;1;2;1;0;0;0
698;2026-08-01 19:51:00;Acer;Predator X27Ubmiipruzx;60499;0.0;3;26.5;2560x1440;2560;1440;OLED;240;1000;1500000;178;178;;0;2;2.0;1;1.4;0;0;1;2;1;0;0;0
654;2026-08-01 19:51:00;Acer;Predator X32X2bmiiphx;93999;0.0;3;31.5;3840x2160;3840;2160;OLED;240;1000;1500000;178;178;;0;2;2.1;1;1.4;0;0;0;0;1;1;0;0
599;2026-08-01 19:51:00;Acer;Predator X32X5bmiiphuzx;104999;0.0;1;31.5;3840x2160;3840;2160;OLED;240;250;1500000;178;178;;0;2;2.1;1;1.4;0;0;1;2;1;1;1;0
332;2026-08-01 19:51:00;Acer;Predator X32Xbmiipphuzx;87999;4.9;20;31.5;3840x2160;3840;2160;OLED;240;1000;1500000;178;178;1700;1;2;2.1;1;1.4;0;0;1;2;1;0;0;0
716;2026-08-01 19:51:00;Acer;Predator X34V3bmiiphuzx;52499;0.0;6;34.0;3440x1440;3440;1440;VA;180;1000;4000;178;178;1500;1;2;2.0;1;1.4;0;0;1;2;1;0;0;0
611;2026-08-01 19:51:00;Acer;Predator X34Vbmiiphuzx;69499;0.0;5;34.0;3440x1440;3440;1440;OLED;175;1000;1500000;178;178;1800;1;1;2.0;2;1.4;0;0;1;2;1;0;0;0
636;2026-08-01 19:51:00;Acer;Predator X49Vbmiiphuzx;129999;0.0;4;49.0;5120x1440;5120;1440;OLED;144;1000;1500000;178;178;1800;1;2;2.1;1;1.4;0;0;1;2;1;0;0;0
533;2026-08-01 19:51:00;Acer;Predator XB273KV3bmiiprx;33499;4.64;11;27.0;3840x2160;3840;2160;IPS;160;400;1000;178;178;;0;2;2.1;1;1.4;0;0;0;0;1;0;0;0
774;2026-08-01 19:51:00;Acer;Predator XB273UV3bmiiprzx;31499;4.59;32;27.0;2560x1440;2560;1440;IPS;180;400;1000;178;178;;0;2;2.0;1;1.2;0;0;0;4;1;0;0;0
704;2026-08-01 19:51:00;Acer;Predator XB323QKV3bmiiphx;79499;4.8;10;31.5;3840x2160;3840;2160;IPS;160;400;1000;178;178;;0;2;2.1;1;1.4;0;0;0;0;1;0;0;0
712;2026-08-01 19:51:00;Acer;Predator XB323QUM3bmiiphx;44299;4.62;21;31.5;2560x1440;2560;1440;IPS;180;250;1000;178;178;;0;2;2.0;1;1.2;0;0;0;0;0;1;1;0
790;2026-08-01 19:51:00;Acer;ProCreator PE320QXTbmiiphcuzx;101499;4.8;0;31.5;6016x3384;6016;3384;IPS;;600;2000;178;178;;0;1;2.1;1;2.1;0;0;0;3;0;0;0;0
48;2026-08-01 19:51:00;Acer;SA242YH1bi;6999;4.79;119;23.8;1920x1080;1920;1080;VA;100;250;3000;178;178;;0;1;1.4;0;;1;0;0;0;0;0;0;0
215;2026-08-01 19:51:00;Acer;SA242YUP1bmipx;12999;4.7;46;23.8;2560x1440;2560;1440;IPS;144;250;1500;178;178;;0;1;2.0;1;1.4;0;0;0;0;1;0;0;0
264;2026-08-01 19:51:00;Acer;SB322QAbi;15999;4.65;32;31.5;1920x1080;1920;1080;IPS;75;300;1000;178;178;;0;1;1.4;0;;1;0;0;0;1;0;0;0
130;2026-08-01 19:51:00;Acer;SB322QUEbmipx;19699;0.0;17;31.5;2560x1440;2560;1440;IPS;100;300;1000;178;178;;0;1;2.0;1;1.2;0;0;0;0;1;0;0;0
764;2026-08-01 19:51:00;Acer;SH242YG0bmihux;12299;0.0;1;23.8;1920x1080;1920;1080;IPS;120;250;1500;178;178;;0;1;1.4;0;;0;0;1;0;1;0;0;0
612;2026-08-01 19:51:00;Acer;SH322QKbmiiphx;28599;4.69;13;31.5;3840x2160;3840;2160;VA;60;250;3000;178;178;;0;2;2.0;1;1.2;0;0;0;0;0;0;1;0
731;2026-08-01 19:51:00;Acer;UT272bmipzx;44999;3.67;2;27.0;1920x1080;1920;1080;IPS;75;360;1000;178;178;;0;1;1.4;1;1.2;0;0;0;2;1;0;0;0
785;2026-08-01 19:51:00;Acer;Vero B247YEbmiprxv;18999;4.8;0;23.8;1920x1080;1920;1080;IPS;100;250;1000;178;178;;0;1;1.4;1;1.2;1;0;0;0;1;0;0;0
752;2026-08-01 19:51:00;Acer;Vero B247YEwmiprxv;16999;3.89;5;23.8;1920x1080;1920;1080;IPS;100;250;1000;178;178;;0;1;1.4;1;1.2;1;0;0;0;1;0;0;0
750;2026-08-01 19:51:00;Acer;Vero B277KC3bmipruzx;23199;4.63;8;27.0;3840x2160;3840;2160;IPS;60;350;1000;178;178;;0;1;2.0;1;1.2;0;0;1;4;1;0;0;0
677;2026-08-01 19:51:00;Acer;Vero B277UD3bmiqprcuzx;33299;0.0;3;27.0;2560x1440;2560;1440;IPS;100;350;1000;178;178;;0;1;2.0;1;1.2;0;0;0;3;1;0;0;0
695;2026-08-01 19:51:00;Acer;Vero B277bmiprzxv;14399;4.38;8;27.0;1920x1080;1920;1080;IPS;75;250;1000;178;178;;0;1;1.4;1;1.2;1;0;0;4;0;0;0;0
757;2026-08-01 19:51:00;Acer;Vero CB242YE3bmiruxv;18599;4.8;0;23.8;1920x1080;1920;1080;IPS;100;250;1000;178;178;;0;1;1.4;0;;0;0;1;0;1;0;0;0
783;2026-08-01 19:51:00;Acer;Vero CB271bmirux;23799;4.8;0;27.0;1920x1080;1920;1080;IPS;75;250;1000;178;178;;0;1;1.4;0;;0;0;1;0;1;0;0;0
709;2026-08-01 19:51:00;Acer;Vero CB272E3bmirux;22399;0.0;2;27.0;1920x1080;1920;1080;IPS;100;250;1000;178;178;;0;1;1.4;0;;0;0;1;0;1;0;0;0
782;2026-08-01 19:51:00;Acer;Vero CB272E3bmirux;16599;4.8;0;27.0;1920x1080;1920;1080;IPS;100;250;1000;178;178;;0;1;1.4;0;;0;0;1;0;1;0;0;0
647;2026-08-01 19:51:00;Acer;Vero CB272UE3bmiprux;21999;0.0;5;27.0;2560x1440;2560;1440;IPS;100;350;1000;178;178;;0;1;2.0;1;1.2;0;0;1;0;1;0;0;0
574;2026-08-01 19:51:00;Acer;Vero CB273Ubemipruzxv;21499;4.7;48;27.0;2560x1440;2560;1440;IPS;75;350;1000;178;178;;0;1;2.0;1;1.2;0;0;1;4;1;0;0;0
659;2026-08-01 19:51:00;Acer;Vero CB343CURbemiiphuzx;49999;0.0;4;34.0;3440x1440;3440;1440;IPS;60;300;1000;178;178;3800;1;2;2.0;1;1.2;0;0;0;4;1;0;0;0
792;2026-08-01 19:51:00;Acer;Vero V247YHbmipxv;12199;4.8;0;23.8;1920x1080;1920;1080;VA;100;250;1000;178;178;;0;1;1.4;1;1.2;1;0;0;0;0;0;0;0
797;2026-08-01 19:51:00;Acer;XZ323QUX2bmiiprx;25599;3.67;3;31.5;2560x1440;2560;1440;VA;144;250;3000;178;178;1000;1;1;1.4;0;;0;0;0;0;1;0;0;0
591;2026-08-01 19:51:00;Apple;Studio Display;214999;0.0;3;27.0;5120x2880;5120;2880;IPS;60;600;;178;178;;0;0;;0;;0;0;0;2;0;0;0;0
594;2026-08-01 19:51:00;Apple;Studio Display;215999;0.0;9;27.0;5120x2880;5120;2880;IPS;60;600;;178;178;;0;0;;0;;0;0;1;3;0;0;0;0
719;2026-08-01 19:51:00;Apple;Studio Display;254999;0.0;3;27.0;5120x2880;5120;2880;IPS;60;600;;178;178;;0;0;;0;;0;0;0;2;0;0;0;0
724;2026-08-01 19:51:00;Apple;Studio Display XDR;422999;0.0;0;27.0;5120x2880;5120;2880;IPS;120;1000;;178;178;;0;0;;0;;0;0;0;2;0;0;1;0
725;2026-08-01 19:51:00;AsRock;CL25FF;8899;4.82;11;24.5;1920x1080;1920;1080;IPS;100;300;1300;178;178;;0;1;1.4;0;;1;0;0;0;1;0;0;0
773;2026-08-01 19:51:00;AsRock;CL27FF;12499;4.8;20;27.0;1920x1080;1920;1080;IPS;100;300;1000;178;178;;0;1;1.4;0;;1;0;0;0;1;0;0;0
681;2026-08-01 19:51:00;AsRock;PG27FFT1B;14399;4.7;27;27.0;1920x1080;1920;1080;IPS;180;450;1000;178;178;;0;2;2.0;1;1.2;0;0;0;0;1;0;0;0
736;2026-08-01 19:51:00;AsRock;PG27FFX2A;43299;3.67;3;27.0;1920x1080;1920;1080;IPS;520;400;1000;178;178;;0;2;2.1;1;1.4;0;0;0;2;1;0;0;0
741;2026-08-01 19:51:00;AsRock;PGO27QFV;63499;0.0;1;27.0;2560x1440;2560;1440;OLED;360;1000;1500000;178;178;;0;2;2.1;1;1.4;0;0;1;0;1;0;0;0
693;2026-08-01 19:51:00;AsRock;Phantom Gaming PG27FRS1A;18499;4.82;23;27.0;1920x1080;1920;1080;VA;280;300;4000;178;178;1500;1;2;2.0;1;1.2;0;0;0;0;1;0;0;0
674;2026-08-01 19:51:00;AsRock;Phantom Gaming PGO27QFS;56299;4.67;3;27.0;2560x1440;2560;1440;OLED;240;1300;1500000;178;178;;0;2;2.1;2;1.4;0;0;1;2;1;0;0;0
190;2026-08-01 19:51:00;Asus;ProArt Display PA278QGV;26499;4.93;15;27.0;2560x1440;2560;1440;IPS;;350;1500;178;178;;0;1;2.0;1;1.4;0;0;0;4;0;0;0;0
254;2026-08-01 19:51:00;Asus;ROG STRIX XG27AQDMES;49999;4.85;13;26.5;2560x1440;2560;1440;OLED;240;400;1500000;178;178;;0;1;2.1;1;1.4;0;0;0;0;1;1;1;0
354;2026-08-01 19:51:00;Asus;ROG STRIX XG27AQDNG;69999;0.0;5;26.5;2560x1440;2560;1440;OLED;360;1000;1500000;178;178;;0;1;2.1;1;1.4;0;0;0;2;1;1;0;0
331;2026-08-01 19:51:00;Asus;ROG STRIX XG27AQWMG;62999;0.0;6;26.5;2560x1440;2560;1440;OLED;280;1500;1500000;178;178;;0;1;2.1;1;1.4;0;0;0;2;0;0;1;0
532;2026-08-01 19:51:00;Asus;ROG Strix XG279CNS;38999;4.8;8;27.0;1920x1080;1920;1080;IPS;380;400;1000;178;178;;0;1;2.1;1;1.4;0;0;1;0;1;1;1;0
385;2026-08-01 19:51:00;Asus;TUF Gaming VG279QE5A;14199;0.0;22;27.0;1920x1080;1920;1080;IPS;146;300;1500;178;178;;0;1;2.0;1;1.2;0;0;0;0;0;0;1;0
672;2026-08-01 19:51:00;Asus;TUF Gaming VG27UQEL5A;25999;4.8;0;27.0;3840x2160;3840;2160;IPS;80;400;1000;178;178;;0;2;2.0;1;1.4;0;0;0;1;1;1;1;0
625;2026-08-01 19:51:00;Asus;TUF Gaming VG27VQM1B;21999;4.56;5;27.0;1920x1080;1920;1080;VA;280;250;4000;178;178;1500;1;2;2.0;1;1.2;0;0;0;0;1;0;1;0
466;2026-08-01 19:51:00;Asus;VA27UCPS Business;32999;0.0;7;27.0;3840x2160;3840;2160;IPS;60;350;1000;178;178;;0;1;2.0;1;1.4;0;0;1;4;0;0;1;0
619;2026-08-01 19:51:00;BenQ;BL2790;16399;4.68;10;27.0;1920x1080;1920;1080;IPS;100;250;1300;178;178;;0;2;1.4;1;1.2;0;0;0;0;0;0;0;0
506;2026-08-01 19:51:00;BenQ;Mobiuz EX3210U;68299;0.0;4;32.0;3840x2160;3840;2160;IPS;144;600;1000;178;178;;0;2;2.1;1;1.4;0;0;0;4;1;0;0;0
586;2026-08-01 19:51:00;Cooler;Master GM27-CFX;14899;4.69;197;27.0;1920x1080;1920;1080;VA;240;400;3000;178;178;1500;1;2;2.0;1;1.2;0;0;0;0;1;1;0;0
330;2026-08-01 19:51:00;DEXP;DF22H1;7499;4.7;2100;21.4;1920x1080;1920;1080;VA;75;250;3000;170;170;;0;1;1.4;0;;1;0;0;0;1;0;0;0
199;2026-08-01 19:51:00;DEXP;DF22N1K;5899;4.84;76;21.45;1920x1080;1920;1080;VA;100;250;3000;178;178;;0;1;1.4;0;;1;0;0;0;1;0;0;0
89;2026-08-01 19:51:00;DEXP;DF22N2;5999;4.71;482;21.45;1920x1080;1920;1080;VA;100;250;3000;178;178;;0;1;1.4;0;;1;0;0;0;0;0;0;0
6;2026-08-01 19:51:00;DEXP;DF22N2S;5199;4.77;895;21.45;1920x1080;1920;1080;VA;100;250;3000;178;178;;0;1;1.4;0;;1;0;0;0;1;0;0;0
151;2026-08-01 19:51:00;DEXP;DF22N3S;5299;4.77;895;21.45;1920x1080;1920;1080;VA;100;250;3000;178;178;;0;1;1.4;0;;1;0;0;0;1;0;0;0
180;2026-08-01 19:51:00;DEXP;DF24H1S;7199;0.0;13;23.8;1920x1080;1920;1080;IPS;144;250;1500;178;178;;0;1;2.1;1;1.4;0;0;0;0;0;0;1;0
234;2026-08-01 19:51:00;DEXP;DF24H1U;9899;4.81;106;23.8;1920x1080;1920;1080;IPS;75;250;1000;178;178;;0;1;1.4;0;;1;0;1;2;0;0;1;0
242;2026-08-01 19:51:00;DEXP;DF24H1UC;9899;4.72;46;23.8;1920x1080;1920;1080;IPS;75;250;1000;178;178;;0;1;1.4;0;;1;0;1;2;0;0;1;0
3;2026-08-01 19:51:00;DEXP;DF24N1;6999;4.83;1600;23.8;1920x1080;1920;1080;IPS;100;300;1000;178;178;;0;1;2.0;0;;1;0;0;0;1;0;0;0
112;2026-08-01 19:51:00;DEXP;DF24N1;7499;4.83;165;23.8;1920x1080;1920;1080;IPS;100;300;1000;178;178;;0;1;2.0;0;;1;0;0;0;1;0;0;0
675;2026-08-01 19:51:00;DEXP;DF24N1;6199;4.8;1200;23.8;1920x1080;1920;1080;IPS;75;300;1000;178;178;;0;1;2.0;0;;1;0;0;0;0;0;0;0
27;2026-08-01 19:51:00;DEXP;DF24N1S;6899;4.82;165;23.8;1920x1080;1920;1080;IPS;100;250;1000;178;178;;0;1;1.4;0;;1;0;0;0;1;0;0;0
23;2026-08-01 19:51:00;DEXP;DF24N2;6699;4.75;773;23.8;1920x1080;1920;1080;VA;100;300;4000;178;178;;0;1;2.0;0;;1;0;0;0;1;0;0;0
127;2026-08-01 19:51:00;DEXP;DF24N4;7399;4.82;112;23.8;1920x1080;1920;1080;IPS;144;300;1500;178;178;;0;1;1.4;0;;1;0;0;0;1;0;0;0
297;2026-08-01 19:51:00;DEXP;DF27H1;9999;4.79;613;27.0;1920x1080;1920;1080;IPS;75;300;1000;178;178;;0;1;2.0;0;;1;0;0;0;1;0;0;0
359;2026-08-01 19:51:00;DEXP;DF27H1UC;14199;4.65;35;27.0;1920x1080;1920;1080;IPS;100;300;1300;178;178;;0;1;1.4;0;;1;0;1;2;0;0;1;0
473;2026-08-01 19:51:00;DEXP;DF27H2;9899;4.79;613;27.0;1920x1080;1920;1080;VA;75;300;4000;178;178;;0;1;2.0;0;;1;0;0;0;1;0;0;0
47;2026-08-01 19:51:00;DEXP;DF27N1;8899;4.83;1600;27.0;1920x1080;1920;1080;IPS;100;300;1300;178;178;;0;1;2.1;0;;1;0;0;0;0;0;0;0
504;2026-08-01 19:51:00;DEXP;DF27N1;10799;4.77;736;27.0;1920x1080;1920;1080;IPS;75;300;1000;178;178;;0;1;2.1;0;;1;0;0;0;0;0;0;0
92;2026-08-01 19:51:00;DEXP;DF27N1 V2;9099;4.93;30;27.0;1920x1080;1920;1080;IPS;144;300;1500;178;178;;0;1;2.1;1;1.2;1;0;0;0;1;0;0;0
18;2026-08-01 19:51:00;DEXP;DF27N2;8699;4.81;370;27.0;1920x1080;1920;1080;VA;100;300;4000;178;178;;0;1;2.0;0;;1;0;0;0;1;0;0;0
259;2026-08-01 19:51:00;DEXP;DF27N2;8399;4.77;736;27.0;1920x1080;1920;1080;VA;75;300;4000;178;178;;0;1;2.1;0;;1;0;0;0;1;0;0;0
378;2026-08-01 19:51:00;DEXP;DF27N3;11999;4.76;146;27.0;1920x1080;1920;1080;VA;75;300;4000;178;178;1500;1;1;1.4;0;;1;0;0;0;0;0;0;0
156;2026-08-01 19:51:00;DEXP;DF27N4;9099;4.88;9;27.0;1920x1080;1920;1080;IPS;144;300;1500;178;178;;0;1;2.1;0;;1;0;0;0;1;0;0;0
160;2026-08-01 19:51:00;DEXP;DQ27H1;14399;4.86;74;27.0;2560x1440;2560;1440;IPS;100;300;1300;178;178;;0;2;2.0;1;1.4;0;0;0;0;1;1;0;0
150;2026-08-01 19:51:00;DEXP;DQ27H1 V2;13999;4.9;21;27.0;2560x1440;2560;1440;IPS;144;300;1500;178;178;;0;2;2.0;1;1.4;0;0;0;0;1;1;0;0
58;2026-08-01 19:51:00;DEXP;DQ27N1;9299;4.83;431;27.0;2560x1440;2560;1440;IPS;100;300;1300;178;178;;0;2;2.1;1;1.4;0;0;0;0;0;0;0;0
38;2026-08-01 19:51:00;DEXP;DQ27N1 V2;8999;4.73;312;27.0;2560x1440;2560;1440;IPS;100;300;1300;178;178;;0;2;2.1;1;1.4;0;0;0;0;1;1;0;0
67;2026-08-01 19:51:00;DEXP;DQ27N1 V3;11499;4.86;51;27.0;2560x1440;2560;1440;IPS;144;300;1500;178;178;;0;2;2.1;1;1.4;0;0;0;0;0;0;0;0
85;2026-08-01 19:51:00;DEXP;DQ27N2;10199;4.8;178;27.0;2560x1440;2560;1440;IPS;100;300;1300;178;178;;0;1;2.0;1;1.4;0;0;0;0;1;1;0;0
388;2026-08-01 19:51:00;DEXP;DQ27N2;10999;4.69;312;27.0;2560x1440;2560;1440;VA;75;300;4000;178;178;;0;2;2.1;1;1.4;0;0;0;0;0;1;0;0
21;2026-08-01 19:51:00;DEXP;DQ32N1;15199;4.81;882;31.5;2560x1440;2560;1440;IPS;100;350;1000;178;178;;0;2;2.1;1;1.4;0;0;0;0;1;1;0;0
340;2026-08-01 19:51:00;DEXP;DU27N1;15399;4.74;62;27.0;3840x2160;3840;2160;IPS;60;300;1000;178;178;;0;2;2.0;1;1.4;0;0;0;0;1;1;0;0
178;2026-08-01 19:51:00;DEXP;DU32N1;15999;4.66;87;31.5;3840x2160;3840;2160;VA;60;300;3000;178;178;;0;2;2.0;1;1.4;0;0;0;0;1;1;0;0
595;2026-08-01 19:51:00;DEXP;GS DF24N1;10699;3.96;54;23.8;1920x1080;1920;1080;IPS;180;250;1000;178;178;;0;2;2.0;1;1.4;0;0;0;0;1;0;0;0
707;2026-08-01 19:51:00;DEXP;GS DF24N1S2;7999;0.0;2;23.8;1920x1080;1920;1080;IPS;200;300;1000;178;178;;0;1;2.1;1;1.4;0;0;0;0;1;0;0;0
515;2026-08-01 19:51:00;DEXP;GS DQW34N2;19999;0.0;4;34.0;3440x1440;3440;1440;VA;180;300;3000;178;178;1000;1;2;2.1;2;1.4;0;0;0;0;1;0;0;0
697;2026-08-01 19:51:00;Dell;Alienware AW2524HF;74299;3.67;6;24.5;1920x1080;1920;1080;IPS;500;400;1000;178;178;;0;1;2.1;2;1.4;0;0;0;4;1;0;0;0
566;2026-08-01 19:51:00;Dell;Alienware AW2525HM;36299;4.53;9;24.5;1920x1080;1920;1080;IPS;320;400;1000;178;178;;0;2;2.1;1;1.4;0;0;0;2;1;1;0;0
629;2026-08-01 19:51:00;Dell;Alienware AW2723DF;64999;0.0;13;27.0;2560x1440;2560;1440;IPS;280;600;1000;178;178;;0;2;2.0;1;1.4;0;0;0;4;1;1;0;0
520;2026-08-01 19:51:00;Dell;Alienware AW2724HF;41499;4.42;10;27.0;1920x1080;1920;1080;IPS;360;400;1000;178;178;;0;1;2.1;2;1.4;0;0;0;4;1;0;0;0
497;2026-08-01 19:51:00;Dell;Alienware AW2725DF;85299;0.0;3;26.5;2560x1440;2560;1440;OLED;360;1000;1500000;178;178;;0;1;2.1;2;1.4;0;0;0;4;1;0;0;0
531;2026-08-01 19:51:00;Dell;Alienware AW3225QF;150999;0.0;29;31.6;3840x2160;3840;2160;OLED;240;1000;1000000;178;178;1700;1;2;2.1;1;1.4;0;0;0;4;0;1;1;0
606;2026-08-01 19:51:00;Dell;Alienware AW3423DWF;113499;0.0;9;34.0;3440x1440;3440;1440;OLED;165;1000;1000000;178;178;1800;1;1;2.0;2;1.4;0;0;0;4;1;0;0;0
700;2026-08-01 19:51:00;Dell;P2424HEB;31499;3.33;3;23.8;1920x1080;1920;1080;IPS;60;250;1000;178;178;;0;1;1.4;1;1.2;0;0;1;4;0;0;0;0
631;2026-08-01 19:51:00;Dell;P2424HT;44299;0.0;0;24.0;1920x1080;1920;1080;IPS;60;300;1000;178;178;;0;1;1.4;1;1.2;0;0;1;4;0;0;0;0
550;2026-08-01 19:51:00;Dell;P2425D;25999;4.73;11;23.8;2560x1440;2560;1440;IPS;100;350;1500;178;178;;0;1;2.1;1;1.4;0;0;0;4;0;0;0;0
299;2026-08-01 19:51:00;Dell;P2425H;15999;4.94;33;23.8;1920x1080;1920;1080;IPS;100;250;1500;178;178;;0;1;1.4;1;1.2;1;0;0;4;0;0;0;0
567;2026-08-01 19:51:00;Dell;P2425HE;24999;0.0;2;23.8;1920x1080;1920;1080;IPS;100;250;1500;178;178;;0;1;1.4;1;1.4;0;0;0;4;0;0;0;0
564;2026-08-01 19:51:00;Dell;P2725D;29999;4.71;7;27.0;2560x1440;2560;1440;IPS;100;350;1500;178;178;;0;1;2.1;1;1.4;0;0;0;4;0;0;0;0
593;2026-08-01 19:51:00;Dell;P3223DE;46799;0.0;0;31.5;2560x1440;2560;1440;IPS;60;350;1000;178;178;;0;1;1.4;1;1.4;0;0;1;4;0;0;0;0
435;2026-08-01 19:51:00;Dell;P3225QE;51799;4.86;7;31.5;3840x2160;3840;2160;IPS;100;350;1500;178;178;;0;1;2.1;1;1.4;0;0;1;4;0;0;1;0
642;2026-08-01 19:51:00;Dell;P3424WE;64299;4.33;2;34.0;3440x1440;3440;1440;IPS;60;300;1000;178;178;3800;1;1;2.0;1;1.2;0;0;1;4;0;0;0;0
657;2026-08-01 19:51:00;Dell;P3424WEB;67299;0.0;1;34.0;3440x1440;3440;1440;IPS;60;300;1000;178;178;3800;1;1;2.0;1;1.2;0;0;1;4;0;0;0;0
553;2026-08-01 19:51:00;Dell;S2425H;14199;4.9;10;23.8;1920x1080;1920;1080;IPS;100;250;1500;178;178;;0;2;1.4;0;;0;0;0;0;0;0;0;0
475;2026-08-01 19:51:00;Dell;S2725H;15299;0.0;6;27.0;1920x1080;1920;1080;IPS;100;250;1500;178;178;;0;2;1.4;0;;0;0;0;0;0;0;0;0
496;2026-08-01 19:51:00;Dell;SE2225H;8799;4.89;9;21.45;1920x1080;1920;1080;VA;75;250;3000;178;178;;0;1;1.4;0;;1;0;0;0;0;0;0;0
490;2026-08-01 19:51:00;Dell;SE2425H;10799;4.8;5;23.8;1920x1080;1920;1080;VA;75;250;3000;178;178;;0;1;1.4;0;;1;0;0;0;0;0;0;0
551;2026-08-01 19:51:00;Dell;SE2725H;12399;0.0;4;27.0;1920x1080;1920;1080;VA;75;300;3000;178;178;;0;1;1.4;0;;1;0;0;0;0;0;0;0
587;2026-08-01 19:51:00;Dell;U4025QW;179999;0.0;1;39.7;5120x2160;5120;2160;IPS;120;450;2000;178;178;2500;1;1;1.4;2;1.4;0;0;1;4;1;1;0;0
699;2026-08-01 19:51:00;Dell;U4924DW;169999;0.0;2;49.0;5120x1440;5120;1440;IPS;60;350;2000;178;178;3800;1;2;2.1;1;1.4;0;0;1;8;0;0;0;0
575;2026-08-01 19:51:00;Dell;UltraSharp U2424HE;34499;4.75;8;23.8;1920x1080;1920;1080;IPS;120;250;1000;178;178;;0;1;1.4;1;;0;0;1;5;0;0;0;0
734;2026-08-01 19:51:00;Dell;UltraSharp U3824DW;125999;0.0;1;37.5;3840x1600;3840;1600;IPS;60;300;2000;178;178;2300;1;2;2.1;1;1.4;0;0;1;7;0;0;0;0
799;2026-08-01 19:51:00;GIGABYTE;AORUS FI32Q;41499;3.75;17;31.5;2560x1440;2560;1440;IPS;165;350;1000;178;178;;0;2;2.0;1;1.4;0;0;1;2;1;1;0;0
713;2026-08-01 19:51:00;GIGABYTE;AORUS FI32U;92999;4.87;56;31.5;3840x2160;3840;2160;IPS;144;350;1000;178;178;;0;2;2.1;1;1.4;0;0;0;4;1;0;0;0
771;2026-08-01 19:51:00;GIGABYTE;AORUS FO32U2;89999;0.0;8;31.5;3840x2160;3840;2160;OLED;240;1000;1500000;178;178;;0;2;2.1;1;1.4;0;0;0;2;1;0;0;0
547;2026-08-01 19:51:00;GIGABYTE;G34WQCP;33299;4.91;12;34.0;3440x1440;3440;1440;VA;180;300;4000;178;178;1500;1;2;2.0;1;1.4;0;0;0;0;0;0;0;0
307;2026-08-01 19:51:00;GIGABYTE;GS25F2A EK;12499;4.62;31;24.5;1920x1080;1920;1080;IPS;240;300;1000;178;178;;0;2;2.0;1;1.4;0;0;0;0;1;0;0;0
222;2026-08-01 19:51:00;GIGABYTE;GS27FA EU;12299;4.68;39;27.0;1920x1080;1920;1080;IPS;180;300;1000;178;178;;0;2;2.0;1;1.4;0;0;0;0;1;0;0;0
492;2026-08-01 19:51:00;GIGABYTE;GS27FC;13199;0.0;10;27.0;1920x1080;1920;1080;VA;180;250;3000;178;178;1500;1;2;2.0;1;1.4;0;0;0;0;1;0;0;0
119;2026-08-01 19:51:00;GIGABYTE;GS27FC2 EK;14999;4.79;57;27.0;1920x1080;1920;1080;VA;240;350;3000;178;178;1500;1;2;2.0;1;1.4;0;0;0;0;0;0;1;0
65;2026-08-01 19:51:00;GIGABYTE;GS27QA EU;15899;4.76;178;27.0;2560x1440;2560;1440;IPS;180;300;1000;178;178;;0;2;2.0;1;1.4;0;0;0;0;1;0;0;0
476;2026-08-01 19:51:00;GIGABYTE;GS27U;31999;4.87;49;27.0;3840x2160;3840;2160;IPS;160;350;1000;178;178;;0;2;2.1;1;1.4;0;0;0;0;0;0;1;0
687;2026-08-01 19:51:00;GIGABYTE;GS32Q EK;29999;4.33;3;31.5;2560x1440;2560;1440;IPS;170;300;1200;178;178;;0;2;2.0;1;1.4;0;0;0;0;1;0;0;0
500;2026-08-01 19:51:00;GIGABYTE;GS32QCA;23299;4.77;13;31.5;2560x1440;2560;1440;VA;180;250;3500;178;178;1500;1;2;2.0;1;1.4;0;0;0;0;1;0;1;0
488;2026-08-01 19:51:00;GIGABYTE;M27UP EK;33999;4.91;57;27.0;3840x2160;3840;2160;IPS;160;350;1000;178;178;;0;2;2.1;1;1.4;0;0;1;3;1;1;0;0
166;2026-08-01 19:51:00;GIGABYTE;MO27Q2A EK;54499;4.92;49;27.0;2560x1440;2560;1440;OLED;280;250;1500000;178;178;;0;2;2.1;1;1.4;0;0;1;3;1;1;0;0
751;2026-08-01 19:51:00;GIGABYTE;MO27Q2A EK;54299;4.8;0;27.0;2560x1440;2560;1440;OLED;280;250;1500000;178;178;;0;2;2.1;1;1.4;0;0;1;3;1;1;0;0
415;2026-08-01 19:51:00;GIGABYTE;MO27U2;72999;4.73;12;27.0;3840x2160;3840;2160;OLED;240;250;1500000;178;178;;0;2;2.1;1;1.4;0;0;1;2;1;1;1;0
432;2026-08-01 19:51:00;GIGABYTE;MO32U2 EK;89999;4.8;21;31.5;3840x2160;3840;2160;OLED;240;1000;1500000;178;178;;0;2;2.1;1;1.4;0;0;1;2;1;1;0;0
489;2026-08-01 19:51:00;GIGABYTE;MO34WQC2;75799;4.9;22;34.0;3440x1440;3440;1440;OLED;240;250;1500000;178;178;;0;2;2.1;1;1.4;0;0;1;2;1;0;0;0
742;2026-08-01 19:51:00;GigaByte;"26.5"" MO27Q3 EK";66999;0.0;1;26.5;2560x1440;2560;1440;OLED;360;1000;1500000;178;178;;0;2;2.1;1;1.4;0;0;0;3;1;1;0;0
703;2026-08-01 19:51:00;GigaByte;G27U EK;29999;4.8;0;27.0;3840x2160;3840;2160;IPS;320;350;1000;178;178;;0;2;2.1;1;1.4;0;0;0;1;1;1;0;0
194;2026-08-01 19:51:00;GigaByte;GO27Q24G;43299;0.0;15;27.0;2560x1440;2560;1440;OLED;240;1300;1500000;178;178;;0;2;2.1;1;1.4;0;0;1;1;1;1;0;0
320;2026-08-01 19:51:00;GigaByte;MO27Q28GR;56499;0.0;9;27.0;2560x1440;2560;1440;OLED;280;355;1500000;178;178;;0;2;2.1;1;1.4;0;0;1;4;0;1;0;0
396;2026-08-01 19:51:00;GigaByte;MO27Q2A ICE;54499;4.92;49;27.0;2560x1440;2560;1440;OLED;280;250;1500000;178;178;;0;2;2.1;1;1.4;0;0;1;3;1;1;0;0
789;2026-08-01 19:51:00;HIPER;ProView SB2701;24199;0.0;0;27.0;3840x2160;3840;2160;IPS;60;300;1000;178;178;;0;1;2.1;1;1.4;0;0;1;2;1;0;0;0
134;2026-08-01 19:51:00;Hisense;24G3Q;9999;4.79;43;24.0;1920x1080;1920;1080;IPS;240;320;1000;178;178;;0;2;2.0;1;;0;0;0;0;1;0;0;0
337;2026-08-01 19:51:00;Hisense;24N3G-PRO;7999;4.74;94;23.8;1920x1080;1920;1080;IPS;100;250;1000;178;178;;0;1;1.4;0;;1;0;0;0;0;0;1;0
212;2026-08-01 19:51:00;Hisense;24N3Q;7999;4.83;126;23.8;1920x1080;1920;1080;IPS;144;250;1000;178;178;;0;1;1.4;0;;1;0;0;0;0;0;0;0
452;2026-08-01 19:51:00;Hisense;24N3Q-PRO;8999;0.0;6;24.0;1920x1080;1920;1080;IPS;144;250;1000;89;89;;0;1;;1;;1;0;0;0;0;0;1;0
472;2026-08-01 19:51:00;Hisense;27G3Q;12999;4.69;13;27.0;1920x1080;1920;1080;IPS;240;320;1000;178;178;;0;2;2.0;1;1.2;0;0;0;0;1;0;0;0
295;2026-08-01 19:51:00;Hisense;27G6K-PRO;20999;4.62;217;27.0;2560x1440;2560;1440;IPS;240;320;1000;89;89;;0;2;;1;;0;0;0;0;1;0;0;0
96;2026-08-01 19:51:00;Hisense;27G6Q PRO;22999;0.0;35;27.0;2560x1440;2560;1440;IPS;320;320;1000;178;178;;0;2;;1;;0;0;0;0;1;0;0;0
535;2026-08-01 19:51:00;Hisense;27G7Q PRO;44999;4.57;7;27.0;3840x2160;3840;2160;IPS;160;350;1000;89;89;;0;2;2.0;1;1.4;0;0;1;2;1;0;0;0
578;2026-08-01 19:51:00;Hisense;27N3G-PRO;9999;4.81;37;27.0;1920x1080;1920;1080;IPS;100;250;1000;178;178;;0;1;1.4;0;;1;0;0;0;0;0;1;0
43;2026-08-01 19:51:00;Hisense;27N3Q;8599;4.93;67;27.0;1920x1080;1920;1080;IPS;144;250;1000;89;89;;0;1;1.4;0;;1;0;0;0;0;0;1;0
303;2026-08-01 19:51:00;Hisense;27N3Q-PRO;10999;0.0;3;27.0;1920x1080;1920;1080;IPS;144;250;1000;178;178;;0;1;1.4;1;1.2;1;0;0;0;0;0;1;0
376;2026-08-01 19:51:00;Hisense;34G6K-PRO;24999;4.8;44;34.0;3440x1440;3440;1440;VA;180;280;4000;178;178;1000;1;2;2.0;1;1.4;0;0;0;0;1;0;0;0
494;2026-08-01 19:51:00;Hisense;34G6Q PRO;28999;4.17;6;34.0;3440x1440;3440;1440;VA;240;320;3000;89;89;1000;1;2;2.0;1;1.4;0;0;0;0;1;0;0;0
691;2026-08-01 19:51:00;Horizont;H27Z320;21399;0.0;0;27.0;2560x1440;2560;1440;IPS;320;300;1000;178;178;;0;0;;2;;0;1;0;0;0;1;0;0
522;2026-08-01 19:51:00;Iiyama;ProLite T2452MSC-B1;27399;4.7;0;23.8;1920x1080;1920;1080;IPS;60;400;1000;178;178;;0;1;1.4;1;1.2;0;0;0;2;0;0;0;0
688;2026-08-01 19:51:00;KEYRON;KF27N1;9399;4.8;50;27.0;1920x1080;1920;1080;IPS;100;300;1000;178;178;;0;1;1.4;1;1.2;0;0;1;0;0;0;1;0
325;2026-08-01 19:51:00;KEYRON;KQ27N1;14299;4.72;172;27.0;2560x1440;2560;1440;IPS;165;300;1000;178;178;;0;2;2.0;1;1.2;0;0;0;0;1;1;0;0
356;2026-08-01 19:51:00;KEYRON;KQ27N1;15699;4.72;172;27.0;2560x1440;2560;1440;IPS;165;300;1000;178;178;;0;2;2.0;1;1.4;0;0;0;0;1;1;0;0
485;2026-08-01 19:51:00;KEYRON;KQ27N1TB;12299;4.87;15;27.0;2560x1440;2560;1440;IPS;100;250;1000;178;178;;0;2;2.0;1;1.2;0;0;0;0;1;0;0;0
110;2026-08-01 19:51:00;LG;24MR400-B;7699;4.81;430;23.8;1920x1080;1920;1080;IPS;100;250;1300;178;178;;0;1;1.4;0;;1;0;0;0;1;0;0;0
434;2026-08-01 19:51:00;LG;24MS500-B;8299;4.8;103;23.8;1920x1080;1920;1080;IPS;100;250;1000;178;178;;0;2;1.4;0;;0;0;0;0;0;0;0;0
158;2026-08-01 19:51:00;LG;24U411A-B;7899;4.76;44;23.8;1920x1080;1920;1080;IPS;120;250;1500;178;178;;0;1;1.4;0;;1;0;0;0;0;0;1;0
486;2026-08-01 19:51:00;LG;24U421A-B;10499;4.85;13;23.8;1920x1080;1920;1080;VA;100;250;3000;178;178;1500;1;1;2.0;0;;0;0;1;0;0;0;0;0
341;2026-08-01 19:51:00;LG;24U631A-B;13299;4.83;43;23.8;2560x1440;2560;1440;IPS;100;250;1000;178;178;;0;1;2.0;0;;0;0;1;0;0;0;1;0
399;2026-08-01 19:51:00;LG;25MS500-B;8899;4.86;124;24.5;1920x1080;1920;1080;IPS;100;250;1000;178;178;;0;2;1.4;0;;0;0;0;0;0;0;0;0
479;2026-08-01 19:51:00;LG;27BA45QB-B;20499;4.56;9;27.0;2560x1440;2560;1440;IPS;75;350;1000;178;178;;0;2;2.0;1;1.4;0;0;0;0;0;0;0;0
221;2026-08-01 19:51:00;LG;27BA65QB-B;23999;4.87;78;27.0;2560x1440;2560;1440;IPS;100;350;1000;178;178;;0;1;2.0;1;1.4;0;0;1;4;0;0;0;0
375;2026-08-01 19:51:00;LG;27G440A-B;17999;0.0;9;27.0;1920x1080;1920;1080;IPS;240;400;1000;178;178;;0;2;2.1;1;1.4;0;0;0;0;1;1;0;0
528;2026-08-01 19:51:00;LG;27G850A-B;68799;4.65;45;27.0;3840x2160;3840;2160;IPS;240;450;2000;178;178;;0;2;2.1;1;2.1;0;0;0;2;1;1;0;0
683;2026-08-01 19:51:00;LG;27GP95R-B;64799;4.66;105;27.0;3840x2160;3840;2160;IPS;144;400;1000;178;178;95;1;2;2.1;1;1.4;0;0;0;2;1;1;0;0
682;2026-08-01 19:51:00;LG;27GP95RP-B;67999;4.81;36;27.0;3840x2160;3840;2160;IPS;144;750;1000;178;178;;0;2;2.1;1;1.4;0;0;0;2;1;1;0;0
35;2026-08-01 19:51:00;LG;27GS75Q-B;22499;4.79;558;27.0;2560x1440;2560;1440;IPS;180;300;1000;178;178;;0;2;2.0;1;1.4;0;0;0;0;1;1;0;0
458;2026-08-01 19:51:00;LG;27GX790A-B;89999;4.54;28;26.5;2560x1440;2560;1440;OLED;480;275;1500000;178;178;;0;2;2.1;1;2.1;0;0;0;2;1;1;0;0
69;2026-08-01 19:51:00;LG;27MR400-B;9499;4.81;537;27.0;1920x1080;1920;1080;IPS;100;250;1300;178;178;;0;1;1.4;0;;1;0;0;0;1;0;0;0
397;2026-08-01 19:51:00;LG;27MS500-B;10399;4.77;66;27.0;1920x1080;1920;1080;IPS;100;250;1000;178;178;;0;2;1.4;0;;0;0;0;0;0;0;0;0
113;2026-08-01 19:51:00;LG;27U411A-B;9399;4.96;27;27.0;1920x1080;1920;1080;IPS;120;250;1500;178;178;;0;1;2.0;0;;1;0;0;0;0;0;1;0
414;2026-08-01 19:51:00;LG;27U421A-B;11999;4.63;16;27.0;1920x1080;1920;1080;VA;100;250;3000;178;178;1500;1;1;2.0;0;;0;0;1;0;0;0;0;0
529;2026-08-01 19:51:00;LG;27U511SA-W;16999;4.68;13;27.0;1920x1080;1920;1080;IPS;100;250;1300;178;178;;0;2;;0;;0;0;0;2;0;0;0;1
241;2026-08-01 19:51:00;LG;27U631A-B;12999;4.57;30;27.0;2560x1440;2560;1440;IPS;100;250;1000;178;178;;0;1;2.0;0;;0;0;1;0;0;0;0;0
761;2026-08-01 19:51:00;LG;27UN880-B;46999;3.67;6;27.0;3840x2160;3840;2160;IPS;60;350;1000;178;178;;0;2;2.0;1;1.4;0;0;1;2;1;0;0;0
615;2026-08-01 19:51:00;LG;27UP650-W;29999;4.83;202;27.0;3840x2160;3840;2160;IPS;60;400;1200;178;178;;0;2;2.0;1;1.4;0;0;0;0;1;0;0;0
755;2026-08-01 19:51:00;LG;32G600A-B;27999;4.8;0;31.5;2560x1440;2560;1440;VA;;300;3000;178;178;1000;1;2;2.0;1;1.4;0;0;0;0;1;0;0;0
174;2026-08-01 19:51:00;LG;32U631A-B;19999;4.81;41;31.5;2560x1440;2560;1440;IPS;100;250;1000;178;178;;0;1;2.0;0;;0;0;1;0;0;0;0;0
602;2026-08-01 19:51:00;LG;32U830SA-W;45499;0.0;2;32.0;3840x2160;3840;2160;IPS;60;350;1000;178;178;;0;2;2.0;0;;0;0;1;2;1;0;0;1
616;2026-08-01 19:51:00;LG;32U850SA-W;53499;4.13;8;31.5;3840x2160;3840;2160;IPS;60;400;1000;178;178;;0;2;2.0;0;;0;0;1;2;0;0;0;1
419;2026-08-01 19:51:00;LG;34U620B-B;24599;4.2;5;34.0;3440x1440;3440;1440;VA;;300;4000;178;178;1800;1;2;1.4;1;1.4;0;0;0;0;1;0;0;0
732;2026-08-01 19:51:00;LG;34U640B-B;26699;4.8;0;34.0;3440x1440;3440;1440;VA;144;300;4000;178;178;1800;1;2;2.0;1;1.4;0;0;1;3;1;0;0;0
649;2026-08-01 19:51:00;LG;45GS95QE-B;143999;4.74;22;44.5;3440x1440;3440;1440;OLED;240;1300;1500000;178;178;800;1;2;2.1;1;1.4;0;0;0;2;1;1;0;0
670;2026-08-01 19:51:00;LG;MyView 27SR50F-W;22999;4.69;16;27.0;1920x1080;1920;1080;IPS;60;250;1000;178;178;;0;2;2.1;0;;0;0;0;2;0;0;0;1
708;2026-08-01 19:51:00;LG;MyView 32SQ700S-W;39799;4.88;13;31.5;3840x2160;3840;2160;VA;60;250;3000;178;178;;0;2;;0;;0;0;1;2;0;0;0;0
572;2026-08-01 19:51:00;LG;MyView 32SR50F-W;23499;4.43;23;31.5;1920x1080;1920;1080;IPS;60;250;1200;178;178;;0;2;2.1;0;;0;0;0;2;0;0;0;1
694;2026-08-01 19:51:00;LG;MyView 32SR83U-W;59999;4.58;29;31.5;3840x2160;3840;2160;IPS;60;400;1000;178;178;;0;2;;0;;0;0;1;3;0;0;0;1
653;2026-08-01 19:51:00;LG;MyView 32SR85U-W;54999;4.29;7;31.5;3840x2160;3840;2160;IPS;60;400;1000;178;178;;0;2;;0;;0;0;1;3;0;0;0;1
142;2026-08-01 19:51:00;LG;UltraFine 27UP650K-W;24999;4.89;86;27.0;3840x2160;3840;2160;IPS;60;400;1200;178;178;;0;2;2.0;1;1.4;0;0;0;0;0;0;0;0
274;2026-08-01 19:51:00;LG;UltraFine 27UP850K-W;33499;4.84;105;27.0;3840x2160;3840;2160;IPS;60;400;1200;178;178;;0;2;2.0;1;1.4;0;0;1;2;1;0;0;0
139;2026-08-01 19:51:00;LG;UltraFine 27US500-W;19299;4.82;112;27.0;3840x2160;3840;2160;IPS;60;300;1000;178;178;;0;2;2.0;1;1.4;0;0;0;0;0;0;0;0
549;2026-08-01 19:51:00;LG;UltraFine 32U720A-B;31299;0.0;5;31.5;3840x2160;3840;2160;VA;60;250;3000;178;178;;0;2;2.0;1;1.4;0;0;1;2;0;0;0;0
690;2026-08-01 19:51:00;LG;UltraFine 32U990A-S;149499;0.0;1;31.5;6144x3456;6144;3456;IPS;60;450;2000;178;178;;0;1;2.1;1;2.1;0;0;0;2;0;0;0;0
230;2026-08-01 19:51:00;LG;UltraGear 24G411A-B;8399;4.72;29;23.8;1920x1080;1920;1080;IPS;144;250;1500;178;178;;0;1;2.0;1;1.4;0;0;0;0;1;1;0;0
22;2026-08-01 19:51:00;LG;UltraGear 24GS60F-B;9799;4.77;1200;23.8;1920x1080;1920;1080;IPS;180;300;1000;178;178;;0;1;2.0;1;1.4;0;0;0;0;1;1;0;0
189;2026-08-01 19:51:00;LG;UltraGear 24GS65F-B;11999;4.72;315;23.8;1920x1080;1920;1080;IPS;180;300;1000;178;178;;0;1;2.0;1;1.4;0;0;0;0;1;1;0;0
525;2026-08-01 19:51:00;LG;UltraGear 25G523B-B;12199;0.0;2;25.0;1920x1080;1920;1080;IPS;200;300;1000;178;178;;0;2;2.0;1;1.4;0;0;0;0;1;1;0;0
613;2026-08-01 19:51:00;LG;UltraGear 25G550B-B;17999;0.0;1;25.0;1920x1080;1920;1080;IPS;300;240;1000;178;178;;0;2;2.0;1;1.4;0;0;0;0;1;1;0;0
86;2026-08-01 19:51:00;LG;UltraGear 27G411A-B;10499;4.84;54;27.0;1920x1080;1920;1080;IPS;144;250;1500;178;178;;0;1;2.0;1;1.4;0;0;0;0;1;1;0;0
655;2026-08-01 19:51:00;LG;UltraGear 27G523B-B;12499;0.0;1;27.0;1920x1080;1920;1080;IPS;200;300;1000;178;178;;0;2;2.0;1;1.4;0;0;0;0;1;1;0;0
607;2026-08-01 19:51:00;LG;UltraGear 27G550B-B;20299;4.8;0;27.0;1920x1080;1920;1080;IPS;300;300;1000;178;178;;0;2;2.0;1;1.4;0;0;0;0;1;1;0;0
546;2026-08-01 19:51:00;LG;UltraGear 27G810A-B;34799;4.8;0;27.0;3840x2160;3840;2160;IPS;180;400;1000;178;178;;0;2;2.1;1;1.4;0;0;0;2;1;1;0;0
294;2026-08-01 19:51:00;LG;UltraGear 27GP750-B;24699;4.82;440;27.0;1920x1080;1920;1080;IPS;240;400;1000;178;178;;0;2;2.0;1;1.2;0;0;0;0;1;1;0;0
105;2026-08-01 19:51:00;LG;UltraGear 27GR83Q-B;38999;4.72;331;27.0;2560x1440;2560;1440;IPS;240;500;1000;178;178;;0;2;2.1;1;1.4;0;0;0;2;1;1;0;0
539;2026-08-01 19:51:00;LG;UltraGear 27GR93U-B;49999;4.15;44;27.0;3840x2160;3840;2160;IPS;144;400;1000;178;178;;0;2;2.1;1;1.4;0;0;0;2;1;1;0;0
262;2026-08-01 19:51:00;LG;UltraGear 27GS60F-B;14399;4.87;341;27.0;1920x1080;1920;1080;IPS;180;300;1000;178;178;;0;1;2.0;1;1.4;0;0;0;0;1;1;0;0
157;2026-08-01 19:51:00;LG;UltraGear 27GS60QC-B;19999;4.86;210;27.0;2560x1440;2560;1440;VA;180;300;3000;178;178;1000;1;2;2.0;1;1.4;0;0;0;0;1;0;0;0
146;2026-08-01 19:51:00;LG;UltraGear 27GS65F-B;13799;4.75;194;27.0;1920x1080;1920;1080;IPS;180;300;1000;178;178;;0;1;2.0;1;1.4;0;0;0;0;1;1;0;0
159;2026-08-01 19:51:00;LG;UltraGear 27GS85Q-B;27999;4.73;367;27.0;2560x1440;2560;1440;IPS;180;400;1000;178;178;;0;2;2.0;1;1.4;0;0;0;2;1;1;0;0
585;2026-08-01 19:51:00;LG;UltraGear 27GS95QE-B;65799;4.84;79;27.0;2560x1440;2560;1440;OLED;240;1000;1500000;178;178;;0;2;2.1;1;1.4;0;0;0;2;1;1;0;0
153;2026-08-01 19:51:00;LG;UltraGear 27GX700A-B;59999;4.91;79;26.5;2560x1440;2560;1440;OLED;280;335;1500000;178;178;;0;2;2.1;1;1.4;0;0;0;2;1;1;1;0
324;2026-08-01 19:51:00;LG;UltraGear 27GX704A-B;57999;4.7;21;27.0;2560x1440;2560;1440;OLED;240;275;1500000;178;178;;0;2;2.1;1;1.4;0;0;0;2;1;1;1;0
756;2026-08-01 19:51:00;LG;UltraGear 32G620B-B;25199;0.0;1;31.5;2560x1440;2560;1440;IPS;200;300;1200;178;178;;0;2;2.0;1;1.4;0;0;0;0;1;1;0;0
556;2026-08-01 19:51:00;LG;UltraGear 32G810SA-W;74999;4.56;9;31.5;3840x2160;3840;2160;IPS;144;400;1000;178;178;;0;2;2.1;1;1.4;0;0;0;2;1;1;0;1
512;2026-08-01 19:51:00;LG;UltraGear 32GQ950-B;69299;4.83;64;31.5;3840x2160;3840;2160;IPS;160;450;1000;178;178;;0;2;2.1;1;1.4;0;0;0;2;1;1;0;0
177;2026-08-01 19:51:00;LG;UltraGear 32GR93U-B;49499;4.61;326;31.5;3840x2160;3840;2160;IPS;144;500;1000;178;178;;0;2;2.1;1;1.4;0;0;0;2;1;0;0;0
171;2026-08-01 19:51:00;LG;UltraGear 32GS60QC-B;23299;4.81;209;31.5;2560x1440;2560;1440;VA;180;300;3000;178;178;1000;1;2;2.0;1;1.4;0;0;0;0;1;0;0;0
277;2026-08-01 19:51:00;LG;UltraGear 32GS85Q-B;41799;4.72;119;31.5;2560x1440;2560;1440;IPS;180;350;1000;178;178;;0;2;2.0;1;1.4;0;0;0;2;1;0;0;0
394;2026-08-01 19:51:00;LG;UltraGear 32GS95UV-B;139999;4.66;65;31.5;3840x2160;3840;2160;OLED;240;1300;1500000;178;178;;0;2;2.1;1;1.4;0;0;0;2;1;1;0;0
537;2026-08-01 19:51:00;LG;UltraGear 34GX90SA-W;115499;4.44;14;34.0;3440x1440;3440;1440;OLED;240;1300;1500000;178;178;800;1;2;2.1;1;1.4;0;0;1;2;1;1;0;1
481;2026-08-01 19:51:00;LG;UltraGear 39GX90SA-W;119999;4.35;25;39.0;3440x1440;3440;1440;OLED;240;1300;1500000;178;178;800;1;2;2.1;1;1.4;0;0;1;2;1;1;0;1
343;2026-08-01 19:51:00;LG;UltraGear 45GX950A-B;164999;0.0;13;44.5;5120x2160;5120;2160;OLED;165;1300;1500000;178;178;800;1;2;2.1;1;2.1;0;0;1;2;1;1;0;0
451;2026-08-01 19:51:00;LG;UltraGear 49GR85DC-B;114999;4.52;14;49.0;5120x1440;5120;1440;VA;240;400;3000;178;178;1000;1;2;2.1;1;1.4;0;0;0;2;1;0;0;0
623;2026-08-01 19:51:00;LG;UltraGear evo 52G930B-B;123999;0.0;2;52.0;5120x2160;5120;2160;VA;240;400;4000;178;178;1000;1;2;2.1;1;2.1;0;0;0;2;1;0;0;0
188;2026-08-01 19:51:00;LG;UltraWide 29U511A-B;12999;4.72;32;29.0;2560x1080;2560;1080;IPS;100;250;1000;178;178;;0;1;2.0;1;1.4;0;0;0;0;1;0;0;0
225;2026-08-01 19:51:00;LG;UltraWide 29U531A-W;14199;4.9;30;29.0;2560x1080;2560;1080;IPS;100;250;1000;178;178;;0;1;1.4;1;1.4;0;0;1;0;1;0;0;0
278;2026-08-01 19:51:00;LG;UltraWide 34U530A-W;28999;4.75;24;34.0;2560x1080;2560;1080;IPS;100;400;1000;178;178;;0;1;2.0;1;1.4;0;0;1;0;1;0;0;0
786;2026-08-01 19:51:00;LG;UltraWide 34U601B-B;21499;4.8;0;34.0;3440x1440;3440;1440;VA;120;250;3000;178;178;1800;1;1;2.0;1;1.4;0;0;0;0;1;0;0;0
314;2026-08-01 19:51:00;LG;UltraWide 34WR50QK-B;27999;4.71;97;34.0;3440x1440;3440;1440;VA;100;300;3000;178;178;1800;1;2;2.0;1;1.4;0;0;0;0;0;0;0;0
579;2026-08-01 19:51:00;LG;UltraWide 34WR55QK-B;31799;4.36;14;34.0;3440x1440;3440;1440;VA;100;300;3000;178;178;1800;1;2;2.0;1;1.4;0;0;1;2;0;0;0;0
272;2026-08-01 19:51:00;LG;UltraWide 38WR85QC-W;109999;4.95;98;37.5;3840x1600;3840;1600;IPS;144;600;1000;178;178;2300;1;2;2.1;1;1.4;0;0;1;5;1;1;0;0
366;2026-08-01 19:51:00;Lenovo;Legion R27i-30;14799;4.64;11;27.0;1920x1080;1920;1080;IPS;165;400;1000;178;178;;0;2;2.1;1;1.4;0;0;0;0;1;0;1;0
781;2026-08-01 19:51:00;Lenovo;ThinkVision 27 3D;166999;0.0;1;27.0;3840x2160;3840;2160;IPS;60;310;1000;178;178;;0;2;2.1;1;1.4;0;0;1;5;0;0;0;0
503;2026-08-01 19:51:00;Lenovo;Xiaoxin 24;8299;0.0;5;23.8;1920x1080;1920;1080;IPS;100;250;1300;178;178;;0;2;1.4;0;;0;0;0;0;1;0;0;0
710;2026-08-01 19:51:00;Lime;G270;12499;4.56;44;27.0;2560x1440;2560;1440;VA;144;250;1000;178;178;;0;2;;1;;0;0;0;0;0;0;0;0
748;2026-08-01 19:51:00;Lime;T238;8399;4.8;0;23.8;1920x1080;1920;1080;IPS;144;250;1000;178;178;;0;1;;1;;0;0;0;0;0;0;0;0
775;2026-08-01 19:51:00;Lime;T238L;14299;0.0;2;23.8;1920x1080;1920;1080;VA;165;250;3000;178;178;1500;1;1;;1;;0;0;0;0;0;0;0;0
265;2026-08-01 19:51:00;MSI; PRO MP253;10399;4.85;306;24.5;1920x1080;1920;1080;IPS;100;300;1000;178;178;;0;1;1.4b;1;1.2a;1;0;0;0;0;0;1;0
370;2026-08-01 19:51:00;MSI;"15.6"" PRO MP165 E6";11499;4.89;36;15.6;1920x1080;1920;1080;IPS;60;250;1000;178;178;;0;1;2.0b;0;;0;0;1;0;0;0;0;0
164;2026-08-01 19:51:00;MSI;"27"" MAG 274QRFW E20";22499;4.71;52;27.0;2560x1440;2560;1440;IPS;200;400;1000;178;178;;0;2;2.0b;1;1.4a;0;0;0;0;1;1;0;0
516;2026-08-01 19:51:00;MSI;G2422C;11799;4.63;157;23.6;1920x1080;1920;1080;VA;180;250;3000;178;178;1500;1;2;2.0b;1;1.2a;0;0;0;0;0;0;1;0
20;2026-08-01 19:51:00;MSI;G242L E14;8999;4.88;709;23.8;1920x1080;1920;1080;IPS;144;300;1500;178;178;;0;1;1.4b;1;1.2a;0;0;0;0;0;0;1;0
36;2026-08-01 19:51:00;MSI;G255F;10999;4.79;961;24.5;1920x1080;1920;1080;IPS;180;300;1000;178;178;;0;2;2.0b;1;1.2a;0;0;0;0;0;0;1;0
285;2026-08-01 19:51:00;MSI;G255PF E2;14999;4.74;189;24.5;1920x1080;1920;1080;IPS;180;300;1000;178;178;;0;2;2.0;1;1.2;0;0;0;0;0;0;1;0
210;2026-08-01 19:51:00;MSI;G272QPF E2;20999;4.64;587;27.0;2560x1440;2560;1440;IPS;180;300;1200;178;178;;0;2;2.0b;1;1.4;0;0;0;0;0;0;1;0
114;2026-08-01 19:51:00;MSI;G275L E14;9999;4.68;279;27.0;1920x1080;1920;1080;IPS;144;300;1500;178;178;;0;1;2.0;1;1.2a;0;0;0;0;0;0;1;0
390;2026-08-01 19:51:00;MSI;G32CQ5P;23999;4.71;218;31.5;2560x1440;2560;1440;VA;170;250;3000;178;178;1500;1;2;2.0b;1;1.2a;0;0;0;0;1;0;0;0
403;2026-08-01 19:51:00;MSI;MAG 242C;11499;4.68;10;23.6;1920x1080;1920;1080;VA;180;300;3000;178;178;1500;1;1;2.0b;1;1.2a;0;0;0;0;0;0;1;0
247;2026-08-01 19:51:00;MSI;MAG 242F;12499;4.61;106;23.8;1920x1080;1920;1080;IPS;200;300;1000;178;178;;0;1;2.0b;1;1.2a;0;0;0;0;1;0;0;0
44;2026-08-01 19:51:00;MSI;MAG 245F X24;13999;4.82;118;23.8;1920x1080;1920;1080;IPS;240;300;1000;178;178;;0;2;2.0b;1;1.2a;0;0;0;0;0;0;1;0
205;2026-08-01 19:51:00;MSI;MAG 255XF;18999;4.58;174;24.5;1920x1080;1920;1080;IPS;300;250;1000;178;178;;0;2;2.0b;1;1.4;0;0;0;0;1;0;0;0
187;2026-08-01 19:51:00;MSI;MAG 271QPX QD-OLED E2;62299;4.81;369;26.5;2560x1440;2560;1440;OLED;240;1000;1500000;178;178;;0;2;2.1;1;1.4a;0;0;1;0;0;0;1;0
176;2026-08-01 19:51:00;MSI;MAG 272F X24;15999;4.81;43;27.0;1920x1080;1920;1080;IPS;240;300;1000;178;178;;0;2;2.0b;1;1.2a;0;0;0;0;0;0;1;0
235;2026-08-01 19:51:00;MSI;MAG 272QP QD-OLED X50;74999;4.69;92;26.5;2560x1440;2560;1440;OLED;500;1000;1500000;178;178;;0;2;2.1;1;1.4a;0;0;1;0;0;0;1;0
431;2026-08-01 19:51:00;MSI;MAG 272QPW QD-OLED X28;58999;4.63;51;26.5;2560x1440;2560;1440;OLED;280;1000;1500000;178;178;;0;2;2.1;1;1.4a;0;0;1;0;0;0;1;0
570;2026-08-01 19:51:00;MSI;MAG 272UP QD-OLED X24;74999;4.33;13;26.5;3840x2160;3840;2160;OLED;240;1000;1500000;178;178;;0;2;2.1;1;1.4a;0;0;1;0;0;0;1;0
453;2026-08-01 19:51:00;MSI;MAG 272URDF E16;31999;4.34;66;27.0;3840x2160;3840;2160;IPS;160;400;1000;178;178;;0;2;2.1;1;1.4a;0;0;0;2;1;0;1;0
66;2026-08-01 19:51:00;MSI;MAG 274F;14499;4.85;513;27.0;1920x1080;1920;1080;IPS;200;300;1000;178;178;;0;1;2.0b;1;1.2a;0;0;0;0;0;0;1;0
10;2026-08-01 19:51:00;MSI;MAG 274QF X24;18599;4.79;517;27.0;2560x1440;2560;1440;IPS;240;250;1000;178;178;;0;2;2.0b;1;1.4a;0;0;0;0;1;0;0;0
107;2026-08-01 19:51:00;MSI;MAG 274QP QD-OLED X24;54999;4.88;41;26.5;2560x1440;2560;1440;OLED;240;400;1500000;178;178;;0;2;2.1;1;1.4;0;0;0;0;0;0;1;0
471;2026-08-01 19:51:00;MSI;MAG 274QPF E20;22999;4.6;28;27.0;2560x1440;2560;1440;IPS;200;300;1000;178;178;;0;2;2.0b;1;1.4a;0;0;1;0;0;0;1;0
335;2026-08-01 19:51:00;MSI;MAG 274QPF X30MV;39299;4.66;53;27.0;2560x1440;2560;1440;VA;300;1000;4500;178;178;;0;2;2.1;1;1.4a;0;0;0;0;0;0;1;0
428;2026-08-01 19:51:00;MSI;MAG 274QRFW;25899;4.73;465;27.0;2560x1440;2560;1440;IPS;180;400;1000;178;178;;0;2;2.0b;1;1.4a;0;0;0;0;0;0;1;0
421;2026-08-01 19:51:00;MSI;MAG 274UPDF E16M;41999;4.59;32;27.0;3840x2160;3840;2160;IPS;160;1000;1000;178;178;;0;2;2.1;1;1.4a;0;0;1;0;0;0;1;0
726;2026-08-01 19:51:00;MSI;MAG 274UPF;38499;4.28;34;27.0;3840x2160;3840;2160;IPS;144;400;1000;178;178;;0;2;2.1;1;1.4a;0;0;1;2;1;0;0;0
768;2026-08-01 19:51:00;MSI;MAG 274UPF E2;39799;4.7;69;27.0;3840x2160;3840;2160;IPS;160;400;1000;178;178;;0;2;2.1;1;1.4a;0;0;1;0;0;0;1;0
381;2026-08-01 19:51:00;MSI;MAG 275F;12499;4.65;278;27.0;1920x1080;1920;1080;IPS;180;250;1000;178;178;;0;2;2.0b;1;1.4;0;0;0;0;0;0;1;0
7;2026-08-01 19:51:00;MSI;MAG 275QF;17399;4.83;1200;27.0;2560x1440;2560;1440;IPS;180;300;1000;178;178;;0;2;2.0b;1;1.4;0;0;0;0;0;0;1;0
198;2026-08-01 19:51:00;MSI;MAG 275QF E20;18999;4.9;21;27.0;2560x1440;2560;1440;IPS;200;300;1200;178;178;;0;2;2.0b;1;1.4a;0;0;0;0;1;0;1;0
346;2026-08-01 19:51:00;MSI;MAG 275UPD E14;33999;4.84;26;27.0;3840x2160;3840;2160;IPS;144;250;1500;178;178;;0;2;2.1;1;1.4a;0;0;0;0;0;0;1;0
344;2026-08-01 19:51:00;MSI;MAG 276CXF;15499;4.76;115;27.0;1920x1080;1920;1080;VA;280;300;4000;178;178;1500;1;2;2.0b;1;1.4a;0;0;0;0;0;0;1;0
608;2026-08-01 19:51:00;MSI;MAG 27C6F;16899;4.67;68;27.0;1920x1080;1920;1080;VA;180;250;3000;178;178;1500;1;2;2.0b;1;1.4;0;0;0;0;0;0;1;0
510;2026-08-01 19:51:00;MSI;MAG 27C6X;18799;4.79;153;27.0;1920x1080;1920;1080;VA;250;250;3000;178;178;1500;1;2;2.0b;1;1.2a;0;0;0;0;0;0;1;0
70;2026-08-01 19:51:00;MSI;MAG 27CQ6F;17899;4.81;494;27.0;2560x1440;2560;1440;VA;180;300;5000;178;178;1500;1;2;2.0b;1;1.4;0;0;0;0;0;0;1;0
145;2026-08-01 19:51:00;MSI;MAG 27CQ6PF;16999;4.84;97;27.0;2560x1440;2560;1440;VA;180;300;5000;178;178;1500;1;2;2.0b;1;1.4;0;0;0;0;1;0;0;0
193;2026-08-01 19:51:00;MSI;MAG 321CQF E18;18699;4.62;111;31.5;2560x1440;2560;1440;VA;180;300;3000;178;178;1500;1;2;2.0b;1;1.4a;0;0;0;0;0;0;1;0
590;2026-08-01 19:51:00;MSI;MAG 321CUP QD-OLED;82999;4.69;28;31.5;3840x2160;3840;2160;OLED;165;1000;1500000;178;178;1700;1;1;2.1;1;1.4a;0;0;1;0;0;0;1;0
249;2026-08-01 19:51:00;MSI;MAG 321UP QD-OLED;76999;4.88;79;31.5;3840x2160;3840;2160;OLED;165;1000;1500000;178;178;;0;2;2.1;1;1.4a;0;0;1;0;1;0;0;0
630;2026-08-01 19:51:00;MSI;MAG 321UPX QD-OLED;89999;4.65;40;31.5;3840x2160;3840;2160;OLED;240;1000;1500000;178;178;;0;2;2.1;1;1.4a;0;0;1;0;0;0;1;0
425;2026-08-01 19:51:00;MSI;MAG 322UP QD-OLED E16;72499;4.94;9;31.5;3840x2160;3840;2160;OLED;165;1000;1500000;178;178;;0;2;2.1;1;1.4a;0;0;1;0;0;0;1;0
317;2026-08-01 19:51:00;MSI;MAG 322URDF E16;52999;4.62;61;31.5;3840x2160;3840;2160;IPS;160;450;1000;178;178;;0;2;2.1;1;1.4a;0;0;0;2;0;0;1;0
217;2026-08-01 19:51:00;MSI;MAG 325CQRF QD E2;28999;4.86;88;31.5;2560x1440;2560;1440;VA;180;300;3500;178;178;1000;1;2;2.0b;1;1.4a;0;0;1;2;0;0;1;0
557;2026-08-01 19:51:00;MSI;MAG 325CQRXF E2;31999;3.93;37;31.5;2560x1440;2560;1440;VA;240;300;3500;178;178;1000;1;2;2.0b;1;1.4a;0;0;1;0;0;0;1;0
276;2026-08-01 19:51:00;MSI;MAG 325QF E18V;28999;4.8;76;31.5;2560x1440;2560;1440;VA;180;300;3500;178;178;;0;2;2.0b;1;1.4a;0;0;0;0;0;0;1;0
255;2026-08-01 19:51:00;MSI;MAG 32C6X;19899;4.8;94;31.5;1920x1080;1920;1080;VA;250;250;3000;178;178;1500;1;2;2.0b;1;1.2a;0;0;0;0;0;0;1;0
661;2026-08-01 19:51:00;MSI;MAG 341CQP QD-OLED;99999;4.64;40;34.0;3440x1440;3440;1440;OLED;175;1000;1500000;178;178;1800;1;2;2.1;1;1.4a;0;0;1;2;1;0;0;0
275;2026-08-01 19:51:00;MSI;MAG 342CQRF E20;32999;0.0;6;34.0;3440x1440;3440;1440;VA;200;300;3500;178;178;1500;1;2;2.0b;1;1.4;0;0;0;0;0;0;1;0
122;2026-08-01 19:51:00;MSI;MAG 401QR;36999;4.77;190;40.0;3440x1440;3440;1440;IPS;155;400;1000;178;178;;0;2;2.0;1;1.4a;0;0;1;2;0;0;1;0
730;2026-08-01 19:51:00;MSI;MEG 342C QD-OLED;101999;4.65;20;34.0;3440x1440;3440;1440;OLED;175;1000;1000000;178;178;1800;1;2;2.1;1;1.4;0;0;1;4;1;0;0;0
311;2026-08-01 19:51:00;MSI;MPG 242R X60N;69799;4.88;38;24.1;1920x1080;1920;1080;TN;600;500;1000;178;178;242;1;2;2.1;1;1.4a;0;0;1;3;0;0;1;0
379;2026-08-01 19:51:00;MSI;MPG 271QRX QD-OLED;70299;4.75;97;26.5;2560x1440;2560;1440;OLED;360;1000;1500000;178;178;;0;2;2.1;1;1.4a;0;0;1;2;1;0;0;0
582;2026-08-01 19:51:00;MSI;MPG 272QRF X36;65999;4.67;6;27.0;2560x1440;2560;1440;IPS;;400;1000;178;178;;0;2;2.1;1;1.4a;0;0;0;5;0;1;0;0
456;2026-08-01 19:51:00;MSI;MPG 272URX QD-OLED;82999;4.73;26;26.5;3840x2160;3840;2160;OLED;240;1000;1500000;178;178;;0;2;2.1;1;2.1a;0;0;1;2;0;1;0;0
227;2026-08-01 19:51:00;MSI;MPG 274URDFW E16M;47999;4.6;55;27.0;3840x2160;3840;2160;IPS;160;1000;1000;178;178;;0;2;2.1;1;1.4a;0;0;0;2;0;0;1;0
759;2026-08-01 19:51:00;MSI;MPG 274URF QD;59299;3.71;7;27.0;3840x2160;3840;2160;IPS;160;400;1000;178;178;;0;2;2.1;1;1.4a;0;0;1;2;1;0;0;0
405;2026-08-01 19:51:00;MSI;MPG 321CURX QD-OLED;93999;4.63;39;31.5;3840x2160;3840;2160;OLED;240;1000;1500000;178;178;1700;1;2;2.1;1;1.4a;0;0;1;2;0;0;1;0
216;2026-08-01 19:51:00;MSI;MPG 321URX QD-OLED;87999;4.75;111;31.5;3840x2160;3840;2160;OLED;240;1000;1500000;178;178;;0;2;2.1;1;1.4a;0;0;1;2;0;0;1;0
518;2026-08-01 19:51:00;MSI;MPG 321URXW QD-OLED;94499;4.94;17;31.5;3840x2160;3840;2160;OLED;240;1000;1500000;178;178;;0;2;2.1;1;1.4;0;0;1;2;0;0;0;0
360;2026-08-01 19:51:00;MSI;MPG 322URX QD-OLED;128999;4.84;33;31.5;3840x2160;3840;2160;OLED;240;1000;1500000;178;178;;0;2;2.1;1;2.1a;0;0;1;2;0;1;0;0
203;2026-08-01 19:51:00;MSI;MPG 341CQPX QD-OLED;83799;4.77;183;34.0;3440x1440;3440;1440;OLED;240;1000;1500000;178;178;1800;1;2;2.1;1;1.4a;0;0;1;2;0;0;1;0
170;2026-08-01 19:51:00;MSI;MPG 346CQRF X24;38999;4.74;76;34.0;3440x1440;3440;1440;VA;240;400;4000;178;178;1500;1;2;2.1;1;1.4a;0;0;1;2;0;0;1;0
527;2026-08-01 19:51:00;MSI;MPG 491CQP QD-OLED;94999;4.88;42;49.0;5120x1440;5120;1440;OLED;144;1000;1500000;178;178;1800;1;2;2.1;1;1.4a;0;0;1;2;0;0;1;0
352;2026-08-01 19:51:00;MSI;MPG 491CQPX QD-OLED;100499;4.92;55;49.0;5120x1440;5120;1440;OLED;240;1000;1500000;178;178;1800;1;2;2.1;1;1.4a;0;0;1;3;0;0;1;0
184;2026-08-01 19:51:00;MSI;Modern MD2412PW;13999;4.83;156;23.8;1920x1080;1920;1080;IPS;100;300;1000;178;178;;0;1;1.4;0;;0;0;1;0;1;0;0;0
172;2026-08-01 19:51:00;MSI;Modern MD2712PW;14699;4.8;77;27.0;1920x1080;1920;1080;IPS;100;300;1000;178;178;;0;1;1.4;0;;0;0;1;0;0;0;1;0
211;2026-08-01 19:51:00;MSI;Modern MD271UL;19499;4.65;338;27.0;3840x2160;3840;2160;IPS;60;300;1000;178;178;;0;2;2.0b;1;1.2a;0;0;1;0;0;0;1;0
310;2026-08-01 19:51:00;MSI;Modern MD272QXP;20299;4.81;37;27.0;2560x1440;2560;1440;IPS;100;400;1000;178;178;;0;1;2.0b;1;1.2a;0;0;1;2;0;0;1;0
245;2026-08-01 19:51:00;MSI;Modern MD272QXPW;22999;4.79;72;27.0;2560x1440;2560;1440;IPS;100;400;1000;178;178;;0;1;2.0b;1;1.2a;0;0;1;2;0;0;1;0
305;2026-08-01 19:51:00;MSI;Modern MD272UPHG;28799;4.77;44;27.0;3840x2160;3840;2160;IPS;60;400;1000;178;178;;0;2;2.0b;1;1.4a;0;0;1;3;0;0;1;0
267;2026-08-01 19:51:00;MSI;Modern MD272UPHW;28799;4.77;44;27.0;3840x2160;3840;2160;IPS;60;400;1000;178;178;;0;2;2.0b;1;1.4a;0;0;1;3;0;0;1;0
588;2026-08-01 19:51:00;MSI;Modern MD272UPSW;29999;4.44;9;27.0;3840x2160;3840;2160;IPS;60;300;1000;178;178;;0;1;2.0b;1;1.4a;0;0;1;2;0;0;1;1
444;2026-08-01 19:51:00;MSI;Modern MD342CQP;29899;4.63;25;34.0;3440x1440;3440;1440;VA;120;300;3500;178;178;1500;1;2;;1;;0;0;1;2;0;0;1;0
219;2026-08-01 19:51:00;MSI;Modern MD342CQPW;29999;4.76;59;34.0;3440x1440;3440;1440;VA;120;300;3500;178;178;1500;1;2;2.0b;1;1.4a;0;0;1;2;0;0;1;0
784;2026-08-01 19:51:00;MSI;PRO MAX 241PHW E14;16199;4.8;0;23.8;1920x1080;1920;1080;IPS;144;300;1500;178;178;;0;1;2.0b;1;1.2a;0;0;1;2;1;0;0;0
57;2026-08-01 19:51:00;MSI;PRO MP225V;6999;4.76;151;21.45;1920x1080;1920;1080;VA;100;300;4000;178;178;;0;1;1.4b;0;;1;0;0;0;0;0;1;0
26;2026-08-01 19:51:00;MSI;PRO MP2412;7199;4.74;1400;23.8;1920x1080;1920;1080;VA;100;300;4000;178;178;;0;1;1.4b;1;1.2a;0;0;0;0;1;0;0;0
161;2026-08-01 19:51:00;MSI;PRO MP242A E2;12199;4.8;90;23.8;1920x1080;1920;1080;IPS;120;300;1500;178;178;;0;1;1.4b;1;1.2a;1;0;0;0;0;0;1;0
357;2026-08-01 19:51:00;MSI;PRO MP242L;8399;4.92;41;23.8;1920x1080;1920;1080;IPS;100;250;1000;178;178;;0;1;1.4b;1;1.2a;0;0;0;0;0;0;1;0
371;2026-08-01 19:51:00;MSI;PRO MP242PMG;13499;4.66;26;23.8;1920x1080;1920;1080;IPS;120;300;1500;178;178;;0;1;1.4b;1;1.2a;1;0;0;2;0;0;1;0
9;2026-08-01 19:51:00;MSI;PRO MP243X;7699;4.8;1700;23.8;1920x1080;1920;1080;IPS;100;300;1000;178;178;;0;1;1.4;1;1.2a;0;0;0;0;0;0;1;0
228;2026-08-01 19:51:00;MSI;PRO MP243XP;11599;4.76;217;23.8;1920x1080;1920;1080;IPS;100;300;1000;178;178;;0;1;1.4b;1;1.2a;0;0;0;0;0;0;1;0
229;2026-08-01 19:51:00;MSI;PRO MP243XW;9999;4.85;102;23.8;1920x1080;1920;1080;IPS;100;300;1000;178;178;;0;1;1.4;1;1.2a;0;0;0;0;1;0;0;0
791;2026-08-01 19:51:00;MSI;PRO MP245PHG E14;13799;4.8;0;23.8;1920x1080;1920;1080;IPS;144;300;1500;178;178;;0;1;2.0;1;1.2a;0;0;1;3;1;0;1;0
60;2026-08-01 19:51:00;MSI;PRO MP251 E2;8999;4.89;287;24.5;1920x1080;1920;1080;IPS;120;300;1500;178;178;;0;1;2.0;1;1.4a;1;0;0;0;0;0;1;0
204;2026-08-01 19:51:00;MSI;PRO MP251L E2;8999;4.83;121;24.5;1920x1080;1920;1080;IPS;120;250;1500;178;178;;0;1;1.4;0;;1;0;0;0;0;0;1;0
109;2026-08-01 19:51:00;MSI;PRO MP251P;11499;4.86;141;24.5;1920x1080;1920;1080;IPS;100;300;1300;178;178;;0;1;1.4b;0;;1;0;0;0;1;0;0;0
155;2026-08-01 19:51:00;MSI;PRO MP251W E2;9499;4.86;175;24.5;1920x1080;1920;1080;IPS;120;300;1500;178;178;;0;1;2.0;1;1.4a;1;0;0;0;0;0;1;0
232;2026-08-01 19:51:00;MSI;PRO MP272PMG;15499;4.98;43;27.0;1920x1080;1920;1080;IPS;120;300;1500;178;178;;0;1;1.4b;1;1.2a;1;0;0;2;0;0;1;0
1;2026-08-01 19:51:00;MSI;PRO MP273A;10999;4.82;2400;27.0;1920x1080;1920;1080;IPS;100;300;1000;178;178;;0;1;1.4b;1;1.2a;1;0;0;0;0;0;1;0
256;2026-08-01 19:51:00;MSI;PRO MP273AW;12499;4.82;2400;27.0;1920x1080;1920;1080;IPS;100;300;1000;178;178;;0;1;1.4b;1;1.2a;1;0;0;0;0;0;1;0
133;2026-08-01 19:51:00;MSI;PRO MP273QP E2;19699;4.42;59;27.0;2560x1440;2560;1440;IPS;100;400;1300;178;178;;0;2;2.0b;1;1.2a;0;0;0;0;0;0;1;0
101;2026-08-01 19:51:00;MSI;PRO MP273QW E2;14999;4.89;150;27.0;2560x1440;2560;1440;IPS;100;400;1300;178;178;;0;2;2.0b;1;1.2a;0;0;0;0;0;0;1;0
45;2026-08-01 19:51:00;MSI;PRO MP275 E2;12499;4.89;296;27.0;1920x1080;1920;1080;IPS;120;300;1500;178;178;;0;1;2.0;1;1.2a;1;0;0;0;0;0;1;0
19;2026-08-01 19:51:00;MSI;PRO MP275Q;13499;4.85;547;27.0;2560x1440;2560;1440;IPS;100;300;1300;178;178;;0;2;2.0b;1;1.2a;0;0;0;0;0;0;1;0
273;2026-08-01 19:51:00;MSI;PRO MP275QPDG;29199;4.69;16;27.0;2560x1440;2560;1440;IPS;100;250;1300;178;178;;0;2;2.0b;1;1.2a;0;0;1;4;0;0;1;0
54;2026-08-01 19:51:00;MSI;PRO MP275W E2;12999;4.88;356;27.0;1920x1080;1920;1080;IPS;120;300;1500;178;178;;0;1;2.0;1;1.2a;1;0;0;0;0;0;1;0
279;2026-08-01 19:51:00;MSI;PRO MP341CQW;25799;4.81;85;34.0;3440x1440;3440;1440;VA;100;300;3000;178;178;1500;1;2;2.0b;1;1.2a;0;0;0;0;1;0;0;0
339;2026-08-01 19:51:00;Machenike;MCF25F200L;11999;4.84;71;24.5;1920x1080;1920;1080;IPS;200;300;1000;178;178;;0;2;2.0;1;1.4;0;0;0;0;0;0;1;0
437;2026-08-01 19:51:00;Machenike;MCF25F200L-W;11999;4.84;71;24.5;1920x1080;1920;1080;IPS;200;300;1000;178;178;;0;2;2.0;1;1.4;0;0;0;0;0;0;1;0
526;2026-08-01 19:51:00;Machenike;MCF25F400L;25999;4.43;7;24.5;1920x1080;1920;1080;IPS;400;400;1000;178;178;;0;2;2.0;2;1.4;0;0;0;0;0;0;1;0
386;2026-08-01 19:51:00;Machenike;MCF27F300L;18999;0.0;10;27.0;1920x1080;1920;1080;IPS;300;300;1000;178;178;;0;2;2.0;2;1.4;0;0;0;0;0;0;1;0
521;2026-08-01 19:51:00;Machenike;MCF27F300L-W;18999;0.0;10;27.0;1920x1080;1920;1080;IPS;300;300;1000;178;178;;0;2;2.0;2;1.4;0;0;0;0;0;0;1;0
559;2026-08-01 19:51:00;Machenike;MCQ27F260;15999;3.68;80;27.0;2560x1440;2560;1440;IPS;260;300;1000;178;178;;0;2;2.0;2;1.4;0;0;0;0;0;0;1;0
68;2026-08-01 19:51:00;Machenike;MJF24F200;8499;4.62;98;23.8;1920x1080;1920;1080;IPS;200;250;1000;178;178;;0;2;2.0;1;1.4;0;0;0;0;0;0;1;0
788;2026-08-01 19:51:00;Machenike;MK-CF25F300M;19499;4.7;0;24.5;1920x1080;1920;1080;IPS;320;600;1000;178;178;;0;2;2.0;1;1.4;0;0;0;0;0;0;1;0
658;2026-08-01 19:51:00;Machenike;MK-DQ34C240L;34499;0.0;1;34.0;3440x1440;3440;1440;VA;250;400;4000;178;178;;0;2;2.1;1;1.4;0;0;0;0;0;0;1;0
720;2026-08-01 19:51:00;Machenike;MK-ZQ25F250;17999;0.0;4;24.5;2560x1440;2560;1440;IPS;250;250;1000;178;178;;0;2;2.0;1;1.4;0;0;0;0;0;0;1;0
238;2026-08-01 19:51:00;Machenike;MK-ZQ27F210L;14799;4.53;35;27.0;2560x1440;2560;1440;IPS;210;400;1000;178;178;;0;2;2.0;1;1.4;0;0;0;0;0;0;1;0
420;2026-08-01 19:51:00;Machenike;MKF23F180;8999;4.44;127;23.8;1920x1080;1920;1080;IPS;180;250;1000;178;178;;0;2;1.4;1;1.2;0;0;0;0;0;0;1;0
237;2026-08-01 19:51:00;Machenike;MKF24F240;9999;4.58;65;23.8;1920x1080;1920;1080;IPS;240;300;1000;178;178;;0;2;2.0;1;1.4;0;0;0;0;0;0;1;0
266;2026-08-01 19:51:00;Machenike;MKF25F300;11999;4.54;162;24.5;1920x1080;1920;1080;IPS;300;400;1000;178;178;;0;2;2.0;1;1.4;0;0;0;0;0;0;1;0
689;2026-08-01 19:51:00;Machenike;MKF27F240;11999;4.7;0;27.0;1920x1080;1920;1080;IPS;240;300;1000;178;178;;0;2;2.0;1;1.4;0;0;0;0;0;0;1;0
401;2026-08-01 19:51:00;Machenike;MKF27F240L;13999;4.84;72;27.0;1920x1080;1920;1080;IPS;240;300;1000;178;178;;0;2;2.0;1;1.4;0;0;0;0;0;0;1;0
714;2026-08-01 19:51:00;Machenike;MKQ27F240;16999;4.01;66;27.0;2560x1440;2560;1440;IPS;240;400;1000;178;178;;0;2;2.0;1;1.4;0;0;0;0;0;0;1;0
243;2026-08-01 19:51:00;Machenike;MKQ27F240-L;20999;4.79;523;27.0;2560x1440;2560;1440;IPS;240;400;1000;178;178;;0;2;2.0;1;1.4;0;0;0;0;0;0;1;0
372;2026-08-01 19:51:00;Machenike;MKQ27F300L;24199;4.79;523;27.0;2560x1440;2560;1440;IPS;300;400;1000;178;178;;0;2;2.0;1;1.4;0;0;0;0;0;0;1;0
407;2026-08-01 19:51:00;Machenike;MKQ34C170L;30999;4.55;78;34.0;3440x1440;3440;1440;IPS;170;300;1000;178;178;;0;2;2.0;1;1.4;0;0;1;3;0;0;1;0
409;2026-08-01 19:51:00;Machenike;MKU27F160L-D;28999;4.92;12;27.0;3840x2160;3840;2160;IPS;160;300;1000;178;178;;0;2;2.0;1;1.4;0;0;0;0;0;0;1;0
467;2026-08-01 19:51:00;OSiO;BaseLine B24-01b;8299;4.83;311;23.8;1920x1080;1920;1080;IPS;100;300;1200;178;178;;0;1;2.0;1;1.4;1;0;0;0;1;0;0;0
342;2026-08-01 19:51:00;OSiO;BaseLine B24-01w;8399;4.83;311;23.8;1920x1080;1920;1080;IPS;100;300;1200;178;178;;0;1;2.0;1;1.4;1;0;0;0;1;0;0;0
286;2026-08-01 19:51:00;OSiO;BaseLine B27-01w;9699;4.83;311;27.0;1920x1080;1920;1080;IPS;100;300;1300;178;178;;0;1;2.0;1;1.4;1;0;0;0;1;0;0;0
208;2026-08-01 19:51:00;Philips;24E1N1100A/01;9099;4.72;95;23.8;1920x1080;1920;1080;IPS;100;250;1300;178;178;;0;1;1.4;0;;1;0;0;0;0;0;1;0
715;2026-08-01 19:51:00;Philips;24E1N1100D;7999;4.95;38;23.8;1920x1080;1920;1080;IPS;100;300;1500;178;178;;0;1;1.4;0;;1;1;0;0;0;0;1;0
760;2026-08-01 19:51:00;Philips;24E1N1300A;16899;3.29;7;23.8;1920x1080;1920;1080;IPS;100;250;1300;178;178;;0;1;1.4;0;;0;0;1;2;0;0;1;0
93;2026-08-01 19:51:00;Philips;24E1N2100D;8499;4.79;19;23.8;1920x1080;1920;1080;IPS;120;300;1500;178;178;;0;1;1.4;0;;1;1;0;0;0;0;1;0
793;2026-08-01 19:51:00;Philips;24E1N5300AE;13299;4.5;2;23.8;1920x1080;1920;1080;IPS;75;300;1000;178;178;;0;1;1.4;1;1.1;0;0;1;4;0;0;1;0
795;2026-08-01 19:51:00;Philips;24E1N5300HE/00;24999;0.0;4;23.8;1920x1080;1920;1080;IPS;75;300;1000;178;178;;0;1;1.4;1;1.2;0;0;1;4;1;0;0;0
477;2026-08-01 19:51:00;Philips;24M1N3200ZS;11399;4.63;106;23.8;1920x1080;1920;1080;IPS;165;250;1100;178;178;;0;2;;1;;0;0;0;0;1;0;0;0
373;2026-08-01 19:51:00;Philips;25M2N3200W;15999;4.76;195;24.5;1920x1080;1920;1080;VA;240;300;3000;178;178;;0;2;2.0;1;1.4;0;0;0;0;0;0;1;0
365;2026-08-01 19:51:00;Philips;271V8AW;12499;4.63;19;27.0;1920x1080;1920;1080;IPS;75;250;1000;178;178;;0;1;1.4;0;;1;0;0;0;0;0;1;0
648;2026-08-01 19:51:00;Philips;27E2N1500;12499;4.43;7;27.0;2560x1440;2560;1440;IPS;100;250;1300;178;178;;0;1;1.4;1;1.2;0;0;0;0;0;0;1;0
34;2026-08-01 19:51:00;Philips;27E2N2500;11999;4.86;180;27.0;2560x1440;2560;1440;IPS;120;300;1500;178;178;;0;1;2.0;1;1.4;0;0;0;0;0;0;1;0
88;2026-08-01 19:51:00;Philips;27M2C5200W;15999;4.91;80;27.0;1920x1080;1920;1080;VA;280;300;4000;178;178;1500;1;2;2.0;1;1.4;0;0;0;0;0;0;1;0
423;2026-08-01 19:51:00;Philips;27M2N3200S;12999;4.71;14;27.0;1920x1080;1920;1080;IPS;180;300;1000;178;178;;0;2;2.0;1;1.4;0;0;0;0;1;0;0;0
74;2026-08-01 19:51:00;Philips;27M2N3500PF;15899;4.48;321;27.0;2560x1440;2560;1440;IPS;260;300;1000;178;178;;0;2;2.0;1;1.4;0;0;0;0;0;0;1;0
200;2026-08-01 19:51:00;Philips;27M2N5500Q/60;19999;4.85;14;27.0;2560x1440;2560;1440;IPS;200;350;1200;178;178;;0;2;2.0;1;1.4;0;0;0;0;0;1;1;0
542;2026-08-01 19:51:00;Philips;325B1L;22999;0.0;2;31.5;2560x1440;2560;1440;IPS;75;250;1200;178;178;;0;2;1.4;1;1.2;0;0;0;4;0;0;1;0
491;2026-08-01 19:51:00;Philips;32E1N1800LA;24999;4.4;14;31.5;3840x2160;3840;2160;VA;60;300;3500;178;178;;0;2;2.0;1;1.4;0;0;0;0;0;0;0;0
417;2026-08-01 19:51:00;Philips;34M2C3500L;26999;4.88;10;34.0;3440x1440;3440;1440;VA;180;300;4000;178;178;1500;1;2;2.0;1;1.4;0;0;0;0;0;0;1;0
416;2026-08-01 19:51:00;Philips;34M2C3500L/00/01;29999;0.0;5;34.0;3440x1440;3440;1440;VA;180;300;4000;178;178;1500;1;2;2.0;1;1.4;0;0;0;0;0;0;1;0
429;2026-08-01 19:51:00;Philips;Evnia 27M2N3200A;14999;4.58;27;27.0;1920x1080;1920;1080;IPS;180;300;1000;178;178;;0;2;2.0;1;1.4;0;0;0;0;1;1;1;0
183;2026-08-01 19:51:00;Philips;Evnia 27M2N3800A;25999;4.8;51;27.0;3840x2160;3840;2160;IPS;160;450;1000;178;178;;0;2;2.1;1;1.4;0;0;0;0;0;1;1;0
514;2026-08-01 19:51:00;Philips;Evnia 27M2N8800;75999;4.89;19;27.0;3840x2160;3840;2160;OLED;240;1000;1500000;178;178;;0;2;2.1;1;2.1;0;0;0;2;1;0;0;0
534;2026-08-01 19:51:00;Philips;Evnia 32M1C5200W;24499;0.0;8;31.5;1920x1080;1920;1080;VA;240;300;3500;178;178;1500;1;2;2.0;1;1.4;0;0;0;0;0;0;0;0
438;2026-08-01 19:51:00;Philips;Evnia 32M2C3500L;20999;4.61;18;31.5;2560x1440;2560;1440;VA;180;300;3500;178;178;1500;1;2;2.0;1;1.4;0;0;0;0;1;1;0;0
508;2026-08-01 19:51:00;Philips;Evnia 32M2N8800;79999;4.88;19;31.5;3840x2160;3840;2160;OLED;240;1000;1500000;178;178;;0;2;2.1;1;1.4;0;0;0;2;0;1;1;0
552;2026-08-01 19:51:00;Philips;Evnia 32M2N8800/60;79999;4.9;11;31.5;3840x2160;3840;2160;OLED;240;1000;1500000;178;178;;0;2;2.1;1;1.4;0;0;0;2;0;1;1;0
411;2026-08-01 19:51:00;Raskat;I27Q7D;8899;4.52;38;27.0;2560x1440;2560;1440;IPS;75;250;1000;178;178;;0;2;;1;;0;0;0;0;0;0;0;0
50;2026-08-01 19:51:00;Samsung;Essential S3 S30GD S27D300GAI;11299;4.73;137;27.0;1920x1080;1920;1080;IPS;100;250;1000;178;178;;0;1;1.4;0;;1;0;0;0;0;0;0;0
201;2026-08-01 19:51:00;Samsung;Essential S3 S32GF S27F320GAI;10999;4.83;93;27.0;1920x1080;1920;1080;IPS;120;250;1000;178;178;;0;2;1.4;0;;0;0;0;0;0;0;0;0
224;2026-08-01 19:51:00;Samsung;LS27HG610SIXCI;49999;4.85;15;27.0;2560x1440;2560;1440;OLED;;400;1000000;178;178;;0;1;2.1;1;1.4;0;0;0;0;1;0;0;0
448;2026-08-01 19:51:00;Samsung;M7 M70F S32FM702UI;28999;4.86;30;32.0;3840x2160;3840;2160;VA;60;300;3000;178;178;;0;2;2.0;0;;0;0;1;3;0;0;0;1
680;2026-08-01 19:51:00;Samsung;Odyssey 3D G90XF S27FG900XI;129999;0.0;7;27.0;3840x2160;3840;2160;IPS;165;350;1000;178;178;;0;2;2.1;1;1.4;0;0;0;2;1;1;0;0
679;2026-08-01 19:51:00;Samsung;Odyssey Ark G97NC S55CG97WNI;199999;4.63;17;55.0;3840x2160;3840;2160;VA;165;600;1000000;178;178;1000;1;1;2.0;1;1.4;0;0;0;2;1;0;0;1
136;2026-08-01 19:51:00;Samsung;Odyssey G3 G30D S24DG300EI;11499;4.82;190;24.0;1920x1080;1920;1080;VA;180;250;3000;178;178;;0;1;2.0;1;1.4;0;0;0;0;1;0;0;0
128;2026-08-01 19:51:00;Samsung;Odyssey G3 G30D S27DG300EI;13499;4.78;109;27.0;1920x1080;1920;1080;VA;180;250;3000;178;178;;0;1;2.0;1;1.4;0;0;0;0;1;0;0;0
250;2026-08-01 19:51:00;Samsung;Odyssey G3 G30D S32DG300EI;19999;4.82;190;32.0;1920x1080;1920;1080;VA;180;250;3000;178;178;;0;1;2.0;1;1.4;0;0;0;0;1;0;0;0
33;2026-08-01 19:51:00;Samsung;Odyssey G4 G40B S25BG400EI;17999;4.72;792;25.0;1920x1080;1920;1080;IPS;240;400;1000;178;178;;0;2;2.0;1;1.2;0;0;0;0;1;1;0;0
179;2026-08-01 19:51:00;Samsung;Odyssey G4 G40B S27BG400EI;23999;4.82;206;27.0;1920x1080;1920;1080;IPS;240;400;1000;178;178;;0;2;2.0;1;1.2;0;0;0;0;1;1;0;0
706;2026-08-01 19:51:00;Samsung;Odyssey G4 S27BG400EI;22199;4.7;0;27.0;1920x1080;1920;1080;IPS;240;400;1000;178;178;;0;2;2.0;1;1.2;0;0;0;0;1;0;0;0
313;2026-08-01 19:51:00;Samsung;Odyssey G5 G50D S27DG500EI;24999;4.56;207;27.0;2560x1440;2560;1440;IPS;180;350;1000;178;178;;0;1;;1;;0;0;0;0;1;0;0;0
63;2026-08-01 19:51:00;Samsung;Odyssey G5 G50F;25999;4.86;44;32.0;2560x1440;2560;1440;IPS;;240;1000;178;178;;0;1;2.0;1;1.2;0;0;0;0;1;1;0;0
94;2026-08-01 19:51:00;Samsung;Odyssey G5 G50F;19999;4.66;36;27.0;2560x1440;2560;1440;IPS;180;300;1000;178;178;;0;1;2.0;1;1.2;0;0;0;0;1;1;0;0
17;2026-08-01 19:51:00;Samsung;Odyssey G5 G50SF S27FG502SI;38999;4.86;456;27.0;2560x1440;2560;1440;OLED;180;200;1000000;178;178;;0;1;2.0;1;1.2;0;0;0;0;1;1;0;0
8;2026-08-01 19:51:00;Samsung;Odyssey G5 G53F S27FG532EI;19499;4.84;516;27.0;2560x1440;2560;1440;IPS;200;300;1000;178;178;;0;2;2.0;1;1.4;0;0;0;0;1;0;0;0
73;2026-08-01 19:51:00;Samsung;Odyssey G5 G55C S27CG550EI;16499;4.69;202;27.0;2560x1440;2560;1440;VA;165;300;2500;178;178;1000;1;1;2.0;1;1.2;0;0;0;0;1;0;0;0
149;2026-08-01 19:51:00;Samsung;Odyssey G5 G55C S32CG550EI;22999;4.69;198;31.5;2560x1440;2560;1440;VA;165;300;2500;178;178;1000;1;1;2.0;1;1.2;0;0;0;0;1;0;0;0
56;2026-08-01 19:51:00;Samsung;Odyssey G5 G55T C34G55TWWI;26699;4.64;936;34.0;3440x1440;3440;1440;VA;165;250;2500;178;178;1000;1;1;2.0;1;1.4;0;0;0;0;1;0;0;0
84;2026-08-01 19:51:00;Samsung;Odyssey G6 S27FG606EI;35999;4.7;164;27.0;2560x1440;2560;1440;IPS;350;350;1000;178;178;;0;1;2.1;1;1.4;0;0;0;0;1;1;0;0
312;2026-08-01 19:51:00;Samsung;Odyssey G7 G70D S32DG702EI;54299;4.56;47;32.0;3840x2160;3840;2160;IPS;144;350;1000;178;178;;0;2;2.1;1;1.4;0;0;0;2;1;1;0;1
291;2026-08-01 19:51:00;Samsung;Odyssey G7 G70F S27FG706EI;44799;4.86;26;27.0;3840x2160;3840;2160;IPS;180;350;1000;178;178;;0;2;2.1;1;1.4;0;0;0;2;1;1;0;0
350;2026-08-01 19:51:00;Samsung;Odyssey G7 G75F S37FG756EI;62999;4.65;39;37.0;3840x2160;3840;2160;VA;165;350;3000;178;178;1000;1;2;2.1;1;1.4;0;0;0;2;1;0;0;0
292;2026-08-01 19:51:00;Samsung;Odyssey G7 G75F S40FG756EI;77999;4.87;32;40.0;5120x2160;5120;2160;VA;180;350;3000;178;178;1000;1;2;2.1;1;1.4;0;0;0;2;1;0;0;0
728;2026-08-01 19:51:00;Samsung;Odyssey G7 S32BG700EI;64999;4.16;95;32.0;3840x2160;3840;2160;IPS;144;350;1000;178;178;;0;2;2.1;1;1.4;0;0;0;2;1;1;0;1
103;2026-08-01 19:51:00;Samsung;Odyssey G8 G85SD S34DG852SI;84999;4.87;160;34.0;3440x1440;3440;1440;OLED;175;250;1000000;178;178;1800;1;2;2.1;1;1.4;0;0;0;2;1;1;0;1
480;2026-08-01 19:51:00;Samsung;Odyssey G9 G91F S49FG916EI;91999;4.33;6;49.0;5120x1440;5120;1440;VA;144;350;2500;178;178;1000;1;2;2.1;1;1.4;0;0;0;2;1;0;0;0
462;2026-08-01 19:51:00;Samsung;Odyssey Neo G7 G75NB S32BG752NI;66999;4.65;121;32.0;3840x2160;3840;2160;VA;165;350;1000000;178;178;1000;1;2;2.1;1;1.4;0;0;0;2;1;0;0;0
426;2026-08-01 19:51:00;Samsung;Odyssey Neo G8 G85NB S32BG852NI;80999;4.63;133;32.0;3840x2160;3840;2160;VA;240;350;1000000;178;178;1000;1;2;2.1;1;1.4;0;0;0;2;1;0;0;0
457;2026-08-01 19:51:00;Samsung;Odyssey Neo G9 G95NC S57CG952NI;189999;4.44;53;57.0;7680x2160;7680;2160;VA;240;420;2500;178;178;1000;1;3;2.1;1;2.1;0;0;0;2;1;0;0;0
701;2026-08-01 19:51:00;Samsung;Odyssey Neo G9 S49AG950NI;149999;4.51;139;48.7;5120x1440;5120;1440;VA;240;420;1000000;178;178;1000;1;2;2.1;1;1.4;0;0;0;2;1;1;0;0
62;2026-08-01 19:51:00;Samsung;Odyssey OLED G6 G60SD S27DG600SI;59999;4.76;394;27.0;2560x1440;2560;1440;OLED;360;250;1000000;178;178;;0;2;2.1;1;1.4;0;0;0;2;1;0;0;0
111;2026-08-01 19:51:00;Samsung;Odyssey OLED G6 G61SD S27DG612SI;60499;4.8;323;27.0;2560x1440;2560;1440;OLED;240;250;1000000;178;178;;0;2;2.1;1;1.4;0;0;0;2;1;1;0;0
104;2026-08-01 19:51:00;Samsung;Odyssey OLED G6 S27FG602SI;74999;4.75;169;27.0;2560x1440;2560;1440;OLED;500;300;1000000;178;178;;0;2;2.1;1;1.4;0;0;0;2;1;1;0;0
509;2026-08-01 19:51:00;Samsung;Odyssey OLED G8 G80SD S32DG800SI;99999;4.72;122;31.5;3840x2160;3840;2160;OLED;240;250;1000000;178;178;;0;2;2.1;1;1.4;0;0;0;2;1;0;0;1
298;2026-08-01 19:51:00;Samsung;Odyssey OLED G8 G81SF S27FG812SI;84999;4.88;22;27.0;3840x2160;3840;2160;OLED;240;260;1000000;178;178;;0;2;2.1;1;1.4;0;0;0;2;1;1;0;0
167;2026-08-01 19:51:00;Samsung;Odyssey OLED G8 G81SF S32FG810SI;96499;4.96;50;32.0;3840x2160;3840;2160;OLED;240;260;1000000;178;178;;0;2;2.1;1;1.4;0;0;0;2;1;1;0;0
383;2026-08-01 19:51:00;Samsung;Odyssey OLED G8 G81SF S32FG812SI;96499;4.71;15;32.0;3840x2160;3840;2160;OLED;240;260;1000000;178;178;;0;2;2.1;1;1.4;0;0;0;2;1;1;0;0
300;2026-08-01 19:51:00;Samsung;Odyssey OLED G9 G91SD S49DG910SI;91999;4.84;70;49.0;5120x1440;5120;1440;OLED;144;250;1000000;178;178;1800;1;1;2.1;1;1.4;0;0;0;2;1;1;0;0
214;2026-08-01 19:51:00;Samsung;Odyssey OLED G9 G93SD S49DG932SI;99999;4.75;87;49.0;5120x1440;5120;1440;OLED;240;250;1000000;178;178;1800;1;1;2.1;1;1.4;0;0;0;2;1;1;0;0
770;2026-08-01 19:51:00;Samsung;Odyssey OLED G9 G95SC S49CG954SI;189999;4.86;21;49.0;5120x1440;5120;1440;OLED;240;250;1000000;178;178;1800;1;1;2.1;1;1.4;0;0;0;3;1;0;0;1
353;2026-08-01 19:51:00;Samsung;Odyssey OLED G9 G95SD S49DG952SI;109999;4.9;52;49.0;5120x1440;5120;1440;OLED;240;250;1000000;178;178;1800;1;1;2.1;1;1.4;0;0;0;2;1;1;0;1
132;2026-08-01 19:51:00;Samsung;S3 S30GD S24D300GAI;7799;4.61;99;24.0;1920x1080;1920;1080;IPS;100;250;1000;178;178;;0;1;1.4;0;;1;0;0;0;0;0;0;0
12;2026-08-01 19:51:00;Samsung;S3 S32GF S24F320GAI;8999;4.81;354;24.0;1920x1080;1920;1080;IPS;120;250;1000;178;178;;0;2;1.4;0;;0;0;0;0;0;0;0;0
163;2026-08-01 19:51:00;Samsung;S4 S40GD S24D400GAI;11899;4.64;62;24.0;1920x1080;1920;1080;IPS;100;250;1000;178;178;;0;2;1.4;1;1.2;0;0;0;2;0;0;0;0
61;2026-08-01 19:51:00;Samsung;S4 S40GD S27D400GAI;11799;4.74;44;27.0;1920x1080;1920;1080;IPS;100;250;1000;178;178;;0;2;1.4;1;1.2;0;0;0;2;0;0;0;0
561;2026-08-01 19:51:00;Samsung;Smart M8 M80F S32FM803UI UHD;44999;4.8;5;31.5;3840x2160;3840;2160;VA;60;300;3000;178;178;;0;1;2.0;0;;0;0;1;2;0;0;0;1
422;2026-08-01 19:51:00;Samsung;ViewFinity S5 S50GC S34C500GAI;32299;4.8;25;34.0;3440x1440;3440;1440;VA;100;300;3000;178;178;;0;2;2.0;1;1.2;0;0;0;0;1;0;0;0
302;2026-08-01 19:51:00;Samsung;ViewFinity S6 S60UD S27D604UAI;25799;4.66;79;27.0;2560x1440;2560;1440;IPS;100;350;1000;178;178;;0;1;2.0;1;1.4;0;0;1;3;0;0;0;0
140;2026-08-01 19:51:00;Samsung;ViewFinity S6 S61F S27F610EAI;17599;4.94;77;27.0;2560x1440;2560;1440;IPS;100;300;1000;178;178;;0;1;2.0;1;1.2;0;0;0;0;0;0;0;0
398;2026-08-01 19:51:00;Samsung;ViewFinity S7 S70D S27D700EAI;22999;4.71;36;27.0;3840x2160;3840;2160;IPS;60;350;1000;178;178;;0;1;2.0;1;1.2;0;0;0;0;0;0;0;0
640;2026-08-01 19:51:00;Samsung;ViewFinity S7 S70D S37D702EAI;42999;4.75;4;37.0;3840x2160;3840;2160;VA;60;350;3000;178;178;;0;2;2.1;1;1.4;0;0;0;0;0;0;0;0
598;2026-08-01 19:51:00;Samsung;ViewFinity S8 S80HF;47799;4.7;0;27.0;5120x2880;5120;2880;IPS;60;350;1000;178;178;;0;1;2.1;1;1.4;0;0;1;4;0;0;0;0
131;2026-08-01 19:51:00;Samsung;ViewFinity S8 S80UD S27D804UAI;28899;4.85;101;27.0;3840x2160;3840;2160;IPS;60;350;1000;178;178;;0;1;2.0;1;1.2;0;0;1;3;0;0;0;0
253;2026-08-01 19:51:00;Samsung;ViewFinity S8 S80UD S32D804UAI;30999;4.61;53;32.0;3840x2160;3840;2160;VA;60;350;3000;178;178;;0;1;2.0;1;1.2;0;0;1;3;0;0;0;0
323;2026-08-01 19:51:00;Samsung;ViewFinity S8 S80UD S37D802UAI;37299;4.86;37;37.0;3840x2160;3840;2160;VA;60;350;3000;178;178;;0;1;2.0;1;1.2;0;0;0;3;0;0;0;0
530;2026-08-01 19:51:00;Samsung;ViewFinity S90PC S27C902PAI;89999;4.36;60;27.0;5120x2880;5120;2880;IPS;60;600;1000;178;178;;0;0;;1;;0;0;1;0;0;0;0;1
59;2026-08-01 19:51:00;TCL;25G64;19999;4.76;607;24.5;1920x1080;1920;1080;IPS;300;600;1000;178;178;;0;2;2.1;1;1.4;0;0;0;0;1;1;0;0
334;2026-08-01 19:51:00;TCL;27C2A;38499;4.63;8;27.0;3840x2160;3840;2160;IPS;160;1200;1000;178;178;;0;2;2.1;1;1.4;0;0;0;0;1;1;1;0
121;2026-08-01 19:51:00;TCL;27G64;27799;4.82;451;27.0;2560x1440;2560;1440;VA;180;600;5000;178;178;;0;2;2.1;1;1.4;0;0;0;0;1;1;0;0
329;2026-08-01 19:51:00;TCL;27P2A PRO;30999;0.0;9;27.0;2560x1440;2560;1440;IPS;320;800;1000;178;178;;0;2;2.1;1;1.4;0;0;0;0;1;0;0;0
138;2026-08-01 19:51:00;TCL;27P3A;33299;4.65;33;27.0;2560x1440;2560;1440;IPS;260;1200;1000;178;178;;0;2;2.1;1;1.4;0;0;0;0;1;0;1;0
173;2026-08-01 19:51:00;TCL;32G64;34299;4.74;170;32.0;2560x1440;2560;1440;VA;180;600;3500;178;178;;0;2;2.1;1;1.4;0;0;0;0;1;1;0;0
319;2026-08-01 19:51:00;TCL;32R84;69999;4.93;15;31.5;3840x2160;3840;2160;VA;165;1400;4000;178;178;;0;2;2.1;1;1.4;0;0;1;4;1;1;1;0
436;2026-08-01 19:51:00;TCL;32X3A;94999;4.57;7;32.0;3840x2160;3840;2160;OLED;240;1300;1500000;178;178;;0;2;2.1;1;2.1;0;0;1;4;1;0;1;0
439;2026-08-01 19:51:00;Tecno;MegaView GT AXS34MK1;22599;4.86;50;34.0;3440x1440;3440;1440;VA;;;;;;1500;1;2;;0;;0;0;0;0;0;0;0;0
233;2026-08-01 19:51:00;Tecno;MegaView SE AXS24BC1;6999;4.88;43;23.8;1920x1080;1920;1080;IPS;100;320;1000;178;178;;0;1;2.0;0;;1;0;0;0;0;0;0;0
358;2026-08-01 19:51:00;Titan;Army C24A1G;9199;4.86;36;23.6;1920x1080;1920;1080;VA;180;300;3000;89;89;1500;1;2;2.0;2;1.4;0;0;0;0;0;0;1;0
589;2026-08-01 19:51:00;Titan;Army C27A1R;18599;0.0;17;27.0;2560x1440;2560;1440;VA;180;300;5000;178;178;1500;1;2;2.0;2;1.4;0;0;0;0;0;0;1;0
464;2026-08-01 19:51:00;Titan;Army C32A1R;19799;4.69;19;31.5;2560x1440;2560;1440;VA;180;300;3000;89;89;1500;1;2;2.0;2;1.4;0;0;0;0;0;0;1;0
727;2026-08-01 19:51:00;Titan;Army C34A1R;26799;4.6;5;34.0;3440x1440;3440;1440;VA;180;400;4000;89;89;1500;1;2;2.0;2;1.4;0;0;0;0;0;0;1;0
627;2026-08-01 19:51:00;Titan;Army C34CHR;23499;4.69;264;34.0;3440x1440;3440;1440;VA;165;350;3000;178;178;1500;1;2;2.1;2;1.4;0;0;0;0;0;0;1;0
327;2026-08-01 19:51:00;Titan;Army C40MQG;32499;4.71;176;38.5;2560x1440;2560;1440;VA;165;350;3000;178;178;3000;1;2;2.0;2;1.4;0;0;0;0;0;0;1;0
268;2026-08-01 19:51:00;Titan;Army N27SH2;12599;4.65;472;27.0;1920x1080;1920;1080;VA;240;300;3000;178;178;1500;1;2;1.4;2;1.2;0;0;0;0;0;0;1;0
450;2026-08-01 19:51:00;Titan;Army N27SQ PLUS;15999;4.6;441;27.0;2560x1440;2560;1440;VA;144;300;4000;178;178;1500;1;2;1.4;2;1.2;0;0;0;0;0;0;1;0
206;2026-08-01 19:51:00;Titan;Army N32SQ PLUS;19999;4.61;184;31.5;2560x1440;2560;1440;VA;144;300;3000;178;178;1500;1;2;1.4;2;1.2;0;0;0;0;0;0;1;0
446;2026-08-01 19:51:00;Titan;Army P23H2M;11299;4.43;268;23.3;2560x1080;2560;1080;VA;200;300;4000;178;178;;0;2;2.0;1;1.4;0;0;0;0;0;0;1;0
617;2026-08-01 19:51:00;Titan;Army P2410G;9599;4.72;89;23.8;1920x1080;1920;1080;IPS;180;320;1000;178;178;;0;1;2.0;1;1.4;0;0;0;0;0;0;1;0
147;2026-08-01 19:51:00;Titan;Army P2410R;14499;4.74;154;23.8;2560x1440;2560;1440;IPS;180;350;1000;178;178;2410;1;2;2.0;2;1.4;0;0;0;0;0;0;1;0
460;2026-08-01 19:51:00;Titan;Army P24H2G;9599;4.67;442;23.8;1920x1080;1920;1080;VA;165;300;4000;178;178;;0;1;1.4;1;1.2;0;0;0;0;0;0;1;0
545;2026-08-01 19:51:00;Titan;Army P24H3G;11299;4.78;467;23.6;1920x1080;1920;1080;VA;180;250;3000;178;178;1500;1;2;2.1;1;1.4;0;0;0;0;0;0;1;0
223;2026-08-01 19:51:00;Titan;Army P2510G;9599;4.88;48;24.5;1920x1080;1920;1080;IPS;200;350;1000;178;178;;0;1;2.0;1;1.4;0;0;0;0;1;0;0;0
306;2026-08-01 19:51:00;Titan;Army P2510S;16899;4.65;191;24.5;2560x1440;2560;1440;IPS;240;300;1000;178;178;;0;2;2.0;2;1.4;0;0;0;0;1;0;0;0
766;2026-08-01 19:51:00;Titan;Army P25A2K;22999;2.73;135;24.5;1920x1080;1920;1080;IPS;360;350;1000;178;178;;0;2;2.0;2;1.4;0;0;0;0;0;0;1;0
523;2026-08-01 19:51:00;Titan;Army P2710G;11199;4.8;25;27.0;1920x1080;1920;1080;VA;180;300;4000;178;178;;0;1;2.0;1;1.4;0;0;0;0;0;0;1;0
218;2026-08-01 19:51:00;Titan;Army P2710H;12199;4.8;145;27.0;1920x1080;1920;1080;IPS;240;350;1000;178;178;;0;1;2.0;1;1.4;0;0;0;0;0;0;1;0
580;2026-08-01 19:51:00;Titan;Army P2710R;18199;4.8;20;27.0;2560x1440;2560;1440;IPS;180;320;1000;178;178;2710;1;2;2.0;2;1.4;0;0;0;0;0;0;1;0
563;2026-08-01 19:51:00;Titan;Army P275MV;36299;4.23;22;27.0;3840x2160;3840;2160;IPS;160;450;1000;178;178;;0;2;2.1;1;1.4;0;0;1;2;0;0;1;0
226;2026-08-01 19:51:00;Titan;Army P27A2R;15999;4.72;975;27.0;2560x1440;2560;1440;IPS;200;300;1000;178;178;2;1;2;2.0;2;1.4;0;0;0;0;0;0;1;0
543;2026-08-01 19:51:00;Titan;Army P27A2R;20199;4.72;975;27.0;2560x1440;2560;1440;IPS;180;300;1000;178;178;2;1;2;2.0;2;1.4;0;0;0;0;0;0;1;0
621;2026-08-01 19:51:00;Titan;Army P27A2V;33999;4.78;89;27.0;3840x2160;3840;2160;IPS;160;300;1000;178;178;;0;2;2.1;1;1.4;0;0;1;2;0;0;1;0
656;2026-08-01 19:51:00;Titan;Army P27A6V;57299;4.66;78;27.0;3840x2160;3840;2160;IPS;160;1000;1000;178;178;;0;2;2.1;1;1.4;0;0;1;0;0;0;1;0
363;2026-08-01 19:51:00;Titan;Army P27H2G;11299;4.76;607;27.0;1920x1080;1920;1080;VA;165;300;4000;178;178;;0;1;1.4;1;1.2;0;0;0;0;0;0;1;0
483;2026-08-01 19:51:00;Titan;Army P40UG;37299;4.53;259;40.0;3440x1440;3440;1440;IPS;144;350;1200;178;178;;0;2;2.0;1;1.4;0;0;1;0;0;0;1;0
42;2026-08-01 19:51:00;Xiaomi;2K Monitor A27Qi;14999;4.87;455;27.0;2560x1440;2560;1440;IPS;100;250;1000;178;178;;0;1;2.0;1;1.4;0;0;0;0;0;0;0;0
165;2026-08-01 19:51:00;Xiaomi;4K Monitor A27Ui;25699;4.88;67;27.0;3840x2160;3840;2160;IPS;60;360;1200;178;178;;0;2;2.0;1;1.4;0;0;1;2;0;0;0;0
231;2026-08-01 19:51:00;Xiaomi;A22i;7199;4.78;131;21.45;1920x1080;1920;1080;VA;75;250;3000;178;178;;0;1;1.4;0;;1;0;0;0;0;0;0;0
5;2026-08-01 19:51:00;Xiaomi;A24i;8399;4.84;934;23.8;1920x1080;1920;1080;IPS;100;250;1000;178;178;;0;1;1.4;1;1.2;0;0;0;0;0;0;0;0
49;2026-08-01 19:51:00;Xiaomi;A24i 2026;7899;4.8;60;23.8;1920x1080;1920;1080;IPS;144;300;1500;178;178;;0;1;2.0;1;1.4;0;0;0;0;0;0;0;0
25;2026-08-01 19:51:00;Xiaomi;A27Qi 2026;12899;4.98;59;27.0;2560x1440;2560;1440;IPS;120;300;1300;178;178;;0;1;2.0;1;1.4;0;0;0;0;0;0;0;0
13;2026-08-01 19:51:00;Xiaomi;A27i;9999;4.85;563;27.0;1920x1080;1920;1080;IPS;100;250;1000;178;178;;0;1;2.0;1;1.2;0;0;0;0;0;0;0;0
90;2026-08-01 19:51:00;Xiaomi;Curved Gaming Monitor G34WQi 2026;27699;4.94;16;34.0;3440x1440;3440;1440;VA;180;350;4000;178;178;1500;1;2;2.0;2;1.4;0;0;0;0;1;0;0;0
382;2026-08-01 19:51:00;Xiaomi;G Pro 27Qi;30999;4.38;9;27.0;2560x1440;2560;1440;IPS;180;2000;1000;178;178;;0;2;2.0;2;1.4;0;0;0;0;1;0;1;0
11;2026-08-01 19:51:00;Xiaomi;G24i 2026;11299;4.84;563;23.8;1920x1080;1920;1080;IPS;200;400;1000;178;178;;0;1;2.0;1;1.4;0;0;0;0;1;1;0;0
4;2026-08-01 19:51:00;Xiaomi;G27Qi 2026;16699;4.81;284;27.0;2560x1440;2560;1440;IPS;200;400;1000;178;178;;0;2;2.0;2;1.4;0;0;0;0;1;0;0;0
55;2026-08-01 19:51:00;Xiaomi;G27i 2026;12199;4.87;217;27.0;1920x1080;1920;1080;IPS;200;400;1000;178;178;;0;1;2.0;1;1.4;0;0;0;0;1;1;0;0
91;2026-08-01 19:51:00;Xiaomi;G27i 2026;12399;4.87;217;27.0;1920x1080;1920;1080;IPS;200;400;1000;178;178;;0;1;2.0;1;1.4;0;0;0;0;1;0;0;0
261;2026-08-01 19:51:00;Xiaomi;Mini LED Gaming Monitor G Pro 27i;27799;4.58;193;27.0;2560x1440;2560;1440;IPS;180;1000;1000;178;178;;0;2;2.0;2;1.4;0;0;0;0;1;0;0;0
148;2026-08-01 19:51:00;iFFALCON;R24Q51;7999;4.88;52;24.0;1920x1080;1920;1080;VA;100;450;1500;178;178;;0;1;1.4;0;;1;0;0;0;0;0;0;0
125;2026-08-01 19:51:00;iFFALCON;R25Q51;9999;4.91;115;24.5;1920x1080;1920;1080;IPS;144;450;1500;178;178;;0;1;1.4;0;;1;0;0;0;0;0;0;0
